term,class,first_attested_year,control_term,rationale
radar,C1,1940,echo sounding,US Navy acronym coinage 1940
genocide,C1,1944,massacre,coined by Lemkin 1944
napalm,C1,1942,incendiary,Harvard/CWS coinage 1942
kamikaze,C1,1945,suicide attack,entered English 1945
jeep,C1,1941,scout car,US Army slang 1941
Quisling,C1,1940,traitor,eponym from April 1940
atomic bomb,C2,1945,high explosive,compositional from pre-1939 lexicon
jet engine,C2,1941,turbine engine,compositional
guided missile,C2,1944,rocket,compositional
blackout curtain,C2,1939,window blind,compositional
blitz,C3,1940,bombardment,lightning -> bombing raid
resistance,C3,1940,opposition,political sense shift
collaboration,C3,1940,cooperation,neutral -> working with occupier
liberation,C3,1944,relief,wartime sense
occupation,C3,1940,garrison,wartime sense
D-Day,C3,1944,zero hour,generic jargon -> one specific day
Pearl Harbor,C4,1941,Scapa Flow,naval base -> attack
Hiroshima,C4,1945,Nagoya,city -> bomb
Dunkirk,C4,1940,Calais,port -> evacuation
Normandy,C4,1944,Brittany,region -> landings
Auschwitz,C4,1942,Krakow,town -> camp
Vichy,C4,1940,Bordeaux,spa town -> regime
Yalta,C4,1945,Sochi,resort -> conference
