# americana_ia: archive.org djvu.txt, query 'identifier:encyclopediaamer*unse AND date:[1918 TO 1922]', window 1918-01-01..1922-12-31; built 2026-10-06 by src.data.ia_catalog
key	url	bytes	checksum
encyclopediaamer01unse	https://archive.org/download/encyclopediaamer01unse/encyclopediaamer01unse_djvu.txt	?	-
encyclopediaamer02unse	https://archive.org/download/encyclopediaamer02unse/encyclopediaamer02unse_djvu.txt	?	-
encyclopediaamer03unse	https://archive.org/download/encyclopediaamer03unse/encyclopediaamer03unse_djvu.txt	?	-
encyclopediaamer04unse	https://archive.org/download/encyclopediaamer04unse/encyclopediaamer04unse_djvu.txt	?	-
encyclopediaamer05unse	https://archive.org/download/encyclopediaamer05unse/encyclopediaamer05unse_djvu.txt	?	-
encyclopediaamer06unse	https://archive.org/download/encyclopediaamer06unse/encyclopediaamer06unse_djvu.txt	?	-
encyclopediaamer07unse	https://archive.org/download/encyclopediaamer07unse/encyclopediaamer07unse_djvu.txt	?	-
encyclopediaamer08unse	https://archive.org/download/encyclopediaamer08unse/encyclopediaamer08unse_djvu.txt	?	-
encyclopediaamer09unse	https://archive.org/download/encyclopediaamer09unse/encyclopediaamer09unse_djvu.txt	?	-
encyclopediaamer10unse	https://archive.org/download/encyclopediaamer10unse/encyclopediaamer10unse_djvu.txt	?	-
encyclopediaamer11unse	https://archive.org/download/encyclopediaamer11unse/encyclopediaamer11unse_djvu.txt	?	-
encyclopediaamer12unse	https://archive.org/download/encyclopediaamer12unse/encyclopediaamer12unse_djvu.txt	?	-
encyclopediaamer13unse	https://archive.org/download/encyclopediaamer13unse/encyclopediaamer13unse_djvu.txt	?	-
encyclopediaamer14unse	https://archive.org/download/encyclopediaamer14unse/encyclopediaamer14unse_djvu.txt	?	-
encyclopediaamer15unse	https://archive.org/download/encyclopediaamer15unse/encyclopediaamer15unse_djvu.txt	?	-
encyclopediaamer16unse	https://archive.org/download/encyclopediaamer16unse/encyclopediaamer16unse_djvu.txt	?	-
encyclopediaamer17unse	https://archive.org/download/encyclopediaamer17unse/encyclopediaamer17unse_djvu.txt	?	-
encyclopediaamer18unse	https://archive.org/download/encyclopediaamer18unse/encyclopediaamer18unse_djvu.txt	?	-
encyclopediaamer19unse	https://archive.org/download/encyclopediaamer19unse/encyclopediaamer19unse_djvu.txt	?	-
encyclopediaamer20unse	https://archive.org/download/encyclopediaamer20unse/encyclopediaamer20unse_djvu.txt	?	-
encyclopediaamer21unse	https://archive.org/download/encyclopediaamer21unse/encyclopediaamer21unse_djvu.txt	?	-
encyclopediaamer22unse	https://archive.org/download/encyclopediaamer22unse/encyclopediaamer22unse_djvu.txt	?	-
encyclopediaamer23unse	https://archive.org/download/encyclopediaamer23unse/encyclopediaamer23unse_djvu.txt	?	-
encyclopediaamer24unse	https://archive.org/download/encyclopediaamer24unse/encyclopediaamer24unse_djvu.txt	?	-
encyclopediaamer25unse	https://archive.org/download/encyclopediaamer25unse/encyclopediaamer25unse_djvu.txt	?	-
encyclopediaamer26unse	https://archive.org/download/encyclopediaamer26unse/encyclopediaamer26unse_djvu.txt	?	-
encyclopediaamer27unse	https://archive.org/download/encyclopediaamer27unse/encyclopediaamer27unse_djvu.txt	?	-
encyclopediaamer28unse	https://archive.org/download/encyclopediaamer28unse/encyclopediaamer28unse_djvu.txt	?	-
encyclopediaamer29unse	https://archive.org/download/encyclopediaamer29unse/encyclopediaamer29unse_djvu.txt	?	-
encyclopediaamer30unse	https://archive.org/download/encyclopediaamer30unse/encyclopediaamer30unse_djvu.txt	?	-
