key	date	precision	year	volume	title	language
bstj1-1-1	1922-07-01	day	1922		BSTJ 1: 1. July 1922: Foreword.	eng
bstj1-1-116	1922-07-01	day	1922		BSTJ 1: 1. July 1922: Analysis of the Energy Distribution in Speech. (Crandall, I.B.; MacKenzie, D.)	eng
bstj1-1-129	1922-07-01	day	1922		BSTJ 1: 1. July 1922: The Nature of Speech and Its Interpretation. (Fletcher, Harvey)	eng
bstj1-1-145	1922-07-01	day	1922		BSTJ 1: 1. July 1922: Contributors to This Issue.	eng
bstj1-1-18	1922-07-01	day	1922		BSTJ 1: 1. July 1922: Direct Capacity Measurement. (Campbell, George A.)	eng
bstj1-1-39	1922-07-01	day	1922		BSTJ 1: 1. July 1922: The Relation of the Petersen System of Grounding Power Networks to Inductive Effects in Neighboring Communication Circuits. (Trueblood, H.M.)	eng
bstj1-1-4	1922-07-01	day	1922		BSTJ 1: 1. July 1922: A New Type of High Power Vacuum Tube. (Wilson, W.)	eng
bstj1-1-60	1922-07-01	day	1922		BSTJ 1: 1. July 1922: Philadelphia-Pittsburgh Section of the New York-Chicago Cable. (Pilliod, James J.)	eng
bstj1-1-88	1922-07-01	day	1922		BSTJ 1: 1. July 1922: Transmission Characteristics of the Submarine Cable. (Carson, John R.; Gilbert, J.J.)	eng
bstj1-2-1	1922-11-01	day	1922		BSTJ 1: 2. November 1922: Physical Theory of the Electric Wave-Filter. (Campbell, George A.)	eng
bstj1-2-110	1922-11-01	day	1922		BSTJ 1: 2. November 1922: Power Losses in Insulating Materials. (Hoch, E.T.)	eng
bstj1-2-117	1922-11-01	day	1922		BSTJ 1: 2. November 1922: Application to Radio of Wire Transmission Engineering. (Espenschied, Lloyd)	eng
bstj1-2-142	1922-11-01	day	1922		BSTJ 1: 2. November 1922: A Low Voltage Cathode Ray Oscillograph. (Johnson, J.B.)	eng
bstj1-2-152	1922-11-01	day	1922		BSTJ 1: 2. November 1922: Contributors to this Issue.	eng
bstj1-2-33	1922-11-01	day	1922		BSTJ 1: 2. November 1922: The Binaural Location of Complex Sounds. (Hartley, R.V.L.; Fry, Thornton C.)	eng
bstj1-2-43	1922-11-01	day	1922		BSTJ 1: 2. November 1922: The Heaviside Operational Calculus. (Carson, John R.)	eng
bstj1-2-56	1922-11-01	day	1922		BSTJ 1: 2. November 1922: The Physical Characteristics of Audition and Dynamical Analysis of the External Ear. (Wegel, R.L.)	eng
bstj1-2-69	1922-11-01	day	1922		BSTJ 1: 2. November 1922: The Theory of Probabilities Applied to Telephone Trunking Problems. (Molina, Edward C.)	eng
bstj1-2-82	1922-11-01	day	1922		BSTJ 1: 2. November 1922: The Relation Between Rents and Incomes, and the Distribution of Rental Values. (Helmle, W.C.)	eng
bstj11-1-1	1932-01-01	year	1932		BSTJ 11: 1. January 1932: The Cathode Ray Oscillograph. (Johnson, J.B.)	eng
bstj11-1-101	1932-01-01	year	1932		BSTJ 11: 1. January 1932: Some Physical Properties of Wiping Solders. (McLean, D.A.; Peek, R.L., Jr.; Schumacher, E.E.)	eng
bstj11-1-126	1932-01-01	year	1932		BSTJ 11: 1. January 1932: Regeneration Theory. (Nyquist, H.)	eng
bstj11-1-148	1932-01-01	year	1932		BSTJ 11: 1. January 1932: Contemporary Advances in Physics, XXIII - Data and Nature of Cosmic Rays. (Darrow, Karl K.)	eng
bstj11-1-185	1932-01-01	year	1932		BSTJ 11: 1. January 1932: Abstracts of Technical Articles from Bell System Sources.	eng
bstj11-1-195	1932-01-01	year	1932		BSTJ 11: 1. January 1932: Contributors to this Issue.	eng
bstj11-1-28	1932-01-01	year	1932		BSTJ 11: 1. January 1932: The Operation of Vacuum Tubes as Class B and Class C Amplifiers. (Fay, C.E.)	eng
bstj11-1-53	1932-01-01	year	1932		BSTJ 11: 1. January 1932: The Time Factor in Telephone Transmission. (Blackwell, O.B.)	eng
bstj11-1-67	1932-01-01	year	1932		BSTJ 11: 1. January 1932: Constant Frequency Oscillators. (Llewellyn, F.B.)	eng
bstj11-2-197	1932-04-01	day	1932		BSTJ 11: 2. April 1932: A New Key West-Havana Carrier Telephone Cable. (Affel, H.A.; Gorton, W.S.; Chesnut, R.W.)	eng
bstj11-2-213	1932-04-01	day	1932		BSTJ 11: 2. April 1932: Cellulose Acetate Treatment for Textile Insulation - Engineering Development. (Wood, E.B.; Brobst, D.R.)	eng
bstj11-2-231	1932-04-01	day	1932		BSTJ 11: 2. April 1932: Cellulose Acetate Treatment for Textile Insulation - Development of the Manufacturing Process. (Avery, C.R.; Kress, H.)	eng
bstj11-2-245	1932-04-01	day	1932		BSTJ 11: 2. April 1932: The Development of a Handset for Telephone Stations. (Jones, W.C.; Inglis, A.H.)	eng
bstj11-2-264	1932-04-01	day	1932		BSTJ 11: 2. April 1932: Precision Methods Used in Constructing Electric Wave Filters for Carrier Systems. (Harris, G.R.)	eng
bstj11-2-283	1932-04-01	day	1932		BSTJ 11: 2. April 1932: Cathode Sputtering - A Commercial Application. (Fruth, Hal F.)	eng
bstj11-2-293	1932-04-01	day	1932		BSTJ 11: 2. April 1932: A Voice and Ear for Telephone Measurements. (Inglis, A.H.; Gray, C.H.G.; Jenkins, R.T.)	eng
bstj11-2-318	1932-04-01	day	1932		BSTJ 11: 2. April 1932: Abstracts of Technical Articles from Bell System Sources.	eng
bstj11-2-324	1932-04-01	day	1932		BSTJ 11: 2. April 1932: Contributors to this Issue.	eng
bstj11-3-327	1932-07-01	day	1932		BSTJ 11: 3. July 1932: Henry as an Electrical Pioneer. (Gherardi, Bancroft)	eng
bstj11-3-334	1932-07-01	day	1932		BSTJ 11: 3. July 1932: The Caesium-Oxygen-Silver Photoelectric Cell. (Prescott, C.J., Jr.; Kelly, M.J.)	eng
bstj11-3-368	1932-07-01	day	1932		BSTJ 11: 3. July 1932: Two-Way Radio Telephone Circuits. (Wright, S.B.; Mitchell, D.)	eng
bstj11-3-383	1932-07-01	day	1932		BSTJ 11: 3. July 1932: Magnet Steels and Permanent Magnets - Relationships Among Their Magnetic Properties. (Scott, K.L.)	eng
bstj11-3-402	1932-07-01	day	1932		BSTJ 11: 3. July 1932: A Method of Measuring Acoustic Impedance. (Flanders, P.B.)	eng
bstj11-3-411	1932-07-01	day	1932		BSTJ 11: 3. July 1932: Transmission Lines for Short-Wave Radio Systems. (Sterba, E.J.; Feldman, C.B.)	eng
bstj11-3-451	1932-07-01	day	1932		BSTJ 11: 3. July 1932: An Efficient Miniature Condenser Microphone System. (Harrison, H.C.; Flanders, P.B.)	eng
bstj11-3-462	1932-07-01	day	1932		BSTJ 11: 3. July 1932: Wire Communication Aids to Air Transportation. (Nance, H.H.)	eng
bstj11-3-477	1932-07-01	day	1932		BSTJ 11: 3. July 1932: Abstracts of Technical Articles from Bell System Sources.	eng
bstj11-3-482	1932-07-01	day	1932		BSTJ 11: 3. July 1932: Contributors to this Issue.	eng
bstj11-4-485	1932-10-01	day	1932		BSTJ 11: 4. October 1932: World-Wide Telephony - Its Problems and Future. (Gherardi, Bancroft; Jewett, Frank B.)	eng
bstj11-4-520	1932-10-01	day	1932		BSTJ 11: 4. October 1932: Long Distance Telephone Circuits in Cable. (Clark, A.B.; Osborne, H.S.)	eng
bstj11-4-546	1932-10-01	day	1932		BSTJ 11: 4. October 1932: The Conception and Demonstration of Electron Waves. (Davisson, C.J.)	eng
bstj11-4-563	1932-10-01	day	1932		BSTJ 11: 4. October 1932: An Expansion for Laplacian Integrals in Terms of Incomplete Gamma Functions, and Some Applications. (Molina, Edward C.)	eng
bstj11-4-576	1932-10-01	day	1932		BSTJ 11: 4. October 1932: Contemporary Advances in Physics, XXIV - High-Frequency Phenomena in Gases, First Part. (Darrow, Karl K.)	eng
bstj11-4-608	1932-10-01	day	1932		BSTJ 11: 4. October 1932: Transformer Coupling Circuits for High-Frequency Amplifiers. (Christopher, A.J.)	eng
bstj11-4-622	1932-10-01	day	1932		BSTJ 11: 4. October 1932: Abstracts of Technical Articles from Bell System Sources.	eng
bstj11-4-629	1932-10-01	day	1932		BSTJ 11: 4. October 1932: Contributors to this Issue.	eng
bstj12-1-1	1933-01-01	year	1933		BSTJ 12: 1. January 1933: Pulp Insulation for Telephone Cables. (Walker, H.G.; Ford, L.S.)	eng
bstj12-1-119	1933-01-01	year	1933		BSTJ 12: 1. January 1933: Abstracts of Technical Articles from Bell System Sources.	eng
bstj12-1-123	1933-01-01	year	1933		BSTJ 12: 1. January 1933: Contributors to this Issue.	eng
bstj12-1-22	1933-01-01	year	1933		BSTJ 12: 1. January 1933: A Recording Transmission Measuring System for Telephone Circuit Testing. (Best, F.H.)	eng
bstj12-1-35	1933-01-01	year	1933		BSTJ 12: 1. January 1933: Probability Theory and Telephone Transmission Engineering. (Hoyt, Ray S.)	eng
bstj12-1-76	1933-01-01	year	1933		BSTJ 12: 1. January 1933: An Oscillograph for Ten Thousand Cycles. (Curtis, A.M.)	eng
bstj12-1-91	1933-01-01	year	1933		BSTJ 12: 1. January 1933: Contemporary Advances in Physics, XXV, High-Frequency Phenomena in Gases, Second Part. (Darrow, Karl K.)	eng
bstj12-2-125	1933-04-01	day	1933		BSTJ 12: 2. April 1933: Ultra-Short Wave Propagation. (Schelleng, J.C.; Burrows, C.R.; Ferrell, E.B.)	eng
bstj12-2-162	1933-04-01	day	1933		BSTJ 12: 2. April 1933: Mutual Impedance of Grounded Wires for Horizontally Stratified Two-Layer Earth. (Riordan, John; Sunde, Erling D.)	eng
bstj12-2-178	1933-04-01	day	1933		BSTJ 12: 2. April 1933: Some Theoretical and Practical Aspects of Gases in Metals. (Scaff, J.H.; Schumacher, E.E.)	eng
bstj12-2-197	1933-04-01	day	1933		BSTJ 12: 2. April 1933: Some Results of a Study of Ultra-Short-Wave Transmission Phenomena. (Englund, C.R.; Crawford, A.B.; Mumford, W.W.)	eng
bstj12-2-228	1933-04-01	day	1933		BSTJ 12: 2. April 1933: New Results in the Calculation of Modulation Products. (Bennett, W.R.)	eng
bstj12-2-244	1933-04-01	day	1933		BSTJ 12: 2. April 1933: Abstracts of Technical Articles from Bell System Sources.	eng
bstj12-2-248	1933-04-01	day	1933		BSTJ 12: 2. April 1933: Contributors to This Issue.	eng
bstj12-3-251	1933-07-01	day	1933		BSTJ 12: 3. July 1933: Carrier in Cable. (Clark, A.B.; Kendall, B.W.)	eng
bstj12-3-264	1933-07-01	day	1933		BSTJ 12: 3. July 1933: Mutual Impedance of Grounded Wires Lying On or Above the Surface of the Earth. (Foster, Ronald M.)	eng
bstj12-3-288	1933-07-01	day	1933		BSTJ 12: 3. July 1933: Contemporary Advances in Physics, XXVI, The Nucleus, First Part. (Darrow, Karl K.)	eng
bstj12-3-331	1933-07-01	day	1933		BSTJ 12: 3. July 1933: A System of Effective Transmission Data for Rating Telephone Circuits. (McKown, F.W.; Emling, J.W.)	eng
bstj12-3-347	1933-07-01	day	1933		BSTJ 12: 3. July 1933: Developments in the Application of Articulation Testing. (Castner, T.G.; Carter, C.W., Jr.)	eng
bstj12-3-371	1933-07-01	day	1933		BSTJ 12: 3. July 1933: Abstracts of Technical Articles from Bell System Sources.	eng
bstj12-3-375	1933-07-01	day	1933		BSTJ 12: 3. July 1933: Contributors to this Issue.	eng
bstj12-4-377	1933-10-01	day	1933		BSTJ 12: 4. October 1933: Loudness, Its Definition, Measurement and Calculation. (Fletcher, Harvey; Munson, W.A.)	eng
bstj12-4-431	1933-10-01	day	1933		BSTJ 12: 4. October 1933: Effect of Atmospheric Humidity and Temperature on the Relation Between Moisture Content and Electrical Conductivity of Cotton. (Walker, Albert C.)	eng
bstj12-4-452	1933-10-01	day	1933		BSTJ 12: 4. October 1933: Classification of Bridge Methods of Measuring Impedances. (Ferguson, John G.)	eng
bstj12-4-469	1933-10-01	day	1933		BSTJ 12: 4. October 1933: Some Theoretical and Practical Aspects of Noise Induction. (Davis, R.F.; Huntley, H.R.)	eng
bstj12-4-498	1933-10-01	day	1933		BSTJ 12: 4. October 1933: Audio Frequency Atmospherics. (Burton, E.T.; Boardman, E.M.)	eng
bstj12-4-517	1933-10-01	day	1933		BSTJ 12: 4. October 1933: Certain Factors Limiting the Volume Efficiency of Repeatered Telephone Circuits. (Abraham, Leonard Gladstone)	eng
bstj12-4-533	1933-10-01	day	1933		BSTJ 12: 4. October 1933: Abstracts of Technical Articles from Bell System Sources.	eng
bstj12-4-538	1933-10-01	day	1933		BSTJ 12: 4. October 1933: Contributors to this Issue.	eng
bstj13-1-1	1934-01-01	year	1934		BSTJ 13: 1. January 1934: Stabilized Feedback Amplifiers. (Black, H.S.)	eng
bstj13-1-102	1934-01-01	year	1934		BSTJ 13: 1. January 1934: Contemporary Advances in Physics, XXVII The Nucleus, Second Part. (Darrow, Karl K.)	eng
bstj13-1-159	1934-01-01	year	1934		BSTJ 13: 1. January 1934: Abstracts of Technical Articles from Bell System Sources.	eng
bstj13-1-161	1934-01-01	year	1934		BSTJ 13: 1. January 1934: Contributors to this Issue.	eng
bstj13-1-19	1934-01-01	year	1934		BSTJ 13: 1. January 1934: Open-Wire Crosstalk. (Chapman, A.G.)	eng
bstj13-1-59	1934-01-01	year	1934		BSTJ 13: 1. January 1934: Vacuum Tube Electronics at Ultra-high Frequencies. (Llewellyn, F.B.)	eng
bstj13-2-163	1934-04-01	day	1934		BSTJ 13: 2. April 1934: The Carbon Microphone: An Account of Some Researches Bearing on Its Action. (Goucher, F.S.)	eng
bstj13-2-195	1934-04-01	day	1934		BSTJ 13: 2. April 1934: Open-Wire Crosstalk. (Chapman, A.G.)	eng
bstj13-2-239	1934-04-01	day	1934		BSTJ 13: 2. April 1934: Symposium on Wire Transmission of Symphonic Music and Its Reproduction in Auditory Perspective, Basic Requirements. (Fletcher, Harvey)	eng
bstj13-2-245	1934-04-01	day	1934		BSTJ 13: 2. April 1934: Physical Factors, Symposium on Wire Transmission of Symphonic Music and Its Reproduction in Auditory Perspective. (Steinberg, J.C.; Snow, W.B.)	eng
bstj13-2-259	1934-04-01	day	1934		BSTJ 13: 2. April 1934: Loud Speakers and Microphones, Symposium on Wire Transmission of Symphonic Music and Its Reproduction in Auditory Perspective. (Wente, E.C.; Thuras, A.L.)	eng
bstj13-2-278	1934-04-01	day	1934		BSTJ 13: 2. April 1934: Reproduction in Auditory Perspective. (Fletcher, Harvey 245-258)	eng
bstj13-2-285	1934-04-01	day	1934		BSTJ 13: 2. April 1934: Transmission Lines, Symposium on Wire Transmission of Symphonic Music and Its Reproduction in Auditory Perspective. (Affel, H.A.; Chesnut, R.W.; Mills, R.H.)	eng
bstj13-2-301	1934-04-01	day	1934		BSTJ 13: 2. April 1934: System Adaptation, Symposium on Wire Transmission of Symphonic Music and Its Reproduction in Auditory Perspective. (Bedell, E.H.; Kerney, Iden)	eng
bstj13-2-309	1934-04-01	day	1934		BSTJ 13: 2. April 1934: Abstracts of Technical Articles from Bell System Sources.	eng
bstj13-2-313	1934-04-01	day	1934		BSTJ 13: 2. April 1934: Contributors to this Issue.	eng
bstj13-3-315	1934-07-01	day	1934		BSTJ 13: 3. July 1934: The Compandor - An Aid Against Static in Radio Telephony. (Mathes, R.C.; Wright, S.B.)	eng
bstj13-3-333	1934-07-01	day	1934		BSTJ 13: 3. July 1934: The Effect of Background Noise in Shared Channel Broadcasting. (Aiken, C.B.)	eng
bstj13-3-351	1934-07-01	day	1934		BSTJ 13: 3. July 1934: Wide-Band Open-Wire Program System. (Hamilton, H.S.)	eng
bstj13-3-382	1934-07-01	day	1934		BSTJ 13: 3. July 1934: Line Filter for Program System. (Clement, A.W.)	eng
bstj13-3-391	1934-07-01	day	1934		BSTJ 13: 3. July 1934: Contemporary Advances in Physics, XXVIII - The Nucleus, Third Part. (Darrow, Karl K.)	eng
bstj13-3-405	1934-07-01	day	1934		BSTJ 13: 3. July 1934: Electrical Wave Filters Employing Quartz Crystals as Elements. (Mason, W.P.)	eng
bstj13-3-453	1934-07-01	day	1934		BSTJ 13: 3. July 1934: Some Improvements in Quartz Crystal Circuit Elements. (Lack, F.R.; Willard, G.W.; Fair, I.E.)	eng
bstj13-3-464	1934-07-01	day	1934		BSTJ 13: 3. July 1934: A Theory of Scanning and Its Relation to the Characteristics of the Transmitted Signal in Telephotography and Television. (Mertz, Pierre; Gray, Frank)	eng
bstj13-3-516	1934-07-01	day	1934		BSTJ 13: 3. July 1934: Abstracts of Technical Articles from Bell System Sources.	eng
bstj13-3-520	1934-07-01	day	1934		BSTJ 13: 3. July 1934: Contributors to this Issue.	eng
bstj13-4-523	1934-10-01	day	1934		BSTJ 13: 4. October 1934: An Extension of the Theory of Three-Electrode Vacuum Tube Circuits. (Levin, S.A.; Peterson, Liss C.)	eng
bstj13-4-532	1934-10-01	day	1934		BSTJ 13: 4. October 1934: The Electromagnetic Theory of Coaxial Transmission Lines and Cylindrical Shields. (Schelkunoff, S.A.)	eng
bstj13-4-580	1934-10-01	day	1934		BSTJ 13: 4. October 1934: Contemporary Advances in Physics, XXVIII - The Nucleus, Third Part. (Darrow, Karl K.)	eng
bstj13-4-614	1934-10-01	day	1934		BSTJ 13: 4. October 1934: The Measurement and Reduction of Microphonic Noise in Vacuum Tubes. (Penick, D.B.)	eng
bstj13-4-634	1934-10-01	day	1934		BSTJ 13: 4. October 1934: Fluctuation Noise in Vacuum Tubes. (Pearson, G.L.)	eng
bstj13-4-654	1934-10-01	day	1934		BSTJ 13: 4. October 1934: Systems for Wide-Band Transmission Over Coaxial Lines. (Espenschied, L.; Strieby, M.E.)	eng
bstj13-4-680	1934-10-01	day	1934		BSTJ 13: 4. October 1934: Regeneration Theory and Experiment. (Peterson, E.; Kreer, J.G.; Ware, L.A.)	eng
bstj13-4-701	1934-10-01	day	1934		BSTJ 13: 4. October 1934: Abstracts of Technical Articles from Bell System Sources.	eng
bstj13-4-704	1934-10-01	day	1934		BSTJ 13: 4. October 1934: Contributors to this Issue.	eng
bstj14-1-1	1935-01-01	year	1935		BSTJ 14: 1. January 1935: Wide Band Transmission Over Balanced Circuits. (Clark, A.B.)	eng
bstj14-1-135	1935-01-01	year	1935		BSTJ 14: 1. January 1935: Horizontal Rhombic Antennas. (Bruce, E.; Beck, A.C.; Lowry, L.R.)	eng
bstj14-1-159	1935-01-01	year	1935		BSTJ 14: 1. January 1935: Extraneous Frequencies Generated in Air Carrying Intense Sound Waves. (Thuras, A.L.; Jenkins, R.T.; O'Neil, H.T.)	eng
bstj14-1-173	1935-01-01	year	1935		BSTJ 14: 1. January 1935: Abstracts of Articles from Bell System Sources.	eng
bstj14-1-176	1935-01-01	year	1935		BSTJ 14: 1. January 1935: Contributors to this Issue.	eng
bstj14-1-44	1935-01-01	year	1935		BSTJ 14: 1. January 1935: Theory of Multi-Electrode Vacuum Tubes. (Pidgeon, H.A.)	eng
bstj14-1-8	1935-01-01	year	1935		BSTJ 14: 1. January 1935: A Survey of Magnetic Materials in Relation to Structure. (Ellis, W.C.; Schumacher, Earle E.)	eng
bstj14-1-85	1935-01-01	year	1935		BSTJ 14: 1. January 1935: Limits to Amplification. (Johnson, J.B.; Llewellyn, F.B.)	eng
bstj14-1-97	1935-01-01	year	1935		BSTJ 14: 1. January 1935: Vacuum Tubes as High-Frequency Oscillators. (Kelly, M.J.; Samuel, A.L.)	eng
bstj14-2-179	1935-04-01	day	1935		BSTJ 14: 2. April 1935: Cable Crosstalk--Effect of Non-Uniform Current Distribution in the Wires. (Hunter, R.N.; Booth, R.P.)	eng
bstj14-2-195	1935-04-01	day	1935		BSTJ 14: 2. April 1935: Experiments with Directivity Steering for Fading Reduction. (Bruce, E.; Beck, A.C.)	eng
bstj14-2-211	1935-04-01	day	1935		BSTJ 14: 2. April 1935: A General Theory of Electric Wave Filters. (Bode, H.W.)	eng
bstj14-2-215	1935-04-01	day	1935		BSTJ 14: 2. April 1935: Ideal Wave Filters. (Bode, H.W.; Dietzold, R.L.)	eng
bstj14-2-253	1935-04-01	day	1935		BSTJ 14: 2. April 1935: Ultra-Short-Wave Propagation: Mobile Urban Transmission Characteristics. (Burrows, C.R.; Hunt, L.E.; Decino, A.)	eng
bstj14-2-273	1935-04-01	day	1935		BSTJ 14: 2. April 1935: An Application of Number Theory to the Splicing of Telephone Cables. (Lawther, H.P., Jr.)	eng
bstj14-2-285	1935-04-01	day	1935		BSTJ 14: 2. April 1935: Contemporary Advances in Physics, XXIX, The Nucleus, Fourth Part. (Darrow, Karl K.)	eng
bstj14-2-322	1935-04-01	day	1935		BSTJ 14: 2. April 1935: Ferromagnetic Distortion of a Two-Frequency Wave. (Kalb, Robert M.; Bennett, William R.)	eng
bstj14-2-360	1935-04-01	day	1935		BSTJ 14: 2. April 1935: Abstracts of Technical Articles from Bell System Sources.	eng
bstj14-2-366	1935-04-01	day	1935		BSTJ 14: 2. April 1935: Contributors to this Issue.	eng
bstj14-3-369	1935-07-01	day	1935		BSTJ 14: 3. July 1935: Further Results of a Study of Ultra-Short-Wave Transmission Phenomena. (Englund, C.R.; Crawford, A.B.; Mumford, W.W.)	eng
bstj14-3-388	1935-07-01	day	1935		BSTJ 14: 3. July 1935: Acoustical Instruments. (Wente, E.C.)	eng
bstj14-3-413	1935-07-01	day	1935		BSTJ 14: 3. July 1935: Thermionic Electron Emission. (Becker, J.A.)	eng
bstj14-3-477	1935-07-01	day	1935		BSTJ 14: 3. July 1935: Radio Propagation Over Spherical Earth. (Burrows, Charles R.)	eng
bstj14-3-489	1935-07-01	day	1935		BSTJ 14: 3. July 1935: A Single-Sideband Short-Wave System for Transatlantic Telephony. (Polkinghorn, F.A.; Schlaack, N.F.)	eng
bstj14-3-509	1935-07-01	day	1935		BSTJ 14: 3. July 1935: Mutual Impedances of Parallel Wires. (Hoyt, Ray S.; Mead, Sallie Pero)	eng
bstj14-3-534	1935-07-01	day	1935		BSTJ 14: 3. July 1935: An Unattended Ultra-Short-Wave Radio Telephone System. (Schlaack, N.F.; Polkinghorn, F.A.)	eng
bstj14-3-542	1935-07-01	day	1935		BSTJ 14: 3. July 1935: Around the World by Telephone.	eng
bstj14-3-544	1935-07-01	day	1935		BSTJ 14: 3. July 1935: Abstracts of Technical Articles from Bell System Sources.	eng
bstj14-3-550	1935-07-01	day	1935		BSTJ 14: 3. July 1935: Contributors to this Issue.	eng
bstj14-4-553	1935-10-01	day	1935		BSTJ 14: 4. October 1935: Dr. George A. Campbell. (Jewett, F.B.)	eng
bstj14-4-558	1935-10-01	day	1935		BSTJ 14: 4. October 1935: Dr. Campbell's Memoranda of 1907 and 1912.	eng
bstj14-4-573	1935-10-01	day	1935		BSTJ 14: 4. October 1935: Some Aspects of Low-Frequency Induction Between Power and Telephone Circuits. (Huntley, H. R.; O'Connell, E. J.)	eng
bstj14-4-600	1935-10-01	day	1935		BSTJ 14: 4. October 1935: Circulating Currents and Singing on Two-Wire Cable Circuits. (Abraham, Leonard Gladstone)	eng
bstj14-4-632	1935-10-01	day	1935		BSTJ 14: 4. October 1935: Operation of Ultra-High-Frequency Vacuum Tubes. (Llewellyn, F.B.)	eng
bstj14-4-666	1935-10-01	day	1935		BSTJ 14: 4. October 1935: Further Extensions of the Theory of Multi-Electrode Vacuum Tube Circuits. (Levin, S.A.; Peterson, Liss C.)	eng
bstj14-4-680	1935-10-01	day	1935		BSTJ 14: 4. October 1935: Transatlantic Long-Wave Radio Telephone Transmission and RelatedPhenomena from 1923 to 1933. (Bailey, Austin; Thomson, Howard M.)	eng
bstj14-4-698	1935-10-01	day	1935		BSTJ 14: 4. October 1935: Technical Digests.	eng
bstj14-4-699	1935-10-01	day	1935		BSTJ 14: 4. October 1935: Technical Digests: Superiorities of Lead-Calcium Alloys for Storage Battery Construction. (Haring, H.E.; Thomas, U.B.; Schumacher, E.E.; Phipps, G.S.)	eng
bstj14-4-702	1935-10-01	day	1935		BSTJ 14: 4. October 1935: Technical Digests: Marine Radio Telephone Service for Boston Harbor. (Gifford, F.A.; Meader, R.B.)	eng
bstj14-4-708	1935-10-01	day	1935		BSTJ 14: 4. October 1935: Technical Digests: Harbor Craft Ship-to-Shore Radio Telephone Service in Puget Sound Area. (Hansen, E.B.)	eng
bstj14-4-713	1935-10-01	day	1935		BSTJ 14: 4. October 1935: Technical Digests: Ship Sets for Harbor Ship-to-Shore Service. (Willets, H.N.)	eng
bstj14-4-718	1935-10-01	day	1935		BSTJ 14: 4. October 1935: Technical Digests: An Electromechanical Representation of a Piezoelectric Crystal Used As A Transducer. (Mason, W.P.)	eng
bstj14-4-724	1935-10-01	day	1935		BSTJ 14: 4. October 1935: Abstracts of Technical Articles from Bell System Sources.	eng
bstj14-4-728	1935-10-01	day	1935		BSTJ 14: 4. October 1935: Contributors to this Issue.	eng
bstj15-1-1	1936-01-01	year	1936		BSTJ 15: 1. January 1936: Long-Wave Radio Transmission Phenomena Associated with a Cessation of the Sun's Rays. (Bailey, Austin; Harper, A.E.)	eng
bstj15-1-113	1936-01-01	year	1936		BSTJ 15: 1. January 1936: Magnetic Alloys of Iron, Nickel, and Cobalt. (Elmen, G.W.)	eng
bstj15-1-136	1936-01-01	year	1936		BSTJ 15: 1. January 1936: Improvements in Communication Transformers. (Ganz, A.G.; Laird, A.G.)	eng
bstj15-1-151	1936-01-01	year	1936		BSTJ 15: 1. January 1936: Technical Digests--Measurement of Telephone Noise and Power Wave Shape. (Barstow, J.M.; Blye, P.W.; Kent, H.E.)	eng
bstj15-1-157	1936-01-01	year	1936		BSTJ 15: 1. January 1936: Technical Digests---On the Correlation of Radio Transmission with Solar Phenomena. (Skellett, A.M.)	eng
bstj15-1-162	1936-01-01	year	1936		BSTJ 15: 1. January 1936: Technical Digests---Eclipse Effects in the Ionsphere. (Schafer, J.P.; Goodall, W.M.)	eng
bstj15-1-167	1936-01-01	year	1936		BSTJ 15: 1. January 1936: Technical Digests---Earth Resistivity and Geological Structure. (Card, R.H.)	eng
bstj15-1-172	1936-01-01	year	1936		BSTJ 15: 1. January 1936: Abstracts of Technical Articles from Bell System Sources.	eng
bstj15-1-177	1936-01-01	year	1936		BSTJ 15: 1. January 1936: Contributors to this Issue.	eng
bstj15-1-20	1936-01-01	year	1936		BSTJ 15: 1. January 1936: The Corrosion of Metals---I. Mechanism of Corrosion Processes. (Burns, R.M.)	eng
bstj15-1-39	1936-01-01	year	1936		BSTJ 15: 1. January 1936: Magnetic Measurements at Low Flux Densities Using the Alternating Current Bridge. (Legg, Victor E.)	eng
bstj15-1-63	1936-01-01	year	1936		BSTJ 15: 1. January 1936: The Present Status of Ferromagnetic Theory. (Bozorth, R.M.)	eng
bstj15-1-92	1936-01-01	year	1936		BSTJ 15: 1. January 1936: Some Equivalence Theorems of Electromagnetics and Their Application to Radiation Problems. (Schelkunoff, S.A.)	eng
bstj15-2-181	1936-04-01	day	1936		BSTJ 15: 2. April 1936: The Reliability of Short-Wave Radio Telephone Circuits. (Potter, R.K.; Peterson, A.C., Jr.)	eng
bstj15-2-197	1936-04-01	day	1936		BSTJ 15: 2. April 1936: Spontaneous Resistance Fluctuations in Carbon Microphones and Other Granular Resistances. (Christensen, C.J.; Pearson, G.L.)	eng
bstj15-2-224	1936-04-01	day	1936		BSTJ 15: 2. April 1936: Contemporary Advances in Physics, XXX, The Theory of Magnetism. (Darrow, Karl K.)	eng
bstj15-2-248	1936-04-01	day	1936		BSTJ 15: 2. April 1936: The Proportioning of Shielded Circuits for Minimum High-Frequency Attenuation. (Green, E.I.; Leibe, F.A.; Curtis, H.E.)	eng
bstj15-2-284	1936-04-01	day	1936		BSTJ 15: 2. April 1936: Hyper-Frequency Wave Guides---General Considerations and Experimental Results. (Southworth, G.C.)	eng
bstj15-2-310	1936-04-01	day	1936		BSTJ 15: 2. April 1936: Hyper-Frequency Wave Guides---Mathematical Theory. (Carson, John R.; Mead, Sallie P.; Schelkunoff, S.A.)	eng
bstj15-2-334	1936-04-01	day	1936		BSTJ 15: 2. April 1936: A Magneto-Elastic Source of Noise in Steel Telephone Wires. (Pennell, W.O.; Lawther, H.P.)	eng
bstj15-2-340	1936-04-01	day	1936		BSTJ 15: 2. April 1936: An Extension of Operational Calculus. (Carson, John R.)	eng
bstj15-2-343	1936-04-01	day	1936		BSTJ 15: 2. April 1936: Technical Digests---Determination of the Corrosion Behavior of Painted Iron and the Inhibitive Action of Paints. (Burns, R.M.; Haring, H.E.)	eng
bstj15-2-349	1936-04-01	day	1936		BSTJ 15: 2. April 1936: Abstracts of Technical Articles from Bell System Sources.	eng
bstj15-2-351	1936-04-01	day	1936		BSTJ 15: 2. April 1936: Contributors to this Issue.	eng
bstj15-3-355	1936-07-01	day	1936		BSTJ 15: 3. July 1936: A Laplacian Expansion for Hermitian-Laplace Functions of High Order. (Molina, E.C.)	eng
bstj15-3-363	1936-07-01	day	1936		BSTJ 15: 3. July 1936: The Relation Between Penetration and Decay in Creosoted Southern Pine Poles. (Colley, R.H.; Amadon, C.H.)	eng
bstj15-3-380	1936-07-01	day	1936		BSTJ 15: 3. July 1936: Tandem Operation in the Bell System. (Bronson, F.M.)	eng
bstj15-3-405	1936-07-01	day	1936		BSTJ 15: 3. July 1936: A Non-Directional Microphone. (Marshall, R.N.; Romanow, F.F.)	eng
bstj15-3-424	1936-07-01	day	1936		BSTJ 15: 3. July 1936: Oscillations in Systems with Non-linear Reactance. (Hartley, R.V.L.)	eng
bstj15-3-441	1936-07-01	day	1936		BSTJ 15: 3. July 1936: Oscillations in an Electromechanical System. (Hussey, L.W.; Wrathall, L.R.)	eng
bstj15-3-446	1936-07-01	day	1936		BSTJ 15: 3. July 1936: A New Type of Underground Telephone Wire. (Quarles, D.A.)	eng
bstj15-3-455	1936-07-01	day	1936		BSTJ 15: 3. July 1936: Technical Digests---Effect of Electric Shock on the Heart. (Ferris, L.P.; King, B.G.; Spence, P.W.; Williams, H.B.)	eng
bstj15-3-469	1936-07-01	day	1936		BSTJ 15: 3. July 1936: Technical Digests---A New High-Efficiency Power Amplifier for ModulatedWaves. (Doherty, W.H.)	eng
bstj15-3-476	1936-07-01	day	1936		BSTJ 15: 3. July 1936: Abstracts of Technical Articles from Bell System Sources.	eng
bstj15-3-480	1936-07-01	day	1936		BSTJ 15: 3. July 1936: Contributors to this Issue.	eng
bstj15-4-1	1936-10-01	day	1936		BSTJ 15: 4. October 1936: Technical Developments Underlying the Toll Services of the Bell System:A Supplement to the Bell System Technical Journal, July 1936.	eng
bstj15-4-483	1936-10-01	day	1936		BSTJ 15: 4. October 1936: Microchemical and Special Methods of Analysis in Communication Research. (Clarke, Beverly L.; Hermance, H.W.)	eng
bstj15-4-504	1936-10-01	day	1936		BSTJ 15: 4. October 1936: Switchboards and Signaling Facilities of the Teletypewriter Exchange System. (Knowlton, A.D.; Locke, G.A.; Singer, F.J.)	eng
bstj15-4-529	1936-10-01	day	1936		BSTJ 15: 4. October 1936: A Transmission System for Teletypewriter Exchange Service. (Pierce, R.E.; Bemis, E.W.)	eng
bstj15-4-549	1936-10-01	day	1936		BSTJ 15: 4. October 1936: A New Telephotograph System. (Reynolds, F.W.)	eng
bstj15-4-575	1936-10-01	day	1936		BSTJ 15: 4. October 1936: Equivalent Networks Of Negative-Grid Vacuum Tubes at Ultra-High Frequencies. (Llewellyn, F.B.)	eng
bstj15-4-587	1936-10-01	day	1936		BSTJ 15: 4. October 1936: Forces of Oblique Winds on Telephone Wires. (Carr, J.A.)	eng
bstj15-4-603	1936-10-01	day	1936		BSTJ 15: 4. October 1936: Corrosion of Metals---II. Lead and Lead-Alloy Cable Sheathing. (Burns, R.M.)	eng
bstj15-4-626	1936-10-01	day	1936		BSTJ 15: 4. October 1936: Technical Digests---Reduction of Airplane Noise and Vibration. (Spain, C.J.; Loye, D.P.; Templin, E.W.)	eng
bstj15-4-628	1936-10-01	day	1936		BSTJ 15: 4. October 1936: Abstracts of Technical Articles from Bell System Sources.	eng
bstj15-4-633	1936-10-01	day	1936		BSTJ 15: 4. October 1936: Contributors to this Issue.	eng
bstj16-1-1	1937-01-01	year	1937		BSTJ 16: 1. January 1937: A Million-Cycle Telephone System. (Strieby, M.E.)	eng
bstj16-1-10	1937-01-01	year	1937		BSTJ 16: 1. January 1937: A Power Amplifier for Ultra-High Frequencies. (Samuel, A.L.; Sowers, N.E.)	eng
bstj16-1-101	1937-01-01	year	1937		BSTJ 16: 1. January 1937: Series for the Wave Function of a Radiating Dipole at the Earth's Surface. (Rice, S.O.)	eng
bstj16-1-110	1937-01-01	year	1937		BSTJ 16: 1. January 1937: Technical Digests - Currents and Potentials along Leaky Ground-Return Conductors. (Sunde, E.D.)	eng
bstj16-1-113	1937-01-01	year	1937		BSTJ 16: 1. January 1937: Abstracts of Technical Articles from Bell System Sources.	eng
bstj16-1-116	1937-01-01	year	1937		BSTJ 16: 1. January 1937: Contributors to this Issue.	eng
bstj16-1-35	1937-01-01	year	1937		BSTJ 16: 1. January 1937: The Physical Reality of Zenneck's Surface Wave. (Wise, W. Howard)	eng
bstj16-1-45	1937-01-01	year	1937		BSTJ 16: 1. January 1937: Radio Propagation Over Plane Earth - Field Strength Curves. (Burrows, Charles R.)	eng
bstj16-1-76	1937-01-01	year	1937		BSTJ 16: 1. January 1937: The Inductive Coordination of Common-Neutral Power Distribution Systems and Telephone Circuits. (Coleman, J. O'R.; Davis, R.F.)	eng
bstj16-2-119	1937-04-01	day	1937		BSTJ 16: 2. April 1937: Recent Trends in Toll Transmission in the United States. (Colpitts, Edwin H.)	eng
bstj16-2-144	1937-04-01	day	1937		BSTJ 16: 2. April 1937: Crosstalk Between Coaxial Transmission Lines. (Schelkunoff, S.A.; Odarenko, T.M.)	eng
bstj16-2-165	1937-04-01	day	1937		BSTJ 16: 2. April 1937: Sound Recording on Magnetic Tape. (Hickman, C.N.)	eng
bstj16-2-178	1937-04-01	day	1937		BSTJ 16: 2. April 1937: Constant Resistance with Applications to Filter Groups. (Norton, E.L.)	eng
bstj16-2-194	1937-04-01	day	1937		BSTJ 16: 2. April 1937: A Laboratory Evaluation of Wood Preservatives. (Waterman, R.E.; Leutritz, John; Hill, Caleb M.)	eng
bstj16-2-212	1937-04-01	day	1937		BSTJ 16: 2. April 1937: Study of Magnetic Losses at Low Flux Densities in Permalloy Sheet. (Ellwood, W.B.; Legg, V.E.)	eng
bstj16-2-228	1937-04-01	day	1937		BSTJ 16: 2. April 1937: Moisture in Textiles. (Walker, Albert C.)	eng
bstj16-2-247	1937-04-01	day	1937		BSTJ 16: 2. April 1937: Abstracts of Technical Papers from Bell System Sources.	eng
bstj16-2-249	1937-04-01	day	1937		BSTJ 16: 2. April 1937: Contributors to this Issue.	eng
bstj16-3-251	1937-07-01	day	1937		BSTJ 16: 3. July 1937: Scientific Research Applied to the Telephone Transmitter and Receiver. (Colpitts, Edwin H.)	eng
bstj16-3-275	1937-07-01	day	1937		BSTJ 16: 3. July 1937: The Use of Coaxial and Balanced Transmission Lines in Filters and Wide Band Transformers for High Radio Frequencies. (Mason, W.P.; Sykes, R.A.)	eng
bstj16-3-303	1937-07-01	day	1937		BSTJ 16: 3. July 1937: A Ladder Network Theorem. (Riordan, John)	eng
bstj16-3-319	1937-07-01	day	1937		BSTJ 16: 3. July 1937: Contemporary Advances in Physics, XXXI - Spinning Atoms and Spinning Electrons. (Darrow, Karl K.)	eng
bstj16-3-337	1937-07-01	day	1937		BSTJ 16: 3. July 1937: A Multiple Unit Steerable Antenna for Short-Wave Reception. (Friis, H.T.; Feldman, C.B.)	eng
bstj16-3-420	1937-07-01	day	1937		BSTJ 16: 3. July 1937: Abstracts of Technical Papers from Bell System Sources.	eng
bstj16-3-422	1937-07-01	day	1937		BSTJ 16: 3. July 1937: Contributors in this Issue.	eng
bstj16-4-423	1937-10-01	day	1937		BSTJ 16: 4. October 1937: Resistance Compensated Band-Pass Crystal Filters for Use in Unbalanced Circuits. (Mason, W.P.)	eng
bstj16-4-437	1937-10-01	day	1937		BSTJ 16: 4. October 1937: Magnetic Generation of a Group of Harmonics. (Peterson, E.; Manley, J.M.; Wrathall, L.R.)	eng
bstj16-4-456	1937-10-01	day	1937		BSTJ 16: 4. October 1937: The Vodas. (Wright, S.B.)	eng
bstj16-4-475	1937-10-01	day	1937		BSTJ 16: 4. October 1937: Radio Telephone Noise Reduction by Voice Control at Receiver. (Taylor, C.C.)	eng
bstj16-4-487	1937-10-01	day	1937		BSTJ 16: 4. October 1937: Transmitted Frequency Range for Circuits in Broad-Band Systems. (Affel, H.A.)	eng
bstj16-4-493	1937-10-01	day	1937		BSTJ 16: 4. October 1937: The Dielectric Properties of Insulating Materials. (Murphy, E.J.; Morgan, S.O.)	eng
bstj16-4-513	1937-10-01	day	1937		BSTJ 16: 4. October 1937: Variable Frequency Electric Circuit Theory with Application to the Theory of Frequency-Modulation. (Carson, John R.; Fry, Thornton C.)	eng
bstj16-4-541	1937-10-01	day	1937		BSTJ 16: 4. October 1937: Irregularities in Broad-Band Wire Transmission Circuits. (Mertz, Pierre; Pfleger, K.W.)	eng
bstj16-4-560	1937-10-01	day	1937		BSTJ 16: 4. October 1937: Technical Digests - Transoceanic Radio Telephone Development. (Bown, Ralph)	eng
bstj16-4-568	1937-10-01	day	1937		BSTJ 16: 4. October 1937: Technical Digests - A Negative-Grid Triode Oscillator and Amplifier for Ultra-High Frequencies. (Samuel, A.L.)	eng
bstj16-4-574	1937-10-01	day	1937		BSTJ 16: 4. October 1937: Addendum to "Radio Propagation Over Plane Earth - Field Stength Curves". (Burrows, Charles R.)	eng
bstj16-4-578	1937-10-01	day	1937		BSTJ 16: 4. October 1937: Abstracts of Technical Articles from Bell System Sources.	eng
bstj16-4-581	1937-10-01	day	1937		BSTJ 16: 4. October 1937: Contributors to this Issue.	eng
bstj17-1-1	1938-01-01	year	1938		BSTJ 17: 1. January 1938: New Transmission Measuring Systems for Telephone Circuit Maintenance. (Best, F.H.)	eng
bstj17-1-106	1938-01-01	year	1938		BSTJ 17: 1. January 1938: Cable Carrier Telephone Terminals. (Chesnut, R.W.; Ilgenfritz, L.M.; Kenner, A.)	eng
bstj17-1-125	1938-01-01	year	1938		BSTJ 17: 1. January 1938: Crystal Channel Filters for the Cable Carrier System. (Lane, C.E.)	eng
bstj17-1-137	1938-01-01	year	1938		BSTJ 17: 1. January 1938: Crosstalk and Noise Features of Cable Carrier Telephone System. (Weaver, M.A.; Tucker, R.S.; Darnell, P.S.)	eng
bstj17-1-162	1938-01-01	year	1938		BSTJ 17: 1. January 1938: A New Single Channel Carrier Telephone System. (Fisher, H.J.; Almquist, M.L.; Mills, R.H.)	eng
bstj17-1-17	1938-01-01	year	1938		BSTJ 17: 1. January 1938: The Impedance Concept and its Application to Problems of Reflection, Refraction, Shielding and Power Absorption. (Schelkunoff, S.A.)	eng
bstj17-1-184	1938-01-01	year	1938		BSTJ 17: 1. January 1938: Abstracts of Technical Articles from Bell System Sources.	eng
bstj17-1-191	1938-01-01	year	1938		BSTJ 17: 1. January 1938: Contributors to this Issue.	eng
bstj17-1-49	1938-01-01	year	1938		BSTJ 17: 1. January 1938: On the Theory of Space Charge Between Parallel Plane Electrodes. (Fay, C.E.; Samuel, A.L.; Shockley, W.)	eng
bstj17-1-80	1938-01-01	year	1938		BSTJ 17: 1. January 1938: A Carrier Telephone System for Toll Cables. (Green, C.W.; Green, E.I.)	eng
bstj17-2-195	1938-04-01	day	1938		BSTJ 17: 2. April 1938: Studies of Telephone Line Wire Spacing Problems. (Carr, J.A.; Haskell, F.V.)	eng
bstj17-2-229	1938-04-01	day	1938		BSTJ 17: 2. April 1938: Variable Equalizers. (Bode, H.W.)	eng
bstj17-2-245	1938-04-01	day	1938		BSTJ 17: 2. April 1938: An Explanation of the Common Battery Anti-sidetone Subscriber Set. (Gibbon, C.O.)	eng
bstj17-2-258	1938-04-01	day	1938		BSTJ 17: 2. April 1938: The Occurrence and Effect of Lockout Occasioned by Two Echo Suppressors. (Horton, Arthur W., Jr.)	eng
bstj17-2-281	1938-04-01	day	1938		BSTJ 17: 2. April 1938: Characteristic Time Intervals in Telephonic Conversation. (Norwine, A.C.; Murphy, O.J.)	eng
bstj17-2-292	1938-04-01	day	1938		BSTJ 17: 2. April 1938: Radioactivity - Artificial and Natural. (Darrow, Karl K.)	eng
bstj17-2-319	1938-04-01	day	1938		BSTJ 17: 2. April 1938: Abstracts of Technical Articles from Bell System Sources.	eng
bstj17-2-324	1938-04-01	day	1938		BSTJ 17: 2. April 1938: Contributors to this Issue.	eng
bstj17-3-327	1938-07-01	day	1938		BSTJ 17: 3. July 1938: Hertz, the Discoverer of Electric Waves. (Blanchard, Julian)	eng
bstj17-3-338	1938-07-01	day	1938		BSTJ 17: 3. July 1938: Instruments for the New Telephone Sets. (Jones, W.C.)	eng
bstj17-3-358	1938-07-01	day	1938		BSTJ 17: 3. July 1938: Transmission Features of the New Telephone Sets. (Inglis, A.H.)	eng
bstj17-3-381	1938-07-01	day	1938		BSTJ 17: 3. July 1938: Spectrochemical Analysis in Communication Research. (Clarke, Beverly L.; Ruehle, A.E.)	eng
bstj17-3-393	1938-07-01	day	1938		BSTJ 17: 3. July 1938: High Speed Motion Picture Photography. (Herriott, W.)	eng
bstj17-3-406	1938-07-01	day	1938		BSTJ 17: 3. July 1938: An Optical Harmonic Analyzer. (Montgomery, H.C.)	eng
bstj17-3-416	1938-07-01	day	1938		BSTJ 17: 3. July 1938: Magnetic Shielding of Transformers at Audio Frequencies. (Gustafson, W.G.)	eng
bstj17-3-438	1938-07-01	day	1938		BSTJ 17: 3. July 1938: Coaxial Cable System for Television Transmission. (Strieby, M.E. )	eng
bstj17-3-458	1938-07-01	day	1938		BSTJ 17: 3. July 1938: Stabilized Feedback Oscillators. (Stevenson, G.H.)	eng
bstj17-3-475	1938-07-01	day	1938		BSTJ 17: 3. July 1938: The Discovery of Electron Waves. (Davisson, C.J.)	eng
bstj17-3-483	1938-07-01	day	1938		BSTJ 17: 3. July 1938: Abstracts of Technical Articles from Bell System Sources.	eng
bstj17-3-486	1938-07-01	day	1938		BSTJ 17: 3. July 1938: Contributors to this Issue.	eng
bstj17-4-489	1938-10-01	day	1938		BSTJ 17: 4. October 1938: Ultra-Short-Wave Transmission and Atmospheric Irregularities. (Englund, C.R.; Crawford, A.B.; Mumford, W.W.)	eng
bstj17-4-520	1938-10-01	day	1938		BSTJ 17: 4. October 1938: Amplitude Range Control. (Wright, S.B.)	eng
bstj17-4-539	1938-10-01	day	1938		BSTJ 17: 4. October 1938: Devices for Controlling Amplitude Characteristics of Telephonic Signals. (Norwine, A.C.)	eng
bstj17-4-555	1938-10-01	day	1938		BSTJ 17: 4. October 1938: The Exponential Transmission Line. (Burrows, Charles R.)	eng
bstj17-4-574	1938-10-01	day	1938		BSTJ 17: 4. October 1938: The Bridge Stabilized Oscillator. (Meacham, L.A.)	eng
bstj17-4-592	1938-10-01	day	1938		BSTJ 17: 4. October 1938: Effect of Space Charge and Transit Time on the Shot Noise in Diodes. (Rack, A.J.)	eng
bstj17-4-620	1938-10-01	day	1938		BSTJ 17: 4. October 1938: Fundamentals of Teletypewriters Used in the Bell System. (Watson, E.F.)	eng
bstj17-4-640	1938-10-01	day	1938		BSTJ 17: 4. October 1938: The Dielectric Properties of Insulating Materials. (Murphy, E.J.; Morgan, S.O.)	eng
bstj17-4-670	1938-10-01	day	1938		BSTJ 17: 4. October 1938: Abstracts of Technical Articles from Bell System Sources.	eng
bstj17-4-673	1938-10-01	day	1938		BSTJ 17: 4. October 1938: Contributors to this Issue.	eng
bstj18-2-255	1939-04-01	day	1939		BSTJ 18: 2. April 1939: Some Ceramic Manufacturing Developments of the Western Electric Company. (Johnson, A.G.; Shaw, L.I.)	eng
bstj18-2-280	1939-04-01	day	1939		BSTJ 18: 2. April 1939: The Production of Ultra-High-Frequency Oscillations by Means of Diodes. (Llewellyn, F.B.; Bowen, A.E.)	eng
bstj18-2-292	1939-04-01	day	1939		BSTJ 18: 2. April 1939: A Representation of the Sunspot Cycle. (Anderson, C.N.)	eng
bstj18-2-300	1939-04-01	day	1939		BSTJ 18: 2. April 1939: The Number of Impedances of an n Terminal Network. (Riordan, John)	eng
bstj18-2-315	1939-04-01	day	1939		BSTJ 18: 2. April 1939: Copper Oxide Modulators in Carrier Telephone Systems. (Caruthers, R.S.)	eng
bstj18-2-338	1939-04-01	day	1939		BSTJ 18: 2. April 1939: Some Applications of the Type "J" Carrier System. (Starbird, L.C.; Mathis, J.D.)	eng
bstj18-2-363	1939-04-01	day	1939		BSTJ 18: 2. April 1939: Line Problems in the Development of the Twelve-Channel Open-Wire Carrier System. (Ilgenfritz, L.M.; Hunter, R.N.; Whitman, A.L.)	eng
bstj18-2-388	1939-04-01	day	1939		BSTJ 18: 2. April 1939: Abstracts of Technical Articles from Bell System Sources .	eng
bstj18-2-391	1939-04-01	day	1939		BSTJ 18: 2. April 1939: Contributors to this Issue.	eng
bstj2-1-1	1923-01-01	year	1923		BSTJ 2: 1. January 1923: Theory and Design of Uniform and Composite Electric Wave-filters. (Zobel, Otto J.)	eng
bstj2-1-114	1923-01-01	year	1923		BSTJ 2: 1. January 1923: Bell System Sleet Storm Map. (Kirk, J.N.)	eng
bstj2-1-122	1923-01-01	year	1923		BSTJ 2: 1. January 1923: Measurements on the Gases Evolved from Glasses of Known Chemical Composition. (Harris, J.E.; Schumacher, E.E.)	eng
bstj2-1-133	1923-01-01	year	1923		BSTJ 2: 1. January 1923: Contributors to this Issue.	eng
bstj2-1-47	1923-01-01	year	1923		BSTJ 2: 1. January 1923: Specializing Transportation Equipment in Order to Adapt it Most Economically to Telephone Construction and Maintenance Work. (Kirk, J.N.)	eng
bstj2-1-67	1923-01-01	year	1923		BSTJ 2: 1. January 1923: Telephone Transmission Over Long Cable Circuits. (Clark, A.B.)	eng
bstj2-1-95	1923-01-01	year	1923		BSTJ 2: 1. January 1923: Probability Curves Showing Poisson's Exponential Summation. (Campbell, George A.)	eng
bstj2-2-1	1923-04-01	day	1923		BSTJ 2: 2. April 1923: Impedance of Smooth Lines, and Design of Simulating Networks. (Hoyt, Ray S.)	eng
bstj2-2-113	1923-04-01	day	1923		BSTJ 2: 2. April 1923: Public Address Systems. (Green, I.W.; Maxfield, J.P.)	eng
bstj2-2-143	1923-04-01	day	1923		BSTJ 2: 2. April 1923: Use of Public Address System with Telephone Lines. (Martin, W.H.; Clark, A.B.)	eng
bstj2-2-162	1923-04-01	day	1923		BSTJ 2: 2. April 1923: The Contributors to this issue.	eng
bstj2-2-41	1923-04-01	day	1923		BSTJ 2: 2. April 1923: Practical Application of Carrier Telephone and Telegraph in the Bell System. (Rose, Arthur F.)	eng
bstj2-2-53	1923-04-01	day	1923		BSTJ 2: 2. April 1923: Machine Switching Telephone System for Large Metropolitan Areas. (Craft, E.B.; Morehouse, L.F.; Charlesworth, H.P.)	eng
bstj2-2-90	1923-04-01	day	1923		BSTJ 2: 2. April 1923: Relations of Carrier and Side-Bands in Radio Transmission. (Hartley, R.V.L.)	eng
bstj2-3-1	1923-07-01	day	1923		BSTJ 2: 3. July 1923: Transient Oscillations in Electric Wave-filters. (Carson, John R.; Zobel, Otto J.)	eng
bstj2-3-101	1923-07-01	day	1923		BSTJ 2: 3. July 1923: Permalloy, A New Magnetic Material of Very High Permeability. (Arnold, H.D.; Elmen, G.W.)	eng
bstj2-3-112	1923-07-01	day	1923		BSTJ 2: 3. July 1923: Telephone Equipment for Long Cable Circuits. (Demarest, Charles S.)	eng
bstj2-3-141	1923-07-01	day	1923		BSTJ 2: 3. July 1923: Radio Extension of the Telephone System to Ships at Sea. (Nichols, H.W.; Espenschied, Lloyd)	eng
bstj2-3-186	1923-07-01	day	1923		BSTJ 2: 3. July 1923: The Contributors to this Issue.	eng
bstj2-3-53	1923-07-01	day	1923		BSTJ 2: 3. July 1923: Use of Labor-saving Apparatus in Outside Plant Construction Work. (Kirk, J.N.)	eng
bstj2-3-77	1923-07-01	day	1923		BSTJ 2: 3. July 1923: A Method of Graphical Analysis. (Bateman, Helene C.)	eng
bstj2-4-1	1923-10-01	day	1923		BSTJ 2: 4. October 1923: Mutual Impedances of Grounded Circuits. (Campbell, George A)	eng
bstj2-4-101	1923-10-01	day	1923		BSTJ 2: 4. October 1923: Some Contemporary Advances in Physics. (Darrow, K.K.)	eng
bstj2-4-116	1923-10-01	day	1923		BSTJ 2: 4. October 1923: Transatlantic Radio Telephony. (Arnold, H.D.; Espenschied, Lloyd)	eng
bstj2-4-145	1923-10-01	day	1923		BSTJ 2: 4. October 1923: Physical Measurements of Audition and Their Bearing on the Theory of Hearing. (Fletcher, Harvey)	eng
bstj2-4-181	1923-10-01	day	1923		BSTJ 2: 4. October 1923: Contributors to this Issue.	eng
bstj2-4-31	1923-10-01	day	1923		BSTJ 2: 4. October 1923: Thermionic Vacuum Tubes and Their Applications. (King, Robert W.)	eng
bstj3-1-1	1924-01-01	year	1924		BSTJ 3: 1. January 1924: Relays in the Bell System. (Shackleton, S.P.; Purcell, H.W.)	eng
bstj3-1-100	1924-01-01	year	1924		BSTJ 3: 1. January 1924: Photomicrography and Technical Microscopy in Its Application to Telephone Apparatus. (Lucas, Francis F.)	eng
bstj3-1-145	1924-01-01	year	1924		BSTJ 3: 1. January 1924: A Clock-Controlled Tuning Fork as a Source of Constant Frequency. (Ferguson, J.G.)	eng
bstj3-1-158	1924-01-01	year	1924		BSTJ 3: 1. January 1924: Some Contemporary Advances in Physics-II. (Darrow, Karl K.)	eng
bstj3-1-179	1924-01-01	year	1924		BSTJ 3: 1. January 1924: Contributors to this issue.	eng
bstj3-1-43	1924-01-01	year	1924		BSTJ 3: 1. January 1924: Some Applications of Statistical Methods to the Analysis of Physical and Engineering Data. (Shewhart, W.A.)	eng
bstj3-1-88	1924-01-01	year	1924		BSTJ 3: 1. January 1924: Deviation of Random Samples from Average Conditions and Significance to Traffic Men. (Molina, E.C.; Crowell, R.P.)	eng
bstj3-2-181	1924-04-01	day	1924		BSTJ 3: 2. April 1924: High Frequency Amplifiers. (Friis, H.T.; Jensen, A.G.)	eng
bstj3-2-206	1924-04-01	day	1924		BSTJ 3: 2. April 1924: Design Characteristics of Electromagnets for Telephone Relays. (Miller, D.D.)	eng
bstj3-2-232	1924-04-01	day	1924		BSTJ 3: 2. April 1924: A Dynamical Study of the Vowel Sounds. (Crandall, I.B.; Sacia, C.F.)	eng
bstj3-2-238	1924-04-01	day	1924		BSTJ 3: 2. April 1924: Humidity Recorders. (Wheeler, E.B.)	eng
bstj3-2-259	1924-04-01	day	1924		BSTJ 3: 2. April 1924: A Reactance Theorem. (Foster, Ronald M.)	eng
bstj3-2-268	1924-04-01	day	1924		BSTJ 3: 2. April 1924: Some Contemporary Advances in Physics -III. (Darrow, Karl K.)	eng
bstj3-2-299	1924-04-01	day	1924		BSTJ 3: 2. April 1924: An Electrical Frequency Analyzer. (Wegel, R.L.; Moore, C.R.)	eng
bstj3-2-324	1924-04-01	day	1924		BSTJ 3: 2. April 1924: Certain Factors Affecting Telegraph Speed. (Nyquist, H.)	eng
bstj3-2-347	1924-04-01	day	1924		BSTJ 3: 2. April 1924: Abstracts of Bell System Technical Papers Not Appearing in the Bell System Technical Journal.	eng
bstj3-2-351	1924-04-01	day	1924		BSTJ 3: 2. April 1924: Contributors to this Issue.	eng
bstj3-3-353	1924-07-01	day	1924		BSTJ 3: 3. July 1924: Electrical Tests and Their Applications in the Maintenance of Telephone Transmission. (Harden, W.H.)	eng
bstj3-3-393	1924-07-01	day	1924		BSTJ 3: 3. July 1924: A Generalization of the Reciprocal Theorem. (Carson, John R.)	eng
bstj3-3-400	1924-07-01	day	1924		BSTJ 3: 3. July 1924: The Transmission Unit and Telephone Transmission Reference Systems. (Martin, W.H.)	eng
bstj3-3-409	1924-07-01	day	1924		BSTJ 3: 3. July 1924: Practical Application of the Recently Adopted Transmission Unit. (Smith, C.W.)	eng
bstj3-3-414	1924-07-01	day	1924		BSTJ 3: 3. July 1924: Impedance of Loaded Lines, and Design of Simulating and Compensating Networks. (Hoyt, Ray S.)	eng
bstj3-3-468	1924-07-01	day	1924		BSTJ 3: 3. July 1924: Some Contemporary Advances in Physics-IV. (Darrow, Karl K.)	eng
bstj3-3-495	1924-07-01	day	1924		BSTJ 3: 3. July 1924: Some Very Long Telephone Circuits of the Bell System. (Nance, H.H.)	eng
bstj3-3-508	1924-07-01	day	1924		BSTJ 3: 3. July 1924: Vacuum Tube Oscillators-A Graphical Method of Analysis. (Horton, J.W.)	eng
bstj3-3-525	1924-07-01	day	1924		BSTJ 3: 3. July 1924: Abstracts of Technical Papers.	eng
bstj3-3-529	1924-07-01	day	1924		BSTJ 3: 3. July 1924: Contributors To This Issue.	eng
bstj3-4-531	1924-10-01	day	1924		BSTJ 3: 4. October 1924: "The Stethophone," An Electrical Stethoscope. (Frederick, H.A.; Dodge, H.F.)	eng
bstj3-4-550	1924-10-01	day	1924		BSTJ 3: 4. October 1924: Mathematics in Industrial Research. (Campbell, George A.)	eng
bstj3-4-558	1924-10-01	day	1924		BSTJ 3: 4. October 1924: The Building-up of Sinusoidal Currents in Long Periodically Loaded Lines. (Carson, John R.)	eng
bstj3-4-567	1924-10-01	day	1924		BSTJ 3: 4. October 1924: Transmission Characteristics of Electric Wave-Filters. (Zobel, Otto J.)	eng
bstj3-4-621	1924-10-01	day	1924		BSTJ 3: 4. October 1924: Some Contemporary Advances in Physics -V Electricity in Solids. (Darrow, Karl K.)	eng
bstj3-4-651	1924-10-01	day	1924		BSTJ 3: 4. October 1924: Theorems Regrding the Driving-Point Impedance of Two-Mesh Circuits. (Foster, Ronald M.)	eng
bstj3-4-686	1924-10-01	day	1924		BSTJ 3: 4. October 1924: Contributors to this Issue.	eng
bstj4-1-1	1925-01-01	year	1925		BSTJ 4: 1. January 1925: Engineering Cost Studies. (Rhodes, F.L.)	eng
bstj4-1-112	1925-01-01	year	1925		BSTJ 4: 1. January 1925: Some Contemporary Advances in Physics - VI Electricity in Gases. (Darrow, Karl K.)	eng
bstj4-1-15	1925-01-01	year	1925		BSTJ 4: 1. January 1925: The Limitation of the Gain of Two-Way Telephone Repeaters by Impedance Irregularities. (Crisson, George)	eng
bstj4-1-152	1925-01-01	year	1925		BSTJ 4: 1. January 1925: Carrier Telephony on High Voltage Power Lines. (Wolfe, W.V.)	eng
bstj4-1-178	1925-01-01	year	1925		BSTJ 4: 1. January 1925: Abstracts of Bell System Technical Papers Not Appearing in the Bell System Technical Journal.	eng
bstj4-1-184	1925-01-01	year	1925		BSTJ 4: 1. January 1925: Contributors to this Issue.	eng
bstj4-1-26	1925-01-01	year	1925		BSTJ 4: 1. January 1925: Practises in Telephone Transmission Maintenance Work. (Harden, W.H.)	eng
bstj4-1-52	1925-01-01	year	1925		BSTJ 4: 1. January 1925: Mutual Inductance in Wave Filters with an Introduction on Filter Design. (Johnson, K.S.; Shea, T.E.)	eng
bstj4-2-187	1925-04-01	day	1925		BSTJ 4: 2. April 1925: The Transmission of Pictures over Telephone Lines. (Ives, H.E.; Horton, J.W.; Parker, R.D.; Clark, A.B.)	eng
bstj4-2-215	1925-04-01	day	1925		BSTJ 4: 2. April 1925: Propagation of Electric Waves over the Earth. (Nichols, H.W.; Schelleng, J.C.)	eng
bstj4-2-235	1925-04-01	day	1925		BSTJ 4: 2. April 1925: Open Tank Creosoting Plants for Treating Chestnut Poles. (Smith, T.C.)	eng
bstj4-2-265	1925-04-01	day	1925		BSTJ 4: 2. April 1925: Selective Circuits and Static Interference. (Carson, John R.)	eng
bstj4-2-280	1925-04-01	day	1925		BSTJ 4: 2. April 1925: Some Contemporary Advances in Physics - VII Waves and Quanta. (Darrow, Karl K.)	eng
bstj4-2-327	1925-04-01	day	1925		BSTJ 4: 2. April 1925: Wave Propagation Over Parallel Tubular Conductors: The Alternating Current Resistance. (Mead, Sallie Pero)	eng
bstj4-2-339	1925-04-01	day	1925		BSTJ 4: 2. April 1925: Abstracts of Bell System Technical Papers Not Appearing in this Journal.	eng
bstj4-2-347	1925-04-01	day	1925		BSTJ 4: 2. April 1925: Contributors to this Issue.	eng
bstj4-3-349	1925-07-01	day	1925		BSTJ 4: 3. July 1925: Oliver Heaviside. (Gill, F.)	eng
bstj4-3-355	1925-07-01	day	1925		BSTJ 4: 3. July 1925: The Loaded Submarine Telegraph Cable. (Buckley, Oliver E.)	eng
bstj4-3-375	1925-07-01	day	1925		BSTJ 4: 3. July 1925: Useful Numerical Constants of Speech and Hearing. (Fletcher, Harvey)	eng
bstj4-3-387	1925-07-01	day	1925		BSTJ 4: 3. July 1925: Graphic Representation of the Impedance of Networks Containing Resistances and Two Reactances. (Carter, Charles W., Jr.)	eng
bstj4-3-402	1925-07-01	day	1925		BSTJ 4: 3. July 1925: The Vibratory Characteristics and Impedance of Telephone ReceiversAt Low Power Inputs. (Curtis, A.S.)	eng
bstj4-3-407	1925-07-01	day	1925		BSTJ 4: 3. July 1925: Some Contemporary Advances in Physics - VIII The Atom-Model, First Part. (Darrow, Karl K.)	eng
bstj4-3-459	1925-07-01	day	1925		BSTJ 4: 3. July 1925: Transatlantic Radio Telephone Transmission. (Espenschied, LLoyd; Anderson, C.N.; Bailey, Austin)	eng
bstj4-3-508	1925-07-01	day	1925		BSTJ 4: 3. July 1925: Abstracts of Bell System Technical Papers Not Appearing in this Journal.	eng
bstj4-3-512	1925-07-01	day	1925		BSTJ 4: 3. July 1925: Contributors to this Issue.	eng
bstj4-4-515	1925-10-01	day	1925		BSTJ 4: 4. October 1925: General Engineering Problems of the Bell System. (Charlesworth, H.P.)	eng
bstj4-4-542	1925-10-01	day	1925		BSTJ 4: 4. October 1925: Engineering Planning for Manufacture. (Pennock, G.A.)	eng
bstj4-4-561	1925-10-01	day	1925		BSTJ 4: 4. October 1925: Irregularities in Loaded Telephone Circuits. (Crisson, George)	eng
bstj4-4-586	1925-10-01	day	1925		BSTJ 4: 4. October 1925: The Sounds of Speech. (Crandall, Irving B.)	eng
bstj4-4-627	1925-10-01	day	1925		BSTJ 4: 4. October 1925: Speech Power and Energy. (Sacia, C.F.)	eng
bstj4-4-642	1925-10-01	day	1925		BSTJ 4: 4. October 1925: Some Contemporary Advances in Physics IX The Atom-Model, Second Part. (Darrow, Karl K.)	eng
bstj4-4-685	1925-10-01	day	1925		BSTJ 4: 4. October 1925: Electric Circuit Theory and the Operational Calculus. (Carson, John R.)	eng
bstj4-4-762	1925-10-01	day	1925		BSTJ 4: 4. October 1925: Abstracts of Bell System Technical Papers Not Appearing in this Journal.	eng
bstj4-4-766	1925-10-01	day	1925		BSTJ 4: 4. October 1925: Contributors to this Issue.	eng
bstj5-1-1	1926-01-01	year	1926		BSTJ 5: 1. January 1926: Joseph Henry, The American Pioneer in Electrical Communication. (Gherardi, Bancroft; King, Robert W.)	eng
bstj5-1-11	1926-01-01	year	1926		BSTJ 5: 1. January 1926: Correction of Data for Errors of Measurement. (Shewhart, W. A.)	eng
bstj5-1-143	1926-01-01	year	1926		BSTJ 5: 1. January 1926: Some Studies in Radio Broadcast Transmission. (Bown, Ralph; Martin, DeLoss K.; Potter, Ralph K.)	eng
bstj5-1-214	1926-01-01	year	1926		BSTJ 5: 1. January 1926: Abstracts of Bell System Technical Papers Not Appearing in this Journal.	eng
bstj5-1-219	1926-01-01	year	1926		BSTJ 5: 1. January 1926: Contributors in this Issue.	eng
bstj5-1-27	1926-01-01	year	1926		BSTJ 5: 1. January 1926: The Theory of the Operation of the Howling Telephone with Experimental Confirmation. (Fletcher, Harvey)	eng
bstj5-1-50	1926-01-01	year	1926		BSTJ 5: 1. January 1926: Electric Circuit Theory and the Operational Calculus Chapter VI, Propagation of Current and Voltage Along the Non-Inductive Cable. (Carson, John R.)	eng
bstj5-1-96	1926-01-01	year	1926		BSTJ 5: 1. January 1926: Some Contemporary Advances in Physics-X, The Atom-Model, Third Part, A Very Brief Recapitulation of What Has Gone Before. (Darrow, Karl K.)	eng
bstj5-2-221	1926-04-01	day	1926		BSTJ 5: 2. April 1926: Development and Application of Loading for Telephone Circuits. (Shaw, Thomas; Fondiller, William)	eng
bstj5-2-282	1926-04-01	day	1926		BSTJ 5: 2. April 1926: A Static Recorder. (Friis, H.T.)	eng
bstj5-2-292	1926-04-01	day	1926		BSTJ 5: 2. April 1926: Directive Diagrams of Antenna Arrays. (Foster, Ronald M.)	eng
bstj5-2-308	1926-04-01	day	1926		BSTJ 5: 2. April 1926: Correction of Data for Errors of Averages Obtained from Small Samples. (Shewhart, W. A.)	eng
bstj5-2-320	1926-04-01	day	1926		BSTJ 5: 2. April 1926: The Alkali Metal Photoelectric Cell. (Ives, Herbert E.)	eng
bstj5-2-336	1926-04-01	day	1926		BSTJ 5: 2. April 1926: Electric Circuit Theory and the Operational Calculus Chapter IX, The Finite Line with Terminal Impedances. (Carson, John R.)	eng
bstj5-2-385	1926-04-01	day	1926		BSTJ 5: 2. April 1926: Abstracts of Recent Technical Papers from Bell System Sources.	eng
bstj5-2-390	1926-04-01	day	1926		BSTJ 5: 2. April 1926: Contributors to this Issue.	eng
bstj5-3-393	1926-07-01	day	1926		BSTJ 5: 3. July 1926: The Power of Fundamental Speech Sounds. (Sacia, C.F.; Beck, C.J.)	eng
bstj5-3-404	1926-07-01	day	1926		BSTJ 5: 3. July 1926: Extraneous Interference on Submarine Telegraph Cables. (Gilbert, J.J.)	eng
bstj5-3-418	1926-07-01	day	1926		BSTJ 5: 3. July 1926: Neutralization of Telegraph Crossfire. (Shanck, R.B.)	eng
bstj5-3-433	1926-07-01	day	1926		BSTJ 5: 3. July 1926: Operation of Thermionic Vacuum Tube Circuits. (Llewellyn, F.B.)	eng
bstj5-3-463	1926-07-01	day	1926		BSTJ 5: 3. July 1926: Contemporary Advances in Physics - XI - Ionization. (Darrow, Karl K.)	eng
bstj5-3-493	1926-07-01	day	1926		BSTJ 5: 3. July 1926: Methods of High Quality Recording and Reproducing of Music and Speech Based on Telephone Research. (Maxfield, J.P.; Harrison, H.C.)	eng
bstj5-3-524	1926-07-01	day	1926		BSTJ 5: 3. July 1926: Abstracts of Recent Technical Papers from Bell System Sources.	eng
bstj5-3-526	1926-07-01	day	1926		BSTJ 5: 3. July 1926: Contributors to this Issue.	eng
bstj5-4-529	1926-10-01	day	1926		BSTJ 5: 4. October 1926: Radio Signaling System for the New York Police Department. (Anderson, S.E.)	eng
bstj5-4-539	1926-10-01	day	1926		BSTJ 5: 4. October 1926: Wave Propagation in Overhead Wires with Ground Return. (Carson, John R.)	eng
bstj5-4-555	1926-10-01	day	1926		BSTJ 5: 4. October 1926: Electrode Effects in the Measurement of Power Factor and Dielectric Constant of Sheet Insulating Materials. (Hoch, E.T.)	eng
bstj5-4-573	1926-10-01	day	1926		BSTJ 5: 4. October 1926: Load Carrying Capacity of Amplifiers. (Willis, F.C.; Melhuish, L.E.)	eng
bstj5-4-593	1926-10-01	day	1926		BSTJ 5: 4. October 1926: Quality Control Charts. (Shewhart, W.A.)	eng
bstj5-4-604	1926-10-01	day	1926		BSTJ 5: 4. October 1926: Applications of Poisson's Probability Summation. (Thorndike, Frances)	eng
bstj5-4-625	1926-10-01	day	1926		BSTJ 5: 4. October 1926: Line Current Regulation in Bridge Polar Duplex Telegraph Circuits. (Wilburn, S.D.)	eng
bstj5-4-636	1926-10-01	day	1926		BSTJ 5: 4. October 1926: Carrier-Current Communication on Submarine Cables. (Hitchcock, H.W.)	eng
bstj5-4-652	1926-10-01	day	1926		BSTJ 5: 4. October 1926: Abstracts of Recent Technical Books And Papers From Bell System Sources.	eng
bstj5-4-660	1926-10-01	day	1926		BSTJ 5: 4. October 1926: Contributors to this Issue.	eng
bstj6-1-1	1927-01-01	year	1927		BSTJ 6: 1. January 1927: Electromagnetic Theory and the Foundations of Electric Circuit Theory. (Carson, John R.)	eng
bstj6-1-100	1927-01-01	year	1927		BSTJ 6: 1. January 1927: Dynamical Study of the Vowel Sounds, Part II. (Crandall, Irving B.)	eng
bstj6-1-117	1927-01-01	year	1927		BSTJ 6: 1. January 1927: Radio Broadcast Coverage of City Areas. (Espenschied, Lloyd)	eng
bstj6-1-142	1927-01-01	year	1927		BSTJ 6: 1. January 1927: A Shielded Bridge for Inductive Impedance Measurements at Speech and Carrier Frequencies. (Shackelton, W.J.)	eng
bstj6-1-172	1927-01-01	year	1927		BSTJ 6: 1. January 1927: Letters to the Editor.	eng
bstj6-1-18	1927-01-01	year	1927		BSTJ 6: 1. January 1927: Toll Switchboard No. 3. (Davidson, J.)	eng
bstj6-1-181	1927-01-01	year	1927		BSTJ 6: 1. January 1927: Abstracts of Recent Technical Papers from Bell System Sources.	eng
bstj6-1-184	1927-01-01	year	1927		BSTJ 6: 1. January 1927: Contributors to this Issue.	eng
bstj6-1-27	1927-01-01	year	1927		BSTJ 6: 1. January 1927: The Location of Opens in Toll Telephone Cables. (Edwards, P.G.; Herrington, H.W.)	eng
bstj6-1-55	1927-01-01	year	1927		BSTJ 6: 1. January 1927: Contemporary Advances in Physics - XII Radioactivity. (Darrow, Karl K.)	eng
bstj6-2-187	1927-04-01	day	1927		BSTJ 6: 2. April 1927: Developments in the Manufacture of Copper Wire. (Shea, John R.; McMullan, Samuel)	eng
bstj6-2-217	1927-04-01	day	1927		BSTJ 6: 2. April 1927: An Analyzer for the Voice Frequency Range. (Moore, C.R.; Curtis, A.S.)	eng
bstj6-2-230	1927-04-01	day	1927		BSTJ 6: 2. April 1927: Analyzer for Complex Electric Waves. (Landeen, A.G.)	eng
bstj6-2-248	1927-04-01	day	1927		BSTJ 6: 2. April 1927: Transatlantic Radio Telephony. (Brown, Ralph)	eng
bstj6-2-258	1927-04-01	day	1927		BSTJ 6: 2. April 1927: A Study of the Regular Combination of Acoustic Elements, with Applications to Recurrent Acoustic Filters, Tapered Acoustic Fibers, And Horns. (Mason, W.P.)	eng
bstj6-2-295	1927-04-01	day	1927		BSTJ 6: 2. April 1927: Contemporary Advances in Physics-XIII. Ferromagnetism. (Darrow, Karl K)	eng
bstj6-2-367	1927-04-01	day	1927		BSTJ 6: 2. April 1927: Abstracts of Bell System Technical Papers Not Appearing in this Journal.	eng
bstj6-2-372	1927-04-01	day	1927		BSTJ 6: 2. April 1927: Contributors to this Issue.	eng
bstj6-3-375	1927-07-01	day	1927		BSTJ 6: 3. July 1927: Measurement of Inductance by the Shielded Owen Bridge. (Ferguson, J.G.)	eng
bstj6-3-387	1927-07-01	day	1927		BSTJ 6: 3. July 1927: Determination of Electrical Characteristics of Loaded Telegraph Cables. (Gilbert, J.J.)	eng
bstj6-3-402	1927-07-01	day	1927		BSTJ 6: 3. July 1927: Automatic Printing Equipment for Long Loaded Submarine Telegraph Cables. (Clokey, A.A.)	eng
bstj6-3-425	1927-07-01	day	1927		BSTJ 6: 3. July 1927: The Application of Vacuum Tube Amplifiers to Submarine Telegraph Cables. (Curtis, Austen M.)	eng
bstj6-3-442	1927-07-01	day	1927		BSTJ 6: 3. July 1927: Modulation in Vacuum Tubes Used As Amplifiers. (Peterson, Eugene; Evans, Herbert P.)	eng
bstj6-3-461	1927-07-01	day	1927		BSTJ 6: 3. July 1927: Application of the Theory of Probability To Telephone Trunking Problems. (Molina, Edward C.)	eng
bstj6-3-495	1927-07-01	day	1927		BSTJ 6: 3. July 1927: Propagation of Periodic Currents Over a System Of Parallel Wires. (Carson, John R.; Hoyt, Ray S.)	eng
bstj6-3-546	1927-07-01	day	1927		BSTJ 6: 3. July 1927: Abstracts of Bell System Technical Papers Not Appearing in this Journal.	eng
bstj6-3-549	1927-07-01	day	1927		BSTJ 6: 3. July 1927: Contributors to this Issue.	eng
bstj6-4-551	1927-10-01	day	1927		BSTJ 6: 4. October 1927: Television. (Ives, Herbert E. 560-604)	eng
bstj6-4-560	1927-10-01	day	1927		BSTJ 6: 4. October 1927: The Production on Utilization of Television Signals. (Gray, Frank; Horton, J.W.; Mathes, R.C.)	eng
bstj6-4-604	1927-10-01	day	1927		BSTJ 6: 4. October 1927: Synchronization of Television. (Stoller, H.M.; Morton, E.R.)	eng
bstj6-4-616	1927-10-01	day	1927		BSTJ 6: 4. October 1927: Wire Transmission System for Television. (Gannett, D.K.; Green, E.I.)	eng
bstj6-4-633	1927-10-01	day	1927		BSTJ 6: 4. October 1927: Radio Transmission System for Television. (Nelson, Edward L.)	eng
bstj6-4-653	1927-10-01	day	1927		BSTJ 6: 4. October 1927: Contemporary Advances in Physics. XIV Introduction to Wave Mechanics. (Darrow, Karl K.)	eng
bstj6-4-702	1927-10-01	day	1927		BSTJ 6: 4. October 1927: Power Plants for Telephone Offices. (Young, R.L.)	eng
bstj6-4-722	1927-10-01	day	1927		BSTJ 6: 4. October 1927: Quality Control. (Shewhart, W.A.)	eng
bstj6-4-736	1927-10-01	day	1927		BSTJ 6: 4. October 1927: The New York-London Telephone Circuit. (Wright, S.B.; Silent, H.C.)	eng
bstj6-4-750	1927-10-01	day	1927		BSTJ 6: 4. October 1927: Abstracts of Bell System Technical Papers Not Appearing in this Journal.	eng
bstj6-4-752	1927-10-01	day	1927		BSTJ 6: 4. October 1927: Contributors to this Issue.	eng
bstj7-1-1	1928-01-01	year	1928		BSTJ 7: 1. January 1928: The Measurement of Acoustic Impedance and the Absorption Coefficient of Porous Materials. (Wente, E.C.; Bedell, E.H.)	eng
bstj7-1-106	1928-01-01	year	1928		BSTJ 7: 1. January 1928: Grid Current Modulation. (Peterson, Eugene; Keith, Clyde R.)	eng
bstj7-1-11	1928-01-01	year	1928		BSTJ 7: 1. January 1928: The Rigorous and Approximate Theories of Electrical Transmission Along Wires. (Carson, John R.)	eng
bstj7-1-140	1928-01-01	year	1928		BSTJ 7: 1. January 1928: A High Efficiency Receiver for a Horn-Type Loud Speaker of Large Power Capacity. (Wente, E.C.; Thuras, A.L.)	eng
bstj7-1-154	1928-01-01	year	1928		BSTJ 7: 1. January 1928: Abstracts of Bell System Technical Papers Not Appearing in this Journal.	eng
bstj7-1-159	1928-01-01	year	1928		BSTJ 7: 1. January 1928: Contributors to this Issue.	eng
bstj7-1-26	1928-01-01	year	1928		BSTJ 7: 1. January 1928: Some General Results of Elementary Sampling Theory for Engineering Use. (Coggins, Paul P.)	eng
bstj7-1-70	1928-01-01	year	1928		BSTJ 7: 1. January 1928: Electrical Measurement of Communication Apparatus. (Shackelton, W.J.; Ferguson, J.G.)	eng
bstj7-1-90	1928-01-01	year	1928		BSTJ 7: 1. January 1928: The Diffraction of Electrons by a Crystal of Nickel. (Davisson, C.J.)	eng
bstj7-2-161	1928-04-01	day	1928		BSTJ 7: 2. April 1928: Joint Meeting of the Institution of Electrical Engineers and the American Institute of Electrical Engineers.	eng
bstj7-2-168	1928-04-01	day	1928		BSTJ 7: 2. April 1928: Transatlantic Telephony - the Technical Problem. (Blackwell, O.B.)	eng
bstj7-2-187	1928-04-01	day	1928		BSTJ 7: 2. April 1928: Transatlantic Telephony - Service and Operating Features. (Waterson, K.W.)	eng
bstj7-2-195	1928-04-01	day	1928		BSTJ 7: 2. April 1928: Phase Distortion and Phase Distortion Correction. (Mead, Sallie Pero)	eng
bstj7-2-225	1928-04-01	day	1928		BSTJ 7: 2. April 1928: High-Speed Ocean Cable Telegraphy. (Buckley, Oliver E.)	eng
bstj7-2-268	1928-04-01	day	1928		BSTJ 7: 2. April 1928: The Present Status of Wire Transmission Theory and Some of its Outstanding Problems. (Carson, John R.)	eng
bstj7-2-281	1928-04-01	day	1928		BSTJ 7: 2. April 1928: Contemporary Advances in Physics - XV The Classical Theory of Light, First Part. (Darrow, Karl K.)	eng
bstj7-2-321	1928-04-01	day	1928		BSTJ 7: 2. April 1928: Recent Developments in the Process of Manufacturing Lead-Covered Telephone Cable. (Hart, C.D.)	eng
bstj7-2-343	1928-04-01	day	1928		BSTJ 7: 2. April 1928: Bridge for Measuring Small Time Intervals. (Herman, J.)	eng
bstj7-2-350	1928-04-01	day	1928		BSTJ 7: 2. April 1928: A Method of Rating Manufactured Product. (Dodge, H.F.)	eng
bstj7-2-369	1928-04-01	day	1928		BSTJ 7: 2. April 1928: Abstracts of Bell System Technical Papers Not Appearing in this Journal.	eng
bstj7-2-373	1928-04-01	day	1928		BSTJ 7: 2. April 1928: Contributors to this Issue.	eng
bstj7-3-375	1928-07-01	day	1928		BSTJ 7: 3. July 1928: Precision Tool Making for the Manufacture of Telephone Apparatus. (Kasley, J.H.; Hutchison, F.P.)	eng
bstj7-3-404	1928-07-01	day	1928		BSTJ 7: 3. July 1928: The Natural Period of Linear Conductors. (Englund, C.R.)	eng
bstj7-3-420	1928-07-01	day	1928		BSTJ 7: 3. July 1928: The Measurement of Capacitance in Terms of Resistance and Frequency. (Ferguson, J.G.; Bartlett, B.W.)	eng
bstj7-3-438	1928-07-01	day	1928		BSTJ 7: 3. July 1928: Distortion Correction in Electrical Circuits with Constant Resistance Recurrent Networks. (Zobel, Otto J.)	eng
bstj7-3-535	1928-07-01	day	1928		BSTJ 7: 3. July 1928: Transmission of Information. (Hartley, R.V.L.)	eng
bstj7-3-564	1928-07-01	day	1928		BSTJ 7: 3. July 1928: Carrier Systems on Long Distance Telephone Lines. (Affel, H.A.; Demarest, C.S.; Green, C.W.)	eng
bstj7-3-630	1928-07-01	day	1928		BSTJ 7: 3. July 1928: Abstracts of Bell System Technical Papers Not Appearing in this Journal.	eng
bstj7-3-636	1928-07-01	day	1928		BSTJ 7: 3. July 1928: Contributors to this Issue.	eng
bstj7-4-639	1928-10-01	day	1928		BSTJ 7: 4. October 1928: The Practical Application of the Fourier Integral. (Campbell, George A.)	eng
bstj7-4-708	1928-10-01	day	1928		BSTJ 7: 4. October 1928: Automatic Machine Gaging. (Robbins, C.W.)	eng
bstj7-4-730	1928-10-01	day	1928		BSTJ 7: 4. October 1928: Contemporary Advances in Physics, XVI The Classical Theory of Light, Second Part. (Darrow, Karl K.)	eng
bstj7-4-762	1928-10-01	day	1928		BSTJ 7: 4. October 1928: Harmonic Production in Ferromagnetic Materials at Low Frequencies and Low Flux Densities. (Peterson, Eugene)	eng
bstj7-4-797	1928-10-01	day	1928		BSTJ 7: 4. October 1928: Airways Communication Service. (Craft, Edward B.)	eng
bstj7-4-808	1928-10-01	day	1928		BSTJ 7: 4. October 1928: Abstracts of Bell System Technical Papers Not Appearing in this Journal.	eng
bstj7-4-814	1928-10-01	day	1928		BSTJ 7: 4. October 1928: Contributors to this Issue.	eng
bstj8-1-1	1929-01-01	year	1929		BSTJ 8: 1. January 1929: Decibel--The Name for the Transmission Unit. (Martin, W.H.)	eng
bstj8-1-109	1929-01-01	year	1929		BSTJ 8: 1. January 1929: A New Method for Obtaining Transient Solutions of Electrical Networks. (Mason, W.P.)	eng
bstj8-1-135	1929-01-01	year	1929		BSTJ 8: 1. January 1929: Acoustic Considerations Involved in Steady State Loud Speaker Measurements. (Bostwick, L.G.)	eng
bstj8-1-159	1929-01-01	year	1929		BSTJ 8: 1. January 1929: Recent Advances in Wax Recording. (Frederick, Halsey A.)	eng
bstj8-1-173	1929-01-01	year	1929		BSTJ 8: 1. January 1929: Sound Recording with the Light Valve. (MacKenzie, Donald)	eng
bstj8-1-184	1929-01-01	year	1929		BSTJ 8: 1. January 1929: Synchronization and Speed Control of Synchronized Sound Pictures. (Stoller, H.M.)	eng
bstj8-1-196	1929-01-01	year	1929		BSTJ 8: 1. January 1929: A Sound Projector System for Use in Motion Picture Theaters. (Scriven, E.O.)	eng
bstj8-1-209	1929-01-01	year	1929		BSTJ 8: 1. January 1929: Abstracts of Bell System Technical Papers Not Appearing in this Journal.	eng
bstj8-1-21	1929-01-01	year	1929		BSTJ 8: 1. January 1929: Magnetic Properties of Perminvar. (Elmen, G.W.)	eng
bstj8-1-214	1929-01-01	year	1929		BSTJ 8: 1. January 1929: Contributors to this Issue.	eng
bstj8-1-3	1929-01-01	year	1929		BSTJ 8: 1. January 1929: The Principles of Electric Circuits Applied to Communication. (Osborne, H.S.)	eng
bstj8-1-41	1929-01-01	year	1929		BSTJ 8: 1. January 1929: The Aluminum Electrolytic Condenser. (Siegmund, H.O.)	eng
bstj8-1-64	1929-01-01	year	1929		BSTJ 8: 1. January 1929: Contemporary Advances in Physics, XVII, The Scattering of Light with Change of Frequency. (Darrow, Karl K.)	eng
bstj8-1-94	1929-01-01	year	1929		BSTJ 8: 1. January 1929: Ground Return Impedance: Underground Wire with Earth Return. (Carson, John R.)	eng
bstj8-1-99	1929-01-01	year	1929		BSTJ 8: 1. January 1929: Application to the Binomial Summation of a Laplacian Method for the Evaluation of Definite Integrals. (Molina, E.C.)	eng
bstj8-2-217	1929-04-01	day	1929		BSTJ 8: 2. April 1929: Electrons and Quanta. (Davisson, C.J.)	eng
bstj8-2-225	1929-04-01	day	1929		BSTJ 8: 2. April 1929: The Predominating Influence of Moisture and Electrolytic Material Upon Textiles as Insulators. (Williams, R.R.; Murphy, E.J.)	eng
bstj8-2-243	1929-04-01	day	1929		BSTJ 8: 2. April 1929: Purified Textile Insulation for Telephone Central Office Wiring. (Glenn, H.H.; Wood, E.B.)	eng
bstj8-2-257	1929-04-01	day	1929		BSTJ 8: 2. April 1929: Telephone Apparatus Springs: A Review of the Principal Types and the Properties Desired of These Springs. (Townsend, J.R.)	eng
bstj8-2-267	1929-04-01	day	1929		BSTJ 8: 2. April 1929: Effect of Signal Distortion on Morse Telegraph Transmission Quality. (Herman, J.)	eng
bstj8-2-286	1929-04-01	day	1929		BSTJ 8: 2. April 1929: A Braun Tube Hysteresigraph. (Johnson, J.B.)	eng
bstj8-2-309	1929-04-01	day	1929		BSTJ 8: 2. April 1929: The Receiving System for Long-Wave Transatlantic Radio Telephony. (Bailey, Austin; Dean, S.W.; Wintringham, W.T.)	eng
bstj8-2-368	1929-04-01	day	1929		BSTJ 8: 2. April 1929: Oscillographs for Recording Transient Phenomena. (Marrison, W.A.)	eng
bstj8-2-391	1929-04-01	day	1929		BSTJ 8: 2. April 1929: Contemporary Advances in Physics, XVIII, The Diffraction of Waves by Crystals. (Darrow, Karl K.)	eng
bstj8-2-429	1929-04-01	day	1929		BSTJ 8: 2. April 1929: Abstracts of Technical Articles From Bell System Sources.	eng
bstj8-2-433	1929-04-01	day	1929		BSTJ 8: 2. April 1929: Contributions to this Issue.	eng
bstj8-3-435	1929-07-01	day	1929		BSTJ 8: 3. July 1929: Magnetic Alloys of Iron, Nickel, and Cobalt. (Elmen, G.W.)	eng
bstj8-3-466	1929-07-01	day	1929		BSTJ 8: 3. July 1929: A Test for Polarization of Electron Waves by Reflection. (Davisson, C.J.; Germer, L.H.)	eng
bstj8-3-482	1929-07-01	day	1929		BSTJ 8: 3. July 1929: A Generalization of Heaviside's Expansion Theorem. (Pennell, W.O.)	eng
bstj8-3-493	1929-07-01	day	1929		BSTJ 8: 3. July 1929: A High Precision Standard of Frequency. (Marrison, W.A.)	eng
bstj8-3-515	1929-07-01	day	1929		BSTJ 8: 3. July 1929: Observations on Modes of Vibration and Temperature Coefficients of Quartz Crystal Plates. (Lack, F.R.)	eng
bstj8-3-536	1929-07-01	day	1929		BSTJ 8: 3. July 1929: Master Reference System for Telephone Transmission. (Martin, W.H.; Gray, C.H.G.)	eng
bstj8-3-560	1929-07-01	day	1929		BSTJ 8: 3. July 1929: Shielding in High-Frequency Measurements. (Ferguson, J.G.)	eng
bstj8-3-576	1929-07-01	day	1929		BSTJ 8: 3. July 1929: Fatigue Studies of Non-Ferrous Sheet Metals. (Townsend, John R.; Greenall, Charles H.)	eng
bstj8-3-591	1929-07-01	day	1929		BSTJ 8: 3. July 1929: An Application of Electron Diffraction to the Study of Gas Adsorption. (Germer, L.H.)	eng
bstj8-3-605	1929-07-01	day	1929		BSTJ 8: 3. July 1929: Abstracts of Technical Articles From Bell System Sources.	eng
bstj8-3-611	1929-07-01	day	1929		BSTJ 8: 3. July 1929: Contributions to this Issue.	eng
bstj8-4-613	1929-10-01	day	1929		BSTJ 8: 4. October 1929: A Method of Sampling Inspection. (Dodge, H.F.; Romig, H.G.)	eng
bstj8-4-632	1929-10-01	day	1929		BSTJ 8: 4. October 1929: The Frequency Distribution of the Unknown Mean of a Sampled Universe. (Molina, E.C.; Wilkinson, R.I.)	eng
bstj8-4-646	1929-10-01	day	1929		BSTJ 8: 4. October 1929: Speech Power and Its Measurement. (Sivian, L.J.)	eng
bstj8-4-662	1929-10-01	day	1929		BSTJ 8: 4. October 1929: Asymptotic Dipole Radiation Formulas. (Wise, W. Howard)	eng
bstj8-4-672	1929-10-01	day	1929		BSTJ 8: 4. October 1929: Statistical Theories of Matter, Radiation and Electricity. (Darrow, Karl K.)	eng
bstj8-4-749	1929-10-01	day	1929		BSTJ 8: 4. October 1929: Physical Properties and Methods of Test For Some Sheet Non-Ferrous Metals. (Townsend, J.R.; Straw, W.A.)	eng
bstj8-4-806	1929-10-01	day	1929		BSTJ 8: 4. October 1929: Articulation Testing Methods. (Fletcher, H.; Steinberg, J.C.)	eng
bstj8-4-855	1929-10-01	day	1929		BSTJ 8: 4. October 1929: Abstracts of Technical Articles from Bell System Sources.	eng
bstj8-4-860	1929-10-01	day	1929		BSTJ 8: 4. October 1929: Contributors to this Issue.	eng
bstj9-1-1	1930-01-01	year	1930		BSTJ 9: 1. January 1930: Telephone Communication System of the United States. (Gherardi, Bancroft; Jewett, F.B.)	eng
bstj9-1-101	1930-01-01	year	1930		BSTJ 9: 1. January 1930: Structure and Nature of Troostite. (Lucas, Francis F.)	eng
bstj9-1-121	1930-01-01	year	1930		BSTJ 9: 1. January 1930: Radio Broadcasting Transmitters and Related Transmission Phenomena. (Nelson, Edward L.)	eng
bstj9-1-141	1930-01-01	year	1930		BSTJ 9: 1. January 1930: Wire Line Systems for National Broadcasting. (Clark, A.B.)	eng
bstj9-1-150	1930-01-01	year	1930		BSTJ 9: 1. January 1930: Notes on the Heaviside Operational Calculus. (Carson, John R.)	eng
bstj9-1-163	1930-01-01	year	1930		BSTJ 9: 1. January 1930: Contemporary Advances in Physics, XIX, Fusion of Wave and Corpuscle Theories. (Darrow, Karl K.)	eng
bstj9-1-189	1930-01-01	year	1930		BSTJ 9: 1. January 1930: Wave Propagation Over Continuously Loaded Fine Wires. (Zinn, M.K.)	eng
bstj9-1-207	1930-01-01	year	1930		BSTJ 9: 1. January 1930: Theory of Vibration of the Larynx. (Wegel, R.L.)	eng
bstj9-1-228	1930-01-01	year	1930		BSTJ 9: 1. January 1930: Abstracts of Technical Articles From Bell System Sources.	eng
bstj9-1-234	1930-01-01	year	1930		BSTJ 9: 1. January 1930: Contributors to This Issue.	eng
bstj9-2-237	1930-04-01	day	1930		BSTJ 9: 2. April 1930: Developments in Communication Materials. (Fondiller, William )	eng
bstj9-2-258	1930-04-01	day	1930		BSTJ 9: 2. April 1930: Transoceanic Telephone Service - Short-Wave Transmission. (Bown, Ralph)	eng
bstj9-2-270	1930-04-01	day	1930		BSTJ 9: 2. April 1930: Transoceanic Telephone Service - Short-Wave Equipment. (Oswald, A.A.)	eng
bstj9-2-290	1930-04-01	day	1930		BSTJ 9: 2. April 1930: The Words and Sounds of Telephone Conversations. (French, Norman R.; Carter, Charles W., Jr.; Koenig, Walter, Jr.)	eng
bstj9-2-325	1930-04-01	day	1930		BSTJ 9: 2. April 1930: The Reciprocal Energy Theorem. (Carson, John R.)	eng
bstj9-2-332	1930-04-01	day	1930		BSTJ 9: 2. April 1930: The Approximate Networks of Acoustic Filters. (Mason, W.P.)	eng
bstj9-2-341	1930-04-01	day	1930		BSTJ 9: 2. April 1930: Contemporary Advances in Physics, XX, Ionization of Gases by Light. (Darrow, Karl K.)	eng
bstj9-2-356	1930-04-01	day	1930		BSTJ 9: 2. April 1930: Motion of Telephone Wires in Wind. (Quarles, D.A.)	eng
bstj9-2-364	1930-04-01	day	1930		BSTJ 9: 2. April 1930: Economic Quality Control of Manufactured Product. (Shewhart, W.A.)	eng
bstj9-2-390	1930-04-01	day	1930		BSTJ 9: 2. April 1930: Optimum Reverberation Time for Auditoriums. (MacNair, Walter A. )	eng
bstj9-2-398	1930-04-01	day	1930		BSTJ 9: 2. April 1930: Abstracts of Technical Articles from Bell System Sources .	eng
bstj9-2-404	1930-04-01	day	1930		BSTJ 9: 2. April 1930: Contributors to this Issue.	eng
bstj9-3-407	1930-07-01	day	1930		BSTJ 9: 3. July 1930: Radio Telephone Service to Ships at Sea. (Wilson, William; Espenscheid, Lloyd)	eng
bstj9-3-429	1930-07-01	day	1930		BSTJ 9: 3. July 1930: A General Switching Plan for Telephone Toll Service. (Osbourne, H.S.)	eng
bstj9-3-448	1930-07-01	day	1930		BSTJ 9: 3. July 1930: Image Transmission System for Two-Way Television. (Ives, Herbert E.; Gray, Frank; Baldwin, M.W.)	eng
bstj9-3-470	1930-07-01	day	1930		BSTJ 9: 3. July 1930: Synchronization System for Two-Way Television. (Stoller, H.M.)	eng
bstj9-3-478	1930-07-01	day	1930		BSTJ 9: 3. July 1930: Sound Transmission System for Two-Way Television. (Blattner, D.G.; Bostwick, L.G.)	eng
bstj9-3-483	1930-07-01	day	1930		BSTJ 9: 3. July 1930: Transmitted Frequency Range for Telephone Message Circuits. (Martin, W.H.)	eng
bstj9-3-487	1930-07-01	day	1930		BSTJ 9: 3. July 1930: Some Recent Developments in Long Distance Cables in the United States of America. (Clark, A.B.)	eng
bstj9-3-493	1930-07-01	day	1930		BSTJ 9: 3. July 1930: Phase Distortion in Telephone Apparatus. (Lane, C.E.)	eng
bstj9-3-522	1930-07-01	day	1930		BSTJ 9: 3. July 1930: Measurement of Phase Distortion. (Nyquist, H.; Brand, S.)	eng
bstj9-3-550	1930-07-01	day	1930		BSTJ 9: 3. July 1930: Effects of Phase Distortion on Telephone Quality. (Steinberg, John C.)	eng
bstj9-3-567	1930-07-01	day	1930		BSTJ 9: 3. July 1930: Long Distance Cable Circuit for Program Transmission. (Clark, A.B.; Green, C.W.)	eng
bstj9-3-595	1930-07-01	day	1930		BSTJ 9: 3. July 1930: Abstracts of Technical Articles from Bell System Sources .	eng
bstj9-3-600	1930-07-01	day	1930		BSTJ 9: 3. July 1930: Contributors to this Issue.	eng
bstj9-4-603	1930-10-01	day	1930		BSTJ 9: 4. October 1930: Chemistry in the Telephone Industry. (Williams, Robert R.)	eng
bstj9-4-622	1930-10-01	day	1930		BSTJ 9: 4. October 1930: The Trend in the Design of Telephone Transmitters and Receivers. (Martin, W.H.; Davidson, W.F.)	eng
bstj9-4-628	1930-10-01	day	1930		BSTJ 9: 4. October 1930: Mutual Impedances of Ground-Return Circuits. (Bowen, A.E.; Gilkeson, G.L.)	eng
bstj9-4-652	1930-10-01	day	1930		BSTJ 9: 4. October 1930: A Survey of Room Noise in Telephone Locations. (Williams, W.J.; McCurdy, Ralph G.)	eng
bstj9-4-668	1930-10-01	day	1930		BSTJ 9: 4. October 1930: Contemporary Advances in Physics, XXI, Interception and Scattering of Electrons and Ions. (Darrow, Karl K.)	eng
bstj9-4-697	1930-10-01	day	1930		BSTJ 9: 4. October 1930: A Study of Telephone Line Insulators. (Wilson, L.T.)	eng
bstj9-4-730	1930-10-01	day	1930		BSTJ 9: 4. October 1930: The Transmission Characteristics of Open-Wire Telephone Lines. (Green, E.I.)	eng
bstj9-4-760	1930-10-01	day	1930		BSTJ 9: 4. October 1930: Transients in Parallel Grounded Circuits, One of Which is of Infinite Length. (Peterson, Liss C.)	eng
bstj9-4-770	1930-10-01	day	1930		BSTJ 9: 4. October 1930: Impedance Correction of Wave Filters. (Payne, E.B.)	eng
bstj9-4-794	1930-10-01	day	1930		BSTJ 9: 4. October 1930: A Method of Impedance Correction. (Bode, H.W.)	eng
bstj9-4-836	1930-10-01	day	1930		BSTJ 9: 4. October 1930: Abstracts of Technical Articles from Bell System Sources.	eng
bstj9-4-840	1930-10-01	day	1930		BSTJ 9: 4. October 1930: Contributors to this Issue.	eng
