# bstj_ia: archive.org djvu.txt, query 'collection:bstj-archives', window 1922-01-01..1939-06-30; built 2026-10-06 by src.data.ia_catalog
key	url	bytes	checksum
bstj1-1-1	https://archive.org/download/bstj1-1-1/bstj1-1-1_djvu.txt	?	-
bstj1-1-116	https://archive.org/download/bstj1-1-116/bstj1-1-116_djvu.txt	?	-
bstj1-1-129	https://archive.org/download/bstj1-1-129/bstj1-1-129_djvu.txt	?	-
bstj1-1-145	https://archive.org/download/bstj1-1-145/bstj1-1-145_djvu.txt	?	-
bstj1-1-18	https://archive.org/download/bstj1-1-18/bstj1-1-18_djvu.txt	?	-
bstj1-1-39	https://archive.org/download/bstj1-1-39/bstj1-1-39_djvu.txt	?	-
bstj1-1-4	https://archive.org/download/bstj1-1-4/bstj1-1-4_djvu.txt	?	-
bstj1-1-60	https://archive.org/download/bstj1-1-60/bstj1-1-60_djvu.txt	?	-
bstj1-1-88	https://archive.org/download/bstj1-1-88/bstj1-1-88_djvu.txt	?	-
bstj1-2-1	https://archive.org/download/bstj1-2-1/bstj1-2-1_djvu.txt	?	-
bstj1-2-110	https://archive.org/download/bstj1-2-110/bstj1-2-110_djvu.txt	?	-
bstj1-2-117	https://archive.org/download/bstj1-2-117/bstj1-2-117_djvu.txt	?	-
bstj1-2-142	https://archive.org/download/bstj1-2-142/bstj1-2-142_djvu.txt	?	-
bstj1-2-152	https://archive.org/download/bstj1-2-152/bstj1-2-152_djvu.txt	?	-
bstj1-2-33	https://archive.org/download/bstj1-2-33/bstj1-2-33_djvu.txt	?	-
bstj1-2-43	https://archive.org/download/bstj1-2-43/bstj1-2-43_djvu.txt	?	-
bstj1-2-56	https://archive.org/download/bstj1-2-56/bstj1-2-56_djvu.txt	?	-
bstj1-2-69	https://archive.org/download/bstj1-2-69/bstj1-2-69_djvu.txt	?	-
bstj1-2-82	https://archive.org/download/bstj1-2-82/bstj1-2-82_djvu.txt	?	-
bstj11-1-1	https://archive.org/download/bstj11-1-1/bstj11-1-1_djvu.txt	?	-
bstj11-1-101	https://archive.org/download/bstj11-1-101/bstj11-1-101_djvu.txt	?	-
bstj11-1-126	https://archive.org/download/bstj11-1-126/bstj11-1-126_djvu.txt	?	-
bstj11-1-148	https://archive.org/download/bstj11-1-148/bstj11-1-148_djvu.txt	?	-
bstj11-1-185	https://archive.org/download/bstj11-1-185/bstj11-1-185_djvu.txt	?	-
bstj11-1-195	https://archive.org/download/bstj11-1-195/bstj11-1-195_djvu.txt	?	-
bstj11-1-28	https://archive.org/download/bstj11-1-28/bstj11-1-28_djvu.txt	?	-
bstj11-1-53	https://archive.org/download/bstj11-1-53/bstj11-1-53_djvu.txt	?	-
bstj11-1-67	https://archive.org/download/bstj11-1-67/bstj11-1-67_djvu.txt	?	-
bstj11-2-197	https://archive.org/download/bstj11-2-197/bstj11-2-197_djvu.txt	?	-
bstj11-2-213	https://archive.org/download/bstj11-2-213/bstj11-2-213_djvu.txt	?	-
bstj11-2-231	https://archive.org/download/bstj11-2-231/bstj11-2-231_djvu.txt	?	-
bstj11-2-245	https://archive.org/download/bstj11-2-245/bstj11-2-245_djvu.txt	?	-
bstj11-2-264	https://archive.org/download/bstj11-2-264/bstj11-2-264_djvu.txt	?	-
bstj11-2-283	https://archive.org/download/bstj11-2-283/bstj11-2-283_djvu.txt	?	-
bstj11-2-293	https://archive.org/download/bstj11-2-293/bstj11-2-293_djvu.txt	?	-
bstj11-2-318	https://archive.org/download/bstj11-2-318/bstj11-2-318_djvu.txt	?	-
bstj11-2-324	https://archive.org/download/bstj11-2-324/bstj11-2-324_djvu.txt	?	-
bstj11-3-327	https://archive.org/download/bstj11-3-327/bstj11-3-327_djvu.txt	?	-
bstj11-3-334	https://archive.org/download/bstj11-3-334/bstj11-3-334_djvu.txt	?	-
bstj11-3-368	https://archive.org/download/bstj11-3-368/bstj11-3-368_djvu.txt	?	-
bstj11-3-383	https://archive.org/download/bstj11-3-383/bstj11-3-383_djvu.txt	?	-
bstj11-3-402	https://archive.org/download/bstj11-3-402/bstj11-3-402_djvu.txt	?	-
bstj11-3-411	https://archive.org/download/bstj11-3-411/bstj11-3-411_djvu.txt	?	-
bstj11-3-451	https://archive.org/download/bstj11-3-451/bstj11-3-451_djvu.txt	?	-
bstj11-3-462	https://archive.org/download/bstj11-3-462/bstj11-3-462_djvu.txt	?	-
bstj11-3-477	https://archive.org/download/bstj11-3-477/bstj11-3-477_djvu.txt	?	-
bstj11-3-482	https://archive.org/download/bstj11-3-482/bstj11-3-482_djvu.txt	?	-
bstj11-4-485	https://archive.org/download/bstj11-4-485/bstj11-4-485_djvu.txt	?	-
bstj11-4-520	https://archive.org/download/bstj11-4-520/bstj11-4-520_djvu.txt	?	-
bstj11-4-546	https://archive.org/download/bstj11-4-546/bstj11-4-546_djvu.txt	?	-
bstj11-4-563	https://archive.org/download/bstj11-4-563/bstj11-4-563_djvu.txt	?	-
bstj11-4-576	https://archive.org/download/bstj11-4-576/bstj11-4-576_djvu.txt	?	-
bstj11-4-608	https://archive.org/download/bstj11-4-608/bstj11-4-608_djvu.txt	?	-
bstj11-4-622	https://archive.org/download/bstj11-4-622/bstj11-4-622_djvu.txt	?	-
bstj11-4-629	https://archive.org/download/bstj11-4-629/bstj11-4-629_djvu.txt	?	-
bstj12-1-1	https://archive.org/download/bstj12-1-1/bstj12-1-1_djvu.txt	?	-
bstj12-1-119	https://archive.org/download/bstj12-1-119/bstj12-1-119_djvu.txt	?	-
bstj12-1-123	https://archive.org/download/bstj12-1-123/bstj12-1-123_djvu.txt	?	-
bstj12-1-22	https://archive.org/download/bstj12-1-22/bstj12-1-22_djvu.txt	?	-
bstj12-1-35	https://archive.org/download/bstj12-1-35/bstj12-1-35_djvu.txt	?	-
bstj12-1-76	https://archive.org/download/bstj12-1-76/bstj12-1-76_djvu.txt	?	-
bstj12-1-91	https://archive.org/download/bstj12-1-91/bstj12-1-91_djvu.txt	?	-
bstj12-2-125	https://archive.org/download/bstj12-2-125/bstj12-2-125_djvu.txt	?	-
bstj12-2-162	https://archive.org/download/bstj12-2-162/bstj12-2-162_djvu.txt	?	-
bstj12-2-178	https://archive.org/download/bstj12-2-178/bstj12-2-178_djvu.txt	?	-
bstj12-2-197	https://archive.org/download/bstj12-2-197/bstj12-2-197_djvu.txt	?	-
bstj12-2-228	https://archive.org/download/bstj12-2-228/bstj12-2-228_djvu.txt	?	-
bstj12-2-244	https://archive.org/download/bstj12-2-244/bstj12-2-244_djvu.txt	?	-
bstj12-2-248	https://archive.org/download/bstj12-2-248/bstj12-2-248_djvu.txt	?	-
bstj12-3-251	https://archive.org/download/bstj12-3-251/bstj12-3-251_djvu.txt	?	-
bstj12-3-264	https://archive.org/download/bstj12-3-264/bstj12-3-264_djvu.txt	?	-
bstj12-3-288	https://archive.org/download/bstj12-3-288/bstj12-3-288_djvu.txt	?	-
bstj12-3-331	https://archive.org/download/bstj12-3-331/bstj12-3-331_djvu.txt	?	-
bstj12-3-347	https://archive.org/download/bstj12-3-347/bstj12-3-347_djvu.txt	?	-
bstj12-3-371	https://archive.org/download/bstj12-3-371/bstj12-3-371_djvu.txt	?	-
bstj12-3-375	https://archive.org/download/bstj12-3-375/bstj12-3-375_djvu.txt	?	-
bstj12-4-377	https://archive.org/download/bstj12-4-377/bstj12-4-377_djvu.txt	?	-
bstj12-4-431	https://archive.org/download/bstj12-4-431/bstj12-4-431_djvu.txt	?	-
bstj12-4-452	https://archive.org/download/bstj12-4-452/bstj12-4-452_djvu.txt	?	-
bstj12-4-469	https://archive.org/download/bstj12-4-469/bstj12-4-469_djvu.txt	?	-
bstj12-4-498	https://archive.org/download/bstj12-4-498/bstj12-4-498_djvu.txt	?	-
bstj12-4-517	https://archive.org/download/bstj12-4-517/bstj12-4-517_djvu.txt	?	-
bstj12-4-533	https://archive.org/download/bstj12-4-533/bstj12-4-533_djvu.txt	?	-
bstj12-4-538	https://archive.org/download/bstj12-4-538/bstj12-4-538_djvu.txt	?	-
bstj13-1-1	https://archive.org/download/bstj13-1-1/bstj13-1-1_djvu.txt	?	-
bstj13-1-102	https://archive.org/download/bstj13-1-102/bstj13-1-102_djvu.txt	?	-
bstj13-1-159	https://archive.org/download/bstj13-1-159/bstj13-1-159_djvu.txt	?	-
bstj13-1-161	https://archive.org/download/bstj13-1-161/bstj13-1-161_djvu.txt	?	-
bstj13-1-19	https://archive.org/download/bstj13-1-19/bstj13-1-19_djvu.txt	?	-
bstj13-1-59	https://archive.org/download/bstj13-1-59/bstj13-1-59_djvu.txt	?	-
bstj13-2-163	https://archive.org/download/bstj13-2-163/bstj13-2-163_djvu.txt	?	-
bstj13-2-195	https://archive.org/download/bstj13-2-195/bstj13-2-195_djvu.txt	?	-
bstj13-2-239	https://archive.org/download/bstj13-2-239/bstj13-2-239_djvu.txt	?	-
bstj13-2-245	https://archive.org/download/bstj13-2-245/bstj13-2-245_djvu.txt	?	-
bstj13-2-259	https://archive.org/download/bstj13-2-259/bstj13-2-259_djvu.txt	?	-
bstj13-2-278	https://archive.org/download/bstj13-2-278/bstj13-2-278_djvu.txt	?	-
bstj13-2-285	https://archive.org/download/bstj13-2-285/bstj13-2-285_djvu.txt	?	-
bstj13-2-301	https://archive.org/download/bstj13-2-301/bstj13-2-301_djvu.txt	?	-
bstj13-2-309	https://archive.org/download/bstj13-2-309/bstj13-2-309_djvu.txt	?	-
bstj13-2-313	https://archive.org/download/bstj13-2-313/bstj13-2-313_djvu.txt	?	-
bstj13-3-315	https://archive.org/download/bstj13-3-315/bstj13-3-315_djvu.txt	?	-
bstj13-3-333	https://archive.org/download/bstj13-3-333/bstj13-3-333_djvu.txt	?	-
bstj13-3-351	https://archive.org/download/bstj13-3-351/bstj13-3-351_djvu.txt	?	-
bstj13-3-382	https://archive.org/download/bstj13-3-382/bstj13-3-382_djvu.txt	?	-
bstj13-3-391	https://archive.org/download/bstj13-3-391/bstj13-3-391_djvu.txt	?	-
bstj13-3-405	https://archive.org/download/bstj13-3-405/bstj13-3-405_djvu.txt	?	-
bstj13-3-453	https://archive.org/download/bstj13-3-453/bstj13-3-453_djvu.txt	?	-
bstj13-3-464	https://archive.org/download/bstj13-3-464/bstj13-3-464_djvu.txt	?	-
bstj13-3-516	https://archive.org/download/bstj13-3-516/bstj13-3-516_djvu.txt	?	-
bstj13-3-520	https://archive.org/download/bstj13-3-520/bstj13-3-520_djvu.txt	?	-
bstj13-4-523	https://archive.org/download/bstj13-4-523/bstj13-4-523_djvu.txt	?	-
bstj13-4-532	https://archive.org/download/bstj13-4-532/bstj13-4-532_djvu.txt	?	-
bstj13-4-580	https://archive.org/download/bstj13-4-580/bstj13-4-580_djvu.txt	?	-
bstj13-4-614	https://archive.org/download/bstj13-4-614/bstj13-4-614_djvu.txt	?	-
bstj13-4-634	https://archive.org/download/bstj13-4-634/bstj13-4-634_djvu.txt	?	-
bstj13-4-654	https://archive.org/download/bstj13-4-654/bstj13-4-654_djvu.txt	?	-
bstj13-4-680	https://archive.org/download/bstj13-4-680/bstj13-4-680_djvu.txt	?	-
bstj13-4-701	https://archive.org/download/bstj13-4-701/bstj13-4-701_djvu.txt	?	-
bstj13-4-704	https://archive.org/download/bstj13-4-704/bstj13-4-704_djvu.txt	?	-
bstj14-1-1	https://archive.org/download/bstj14-1-1/bstj14-1-1_djvu.txt	?	-
bstj14-1-135	https://archive.org/download/bstj14-1-135/bstj14-1-135_djvu.txt	?	-
bstj14-1-159	https://archive.org/download/bstj14-1-159/bstj14-1-159_djvu.txt	?	-
bstj14-1-173	https://archive.org/download/bstj14-1-173/bstj14-1-173_djvu.txt	?	-
bstj14-1-176	https://archive.org/download/bstj14-1-176/bstj14-1-176_djvu.txt	?	-
bstj14-1-44	https://archive.org/download/bstj14-1-44/bstj14-1-44_djvu.txt	?	-
bstj14-1-8	https://archive.org/download/bstj14-1-8/bstj14-1-8_djvu.txt	?	-
bstj14-1-85	https://archive.org/download/bstj14-1-85/bstj14-1-85_djvu.txt	?	-
bstj14-1-97	https://archive.org/download/bstj14-1-97/bstj14-1-97_djvu.txt	?	-
bstj14-2-179	https://archive.org/download/bstj14-2-179/bstj14-2-179_djvu.txt	?	-
bstj14-2-195	https://archive.org/download/bstj14-2-195/bstj14-2-195_djvu.txt	?	-
bstj14-2-211	https://archive.org/download/bstj14-2-211/bstj14-2-211_djvu.txt	?	-
bstj14-2-215	https://archive.org/download/bstj14-2-215/bstj14-2-215_djvu.txt	?	-
bstj14-2-253	https://archive.org/download/bstj14-2-253/bstj14-2-253_djvu.txt	?	-
bstj14-2-273	https://archive.org/download/bstj14-2-273/bstj14-2-273_djvu.txt	?	-
bstj14-2-285	https://archive.org/download/bstj14-2-285/bstj14-2-285_djvu.txt	?	-
bstj14-2-322	https://archive.org/download/bstj14-2-322/bstj14-2-322_djvu.txt	?	-
bstj14-2-360	https://archive.org/download/bstj14-2-360/bstj14-2-360_djvu.txt	?	-
bstj14-2-366	https://archive.org/download/bstj14-2-366/bstj14-2-366_djvu.txt	?	-
bstj14-3-369	https://archive.org/download/bstj14-3-369/bstj14-3-369_djvu.txt	?	-
bstj14-3-388	https://archive.org/download/bstj14-3-388/bstj14-3-388_djvu.txt	?	-
bstj14-3-413	https://archive.org/download/bstj14-3-413/bstj14-3-413_djvu.txt	?	-
bstj14-3-477	https://archive.org/download/bstj14-3-477/bstj14-3-477_djvu.txt	?	-
bstj14-3-489	https://archive.org/download/bstj14-3-489/bstj14-3-489_djvu.txt	?	-
bstj14-3-509	https://archive.org/download/bstj14-3-509/bstj14-3-509_djvu.txt	?	-
bstj14-3-534	https://archive.org/download/bstj14-3-534/bstj14-3-534_djvu.txt	?	-
bstj14-3-542	https://archive.org/download/bstj14-3-542/bstj14-3-542_djvu.txt	?	-
bstj14-3-544	https://archive.org/download/bstj14-3-544/bstj14-3-544_djvu.txt	?	-
bstj14-3-550	https://archive.org/download/bstj14-3-550/bstj14-3-550_djvu.txt	?	-
bstj14-4-553	https://archive.org/download/bstj14-4-553/bstj14-4-553_djvu.txt	?	-
bstj14-4-558	https://archive.org/download/bstj14-4-558/bstj14-4-558_djvu.txt	?	-
bstj14-4-573	https://archive.org/download/bstj14-4-573/bstj14-4-573_djvu.txt	?	-
bstj14-4-600	https://archive.org/download/bstj14-4-600/bstj14-4-600_djvu.txt	?	-
bstj14-4-632	https://archive.org/download/bstj14-4-632/bstj14-4-632_djvu.txt	?	-
bstj14-4-666	https://archive.org/download/bstj14-4-666/bstj14-4-666_djvu.txt	?	-
bstj14-4-680	https://archive.org/download/bstj14-4-680/bstj14-4-680_djvu.txt	?	-
bstj14-4-698	https://archive.org/download/bstj14-4-698/bstj14-4-698_djvu.txt	?	-
bstj14-4-699	https://archive.org/download/bstj14-4-699/bstj14-4-699_djvu.txt	?	-
bstj14-4-702	https://archive.org/download/bstj14-4-702/bstj14-4-702_djvu.txt	?	-
bstj14-4-708	https://archive.org/download/bstj14-4-708/bstj14-4-708_djvu.txt	?	-
bstj14-4-713	https://archive.org/download/bstj14-4-713/bstj14-4-713_djvu.txt	?	-
bstj14-4-718	https://archive.org/download/bstj14-4-718/bstj14-4-718_djvu.txt	?	-
bstj14-4-724	https://archive.org/download/bstj14-4-724/bstj14-4-724_djvu.txt	?	-
bstj14-4-728	https://archive.org/download/bstj14-4-728/bstj14-4-728_djvu.txt	?	-
bstj15-1-1	https://archive.org/download/bstj15-1-1/bstj15-1-1_djvu.txt	?	-
bstj15-1-113	https://archive.org/download/bstj15-1-113/bstj15-1-113_djvu.txt	?	-
bstj15-1-136	https://archive.org/download/bstj15-1-136/bstj15-1-136_djvu.txt	?	-
bstj15-1-151	https://archive.org/download/bstj15-1-151/bstj15-1-151_djvu.txt	?	-
bstj15-1-157	https://archive.org/download/bstj15-1-157/bstj15-1-157_djvu.txt	?	-
bstj15-1-162	https://archive.org/download/bstj15-1-162/bstj15-1-162_djvu.txt	?	-
bstj15-1-167	https://archive.org/download/bstj15-1-167/bstj15-1-167_djvu.txt	?	-
bstj15-1-172	https://archive.org/download/bstj15-1-172/bstj15-1-172_djvu.txt	?	-
bstj15-1-177	https://archive.org/download/bstj15-1-177/bstj15-1-177_djvu.txt	?	-
bstj15-1-20	https://archive.org/download/bstj15-1-20/bstj15-1-20_djvu.txt	?	-
bstj15-1-39	https://archive.org/download/bstj15-1-39/bstj15-1-39_djvu.txt	?	-
bstj15-1-63	https://archive.org/download/bstj15-1-63/bstj15-1-63_djvu.txt	?	-
bstj15-1-92	https://archive.org/download/bstj15-1-92/bstj15-1-92_djvu.txt	?	-
bstj15-2-181	https://archive.org/download/bstj15-2-181/bstj15-2-181_djvu.txt	?	-
bstj15-2-197	https://archive.org/download/bstj15-2-197/bstj15-2-197_djvu.txt	?	-
bstj15-2-224	https://archive.org/download/bstj15-2-224/bstj15-2-224_djvu.txt	?	-
bstj15-2-248	https://archive.org/download/bstj15-2-248/bstj15-2-248_djvu.txt	?	-
bstj15-2-284	https://archive.org/download/bstj15-2-284/bstj15-2-284_djvu.txt	?	-
bstj15-2-310	https://archive.org/download/bstj15-2-310/bstj15-2-310_djvu.txt	?	-
bstj15-2-334	https://archive.org/download/bstj15-2-334/bstj15-2-334_djvu.txt	?	-
bstj15-2-340	https://archive.org/download/bstj15-2-340/bstj15-2-340_djvu.txt	?	-
bstj15-2-343	https://archive.org/download/bstj15-2-343/bstj15-2-343_djvu.txt	?	-
bstj15-2-349	https://archive.org/download/bstj15-2-349/bstj15-2-349_djvu.txt	?	-
bstj15-2-351	https://archive.org/download/bstj15-2-351/bstj15-2-351_djvu.txt	?	-
bstj15-3-355	https://archive.org/download/bstj15-3-355/bstj15-3-355_djvu.txt	?	-
bstj15-3-363	https://archive.org/download/bstj15-3-363/bstj15-3-363_djvu.txt	?	-
bstj15-3-380	https://archive.org/download/bstj15-3-380/bstj15-3-380_djvu.txt	?	-
bstj15-3-405	https://archive.org/download/bstj15-3-405/bstj15-3-405_djvu.txt	?	-
bstj15-3-424	https://archive.org/download/bstj15-3-424/bstj15-3-424_djvu.txt	?	-
bstj15-3-441	https://archive.org/download/bstj15-3-441/bstj15-3-441_djvu.txt	?	-
bstj15-3-446	https://archive.org/download/bstj15-3-446/bstj15-3-446_djvu.txt	?	-
bstj15-3-455	https://archive.org/download/bstj15-3-455/bstj15-3-455_djvu.txt	?	-
bstj15-3-469	https://archive.org/download/bstj15-3-469/bstj15-3-469_djvu.txt	?	-
bstj15-3-476	https://archive.org/download/bstj15-3-476/bstj15-3-476_djvu.txt	?	-
bstj15-3-480	https://archive.org/download/bstj15-3-480/bstj15-3-480_djvu.txt	?	-
bstj15-4-1	https://archive.org/download/bstj15-4-1/bstj15-4-1_djvu.txt	?	-
bstj15-4-483	https://archive.org/download/bstj15-4-483/bstj15-4-483_djvu.txt	?	-
bstj15-4-504	https://archive.org/download/bstj15-4-504/bstj15-4-504_djvu.txt	?	-
bstj15-4-529	https://archive.org/download/bstj15-4-529/bstj15-4-529_djvu.txt	?	-
bstj15-4-549	https://archive.org/download/bstj15-4-549/bstj15-4-549_djvu.txt	?	-
bstj15-4-575	https://archive.org/download/bstj15-4-575/bstj15-4-575_djvu.txt	?	-
bstj15-4-587	https://archive.org/download/bstj15-4-587/bstj15-4-587_djvu.txt	?	-
bstj15-4-603	https://archive.org/download/bstj15-4-603/bstj15-4-603_djvu.txt	?	-
bstj15-4-626	https://archive.org/download/bstj15-4-626/bstj15-4-626_djvu.txt	?	-
bstj15-4-628	https://archive.org/download/bstj15-4-628/bstj15-4-628_djvu.txt	?	-
bstj15-4-633	https://archive.org/download/bstj15-4-633/bstj15-4-633_djvu.txt	?	-
bstj16-1-1	https://archive.org/download/bstj16-1-1/bstj16-1-1_djvu.txt	?	-
bstj16-1-10	https://archive.org/download/bstj16-1-10/bstj16-1-10_djvu.txt	?	-
bstj16-1-101	https://archive.org/download/bstj16-1-101/bstj16-1-101_djvu.txt	?	-
bstj16-1-110	https://archive.org/download/bstj16-1-110/bstj16-1-110_djvu.txt	?	-
bstj16-1-113	https://archive.org/download/bstj16-1-113/bstj16-1-113_djvu.txt	?	-
bstj16-1-116	https://archive.org/download/bstj16-1-116/bstj16-1-116_djvu.txt	?	-
bstj16-1-35	https://archive.org/download/bstj16-1-35/bstj16-1-35_djvu.txt	?	-
bstj16-1-45	https://archive.org/download/bstj16-1-45/bstj16-1-45_djvu.txt	?	-
bstj16-1-76	https://archive.org/download/bstj16-1-76/bstj16-1-76_djvu.txt	?	-
bstj16-2-119	https://archive.org/download/bstj16-2-119/bstj16-2-119_djvu.txt	?	-
bstj16-2-144	https://archive.org/download/bstj16-2-144/bstj16-2-144_djvu.txt	?	-
bstj16-2-165	https://archive.org/download/bstj16-2-165/bstj16-2-165_djvu.txt	?	-
bstj16-2-178	https://archive.org/download/bstj16-2-178/bstj16-2-178_djvu.txt	?	-
bstj16-2-194	https://archive.org/download/bstj16-2-194/bstj16-2-194_djvu.txt	?	-
bstj16-2-212	https://archive.org/download/bstj16-2-212/bstj16-2-212_djvu.txt	?	-
bstj16-2-228	https://archive.org/download/bstj16-2-228/bstj16-2-228_djvu.txt	?	-
bstj16-2-247	https://archive.org/download/bstj16-2-247/bstj16-2-247_djvu.txt	?	-
bstj16-2-249	https://archive.org/download/bstj16-2-249/bstj16-2-249_djvu.txt	?	-
bstj16-3-251	https://archive.org/download/bstj16-3-251/bstj16-3-251_djvu.txt	?	-
bstj16-3-275	https://archive.org/download/bstj16-3-275/bstj16-3-275_djvu.txt	?	-
bstj16-3-303	https://archive.org/download/bstj16-3-303/bstj16-3-303_djvu.txt	?	-
bstj16-3-319	https://archive.org/download/bstj16-3-319/bstj16-3-319_djvu.txt	?	-
bstj16-3-337	https://archive.org/download/bstj16-3-337/bstj16-3-337_djvu.txt	?	-
bstj16-3-420	https://archive.org/download/bstj16-3-420/bstj16-3-420_djvu.txt	?	-
bstj16-3-422	https://archive.org/download/bstj16-3-422/bstj16-3-422_djvu.txt	?	-
bstj16-4-423	https://archive.org/download/bstj16-4-423/bstj16-4-423_djvu.txt	?	-
bstj16-4-437	https://archive.org/download/bstj16-4-437/bstj16-4-437_djvu.txt	?	-
bstj16-4-456	https://archive.org/download/bstj16-4-456/bstj16-4-456_djvu.txt	?	-
bstj16-4-475	https://archive.org/download/bstj16-4-475/bstj16-4-475_djvu.txt	?	-
bstj16-4-487	https://archive.org/download/bstj16-4-487/bstj16-4-487_djvu.txt	?	-
bstj16-4-493	https://archive.org/download/bstj16-4-493/bstj16-4-493_djvu.txt	?	-
bstj16-4-513	https://archive.org/download/bstj16-4-513/bstj16-4-513_djvu.txt	?	-
bstj16-4-541	https://archive.org/download/bstj16-4-541/bstj16-4-541_djvu.txt	?	-
bstj16-4-560	https://archive.org/download/bstj16-4-560/bstj16-4-560_djvu.txt	?	-
bstj16-4-568	https://archive.org/download/bstj16-4-568/bstj16-4-568_djvu.txt	?	-
bstj16-4-574	https://archive.org/download/bstj16-4-574/bstj16-4-574_djvu.txt	?	-
bstj16-4-578	https://archive.org/download/bstj16-4-578/bstj16-4-578_djvu.txt	?	-
bstj16-4-581	https://archive.org/download/bstj16-4-581/bstj16-4-581_djvu.txt	?	-
bstj17-1-1	https://archive.org/download/bstj17-1-1/bstj17-1-1_djvu.txt	?	-
bstj17-1-106	https://archive.org/download/bstj17-1-106/bstj17-1-106_djvu.txt	?	-
bstj17-1-125	https://archive.org/download/bstj17-1-125/bstj17-1-125_djvu.txt	?	-
bstj17-1-137	https://archive.org/download/bstj17-1-137/bstj17-1-137_djvu.txt	?	-
bstj17-1-162	https://archive.org/download/bstj17-1-162/bstj17-1-162_djvu.txt	?	-
bstj17-1-17	https://archive.org/download/bstj17-1-17/bstj17-1-17_djvu.txt	?	-
bstj17-1-184	https://archive.org/download/bstj17-1-184/bstj17-1-184_djvu.txt	?	-
bstj17-1-191	https://archive.org/download/bstj17-1-191/bstj17-1-191_djvu.txt	?	-
bstj17-1-49	https://archive.org/download/bstj17-1-49/bstj17-1-49_djvu.txt	?	-
bstj17-1-80	https://archive.org/download/bstj17-1-80/bstj17-1-80_djvu.txt	?	-
bstj17-2-195	https://archive.org/download/bstj17-2-195/bstj17-2-195_djvu.txt	?	-
bstj17-2-229	https://archive.org/download/bstj17-2-229/bstj17-2-229_djvu.txt	?	-
bstj17-2-245	https://archive.org/download/bstj17-2-245/bstj17-2-245_djvu.txt	?	-
bstj17-2-258	https://archive.org/download/bstj17-2-258/bstj17-2-258_djvu.txt	?	-
bstj17-2-281	https://archive.org/download/bstj17-2-281/bstj17-2-281_djvu.txt	?	-
bstj17-2-292	https://archive.org/download/bstj17-2-292/bstj17-2-292_djvu.txt	?	-
bstj17-2-319	https://archive.org/download/bstj17-2-319/bstj17-2-319_djvu.txt	?	-
bstj17-2-324	https://archive.org/download/bstj17-2-324/bstj17-2-324_djvu.txt	?	-
bstj17-3-327	https://archive.org/download/bstj17-3-327/bstj17-3-327_djvu.txt	?	-
bstj17-3-338	https://archive.org/download/bstj17-3-338/bstj17-3-338_djvu.txt	?	-
bstj17-3-358	https://archive.org/download/bstj17-3-358/bstj17-3-358_djvu.txt	?	-
bstj17-3-381	https://archive.org/download/bstj17-3-381/bstj17-3-381_djvu.txt	?	-
bstj17-3-393	https://archive.org/download/bstj17-3-393/bstj17-3-393_djvu.txt	?	-
bstj17-3-406	https://archive.org/download/bstj17-3-406/bstj17-3-406_djvu.txt	?	-
bstj17-3-416	https://archive.org/download/bstj17-3-416/bstj17-3-416_djvu.txt	?	-
bstj17-3-438	https://archive.org/download/bstj17-3-438/bstj17-3-438_djvu.txt	?	-
bstj17-3-458	https://archive.org/download/bstj17-3-458/bstj17-3-458_djvu.txt	?	-
bstj17-3-475	https://archive.org/download/bstj17-3-475/bstj17-3-475_djvu.txt	?	-
bstj17-3-483	https://archive.org/download/bstj17-3-483/bstj17-3-483_djvu.txt	?	-
bstj17-3-486	https://archive.org/download/bstj17-3-486/bstj17-3-486_djvu.txt	?	-
bstj17-4-489	https://archive.org/download/bstj17-4-489/bstj17-4-489_djvu.txt	?	-
bstj17-4-520	https://archive.org/download/bstj17-4-520/bstj17-4-520_djvu.txt	?	-
bstj17-4-539	https://archive.org/download/bstj17-4-539/bstj17-4-539_djvu.txt	?	-
bstj17-4-555	https://archive.org/download/bstj17-4-555/bstj17-4-555_djvu.txt	?	-
bstj17-4-574	https://archive.org/download/bstj17-4-574/bstj17-4-574_djvu.txt	?	-
bstj17-4-592	https://archive.org/download/bstj17-4-592/bstj17-4-592_djvu.txt	?	-
bstj17-4-620	https://archive.org/download/bstj17-4-620/bstj17-4-620_djvu.txt	?	-
bstj17-4-640	https://archive.org/download/bstj17-4-640/bstj17-4-640_djvu.txt	?	-
bstj17-4-670	https://archive.org/download/bstj17-4-670/bstj17-4-670_djvu.txt	?	-
bstj17-4-673	https://archive.org/download/bstj17-4-673/bstj17-4-673_djvu.txt	?	-
bstj18-2-255	https://archive.org/download/bstj18-2-255/bstj18-2-255_djvu.txt	?	-
bstj18-2-280	https://archive.org/download/bstj18-2-280/bstj18-2-280_djvu.txt	?	-
bstj18-2-292	https://archive.org/download/bstj18-2-292/bstj18-2-292_djvu.txt	?	-
bstj18-2-300	https://archive.org/download/bstj18-2-300/bstj18-2-300_djvu.txt	?	-
bstj18-2-315	https://archive.org/download/bstj18-2-315/bstj18-2-315_djvu.txt	?	-
bstj18-2-338	https://archive.org/download/bstj18-2-338/bstj18-2-338_djvu.txt	?	-
bstj18-2-363	https://archive.org/download/bstj18-2-363/bstj18-2-363_djvu.txt	?	-
bstj18-2-388	https://archive.org/download/bstj18-2-388/bstj18-2-388_djvu.txt	?	-
bstj18-2-391	https://archive.org/download/bstj18-2-391/bstj18-2-391_djvu.txt	?	-
bstj2-1-1	https://archive.org/download/bstj2-1-1/bstj2-1-1_djvu.txt	?	-
bstj2-1-114	https://archive.org/download/bstj2-1-114/bstj2-1-114_djvu.txt	?	-
bstj2-1-122	https://archive.org/download/bstj2-1-122/bstj2-1-122_djvu.txt	?	-
bstj2-1-133	https://archive.org/download/bstj2-1-133/bstj2-1-133_djvu.txt	?	-
bstj2-1-47	https://archive.org/download/bstj2-1-47/bstj2-1-47_djvu.txt	?	-
bstj2-1-67	https://archive.org/download/bstj2-1-67/bstj2-1-67_djvu.txt	?	-
bstj2-1-95	https://archive.org/download/bstj2-1-95/bstj2-1-95_djvu.txt	?	-
bstj2-2-1	https://archive.org/download/bstj2-2-1/bstj2-2-1_djvu.txt	?	-
bstj2-2-113	https://archive.org/download/bstj2-2-113/bstj2-2-113_djvu.txt	?	-
bstj2-2-143	https://archive.org/download/bstj2-2-143/bstj2-2-143_djvu.txt	?	-
bstj2-2-162	https://archive.org/download/bstj2-2-162/bstj2-2-162_djvu.txt	?	-
bstj2-2-41	https://archive.org/download/bstj2-2-41/bstj2-2-41_djvu.txt	?	-
bstj2-2-53	https://archive.org/download/bstj2-2-53/bstj2-2-53_djvu.txt	?	-
bstj2-2-90	https://archive.org/download/bstj2-2-90/bstj2-2-90_djvu.txt	?	-
bstj2-3-1	https://archive.org/download/bstj2-3-1/bstj2-3-1_djvu.txt	?	-
bstj2-3-101	https://archive.org/download/bstj2-3-101/bstj2-3-101_djvu.txt	?	-
bstj2-3-112	https://archive.org/download/bstj2-3-112/bstj2-3-112_djvu.txt	?	-
bstj2-3-141	https://archive.org/download/bstj2-3-141/bstj2-3-141_djvu.txt	?	-
bstj2-3-186	https://archive.org/download/bstj2-3-186/bstj2-3-186_djvu.txt	?	-
bstj2-3-53	https://archive.org/download/bstj2-3-53/bstj2-3-53_djvu.txt	?	-
bstj2-3-77	https://archive.org/download/bstj2-3-77/bstj2-3-77_djvu.txt	?	-
bstj2-4-1	https://archive.org/download/bstj2-4-1/bstj2-4-1_djvu.txt	?	-
bstj2-4-101	https://archive.org/download/bstj2-4-101/bstj2-4-101_djvu.txt	?	-
bstj2-4-116	https://archive.org/download/bstj2-4-116/bstj2-4-116_djvu.txt	?	-
bstj2-4-145	https://archive.org/download/bstj2-4-145/bstj2-4-145_djvu.txt	?	-
bstj2-4-181	https://archive.org/download/bstj2-4-181/bstj2-4-181_djvu.txt	?	-
bstj2-4-31	https://archive.org/download/bstj2-4-31/bstj2-4-31_djvu.txt	?	-
bstj3-1-1	https://archive.org/download/bstj3-1-1/bstj3-1-1_djvu.txt	?	-
bstj3-1-100	https://archive.org/download/bstj3-1-100/bstj3-1-100_djvu.txt	?	-
bstj3-1-145	https://archive.org/download/bstj3-1-145/bstj3-1-145_djvu.txt	?	-
bstj3-1-158	https://archive.org/download/bstj3-1-158/bstj3-1-158_djvu.txt	?	-
bstj3-1-179	https://archive.org/download/bstj3-1-179/bstj3-1-179_djvu.txt	?	-
bstj3-1-43	https://archive.org/download/bstj3-1-43/bstj3-1-43_djvu.txt	?	-
bstj3-1-88	https://archive.org/download/bstj3-1-88/bstj3-1-88_djvu.txt	?	-
bstj3-2-181	https://archive.org/download/bstj3-2-181/bstj3-2-181_djvu.txt	?	-
bstj3-2-206	https://archive.org/download/bstj3-2-206/bstj3-2-206_djvu.txt	?	-
bstj3-2-232	https://archive.org/download/bstj3-2-232/bstj3-2-232_djvu.txt	?	-
bstj3-2-238	https://archive.org/download/bstj3-2-238/bstj3-2-238_djvu.txt	?	-
bstj3-2-259	https://archive.org/download/bstj3-2-259/bstj3-2-259_djvu.txt	?	-
bstj3-2-268	https://archive.org/download/bstj3-2-268/bstj3-2-268_djvu.txt	?	-
bstj3-2-299	https://archive.org/download/bstj3-2-299/bstj3-2-299_djvu.txt	?	-
bstj3-2-324	https://archive.org/download/bstj3-2-324/bstj3-2-324_djvu.txt	?	-
bstj3-2-347	https://archive.org/download/bstj3-2-347/bstj3-2-347_djvu.txt	?	-
bstj3-2-351	https://archive.org/download/bstj3-2-351/bstj3-2-351_djvu.txt	?	-
bstj3-3-353	https://archive.org/download/bstj3-3-353/bstj3-3-353_djvu.txt	?	-
bstj3-3-393	https://archive.org/download/bstj3-3-393/bstj3-3-393_djvu.txt	?	-
bstj3-3-400	https://archive.org/download/bstj3-3-400/bstj3-3-400_djvu.txt	?	-
bstj3-3-409	https://archive.org/download/bstj3-3-409/bstj3-3-409_djvu.txt	?	-
bstj3-3-414	https://archive.org/download/bstj3-3-414/bstj3-3-414_djvu.txt	?	-
bstj3-3-468	https://archive.org/download/bstj3-3-468/bstj3-3-468_djvu.txt	?	-
bstj3-3-495	https://archive.org/download/bstj3-3-495/bstj3-3-495_djvu.txt	?	-
bstj3-3-508	https://archive.org/download/bstj3-3-508/bstj3-3-508_djvu.txt	?	-
bstj3-3-525	https://archive.org/download/bstj3-3-525/bstj3-3-525_djvu.txt	?	-
bstj3-3-529	https://archive.org/download/bstj3-3-529/bstj3-3-529_djvu.txt	?	-
bstj3-4-531	https://archive.org/download/bstj3-4-531/bstj3-4-531_djvu.txt	?	-
bstj3-4-550	https://archive.org/download/bstj3-4-550/bstj3-4-550_djvu.txt	?	-
bstj3-4-558	https://archive.org/download/bstj3-4-558/bstj3-4-558_djvu.txt	?	-
bstj3-4-567	https://archive.org/download/bstj3-4-567/bstj3-4-567_djvu.txt	?	-
bstj3-4-621	https://archive.org/download/bstj3-4-621/bstj3-4-621_djvu.txt	?	-
bstj3-4-651	https://archive.org/download/bstj3-4-651/bstj3-4-651_djvu.txt	?	-
bstj3-4-686	https://archive.org/download/bstj3-4-686/bstj3-4-686_djvu.txt	?	-
bstj4-1-1	https://archive.org/download/bstj4-1-1/bstj4-1-1_djvu.txt	?	-
bstj4-1-112	https://archive.org/download/bstj4-1-112/bstj4-1-112_djvu.txt	?	-
bstj4-1-15	https://archive.org/download/bstj4-1-15/bstj4-1-15_djvu.txt	?	-
bstj4-1-152	https://archive.org/download/bstj4-1-152/bstj4-1-152_djvu.txt	?	-
bstj4-1-178	https://archive.org/download/bstj4-1-178/bstj4-1-178_djvu.txt	?	-
bstj4-1-184	https://archive.org/download/bstj4-1-184/bstj4-1-184_djvu.txt	?	-
bstj4-1-26	https://archive.org/download/bstj4-1-26/bstj4-1-26_djvu.txt	?	-
bstj4-1-52	https://archive.org/download/bstj4-1-52/bstj4-1-52_djvu.txt	?	-
bstj4-2-187	https://archive.org/download/bstj4-2-187/bstj4-2-187_djvu.txt	?	-
bstj4-2-215	https://archive.org/download/bstj4-2-215/bstj4-2-215_djvu.txt	?	-
bstj4-2-235	https://archive.org/download/bstj4-2-235/bstj4-2-235_djvu.txt	?	-
bstj4-2-265	https://archive.org/download/bstj4-2-265/bstj4-2-265_djvu.txt	?	-
bstj4-2-280	https://archive.org/download/bstj4-2-280/bstj4-2-280_djvu.txt	?	-
bstj4-2-327	https://archive.org/download/bstj4-2-327/bstj4-2-327_djvu.txt	?	-
bstj4-2-339	https://archive.org/download/bstj4-2-339/bstj4-2-339_djvu.txt	?	-
bstj4-2-347	https://archive.org/download/bstj4-2-347/bstj4-2-347_djvu.txt	?	-
bstj4-3-349	https://archive.org/download/bstj4-3-349/bstj4-3-349_djvu.txt	?	-
bstj4-3-355	https://archive.org/download/bstj4-3-355/bstj4-3-355_djvu.txt	?	-
bstj4-3-375	https://archive.org/download/bstj4-3-375/bstj4-3-375_djvu.txt	?	-
bstj4-3-387	https://archive.org/download/bstj4-3-387/bstj4-3-387_djvu.txt	?	-
bstj4-3-402	https://archive.org/download/bstj4-3-402/bstj4-3-402_djvu.txt	?	-
bstj4-3-407	https://archive.org/download/bstj4-3-407/bstj4-3-407_djvu.txt	?	-
bstj4-3-459	https://archive.org/download/bstj4-3-459/bstj4-3-459_djvu.txt	?	-
bstj4-3-508	https://archive.org/download/bstj4-3-508/bstj4-3-508_djvu.txt	?	-
bstj4-3-512	https://archive.org/download/bstj4-3-512/bstj4-3-512_djvu.txt	?	-
bstj4-4-515	https://archive.org/download/bstj4-4-515/bstj4-4-515_djvu.txt	?	-
bstj4-4-542	https://archive.org/download/bstj4-4-542/bstj4-4-542_djvu.txt	?	-
bstj4-4-561	https://archive.org/download/bstj4-4-561/bstj4-4-561_djvu.txt	?	-
bstj4-4-586	https://archive.org/download/bstj4-4-586/bstj4-4-586_djvu.txt	?	-
bstj4-4-627	https://archive.org/download/bstj4-4-627/bstj4-4-627_djvu.txt	?	-
bstj4-4-642	https://archive.org/download/bstj4-4-642/bstj4-4-642_djvu.txt	?	-
bstj4-4-685	https://archive.org/download/bstj4-4-685/bstj4-4-685_djvu.txt	?	-
bstj4-4-762	https://archive.org/download/bstj4-4-762/bstj4-4-762_djvu.txt	?	-
bstj4-4-766	https://archive.org/download/bstj4-4-766/bstj4-4-766_djvu.txt	?	-
bstj5-1-1	https://archive.org/download/bstj5-1-1/bstj5-1-1_djvu.txt	?	-
bstj5-1-11	https://archive.org/download/bstj5-1-11/bstj5-1-11_djvu.txt	?	-
bstj5-1-143	https://archive.org/download/bstj5-1-143/bstj5-1-143_djvu.txt	?	-
bstj5-1-214	https://archive.org/download/bstj5-1-214/bstj5-1-214_djvu.txt	?	-
bstj5-1-219	https://archive.org/download/bstj5-1-219/bstj5-1-219_djvu.txt	?	-
bstj5-1-27	https://archive.org/download/bstj5-1-27/bstj5-1-27_djvu.txt	?	-
bstj5-1-50	https://archive.org/download/bstj5-1-50/bstj5-1-50_djvu.txt	?	-
bstj5-1-96	https://archive.org/download/bstj5-1-96/bstj5-1-96_djvu.txt	?	-
bstj5-2-221	https://archive.org/download/bstj5-2-221/bstj5-2-221_djvu.txt	?	-
bstj5-2-282	https://archive.org/download/bstj5-2-282/bstj5-2-282_djvu.txt	?	-
bstj5-2-292	https://archive.org/download/bstj5-2-292/bstj5-2-292_djvu.txt	?	-
bstj5-2-308	https://archive.org/download/bstj5-2-308/bstj5-2-308_djvu.txt	?	-
bstj5-2-320	https://archive.org/download/bstj5-2-320/bstj5-2-320_djvu.txt	?	-
bstj5-2-336	https://archive.org/download/bstj5-2-336/bstj5-2-336_djvu.txt	?	-
bstj5-2-385	https://archive.org/download/bstj5-2-385/bstj5-2-385_djvu.txt	?	-
bstj5-2-390	https://archive.org/download/bstj5-2-390/bstj5-2-390_djvu.txt	?	-
bstj5-3-393	https://archive.org/download/bstj5-3-393/bstj5-3-393_djvu.txt	?	-
bstj5-3-404	https://archive.org/download/bstj5-3-404/bstj5-3-404_djvu.txt	?	-
bstj5-3-418	https://archive.org/download/bstj5-3-418/bstj5-3-418_djvu.txt	?	-
bstj5-3-433	https://archive.org/download/bstj5-3-433/bstj5-3-433_djvu.txt	?	-
bstj5-3-463	https://archive.org/download/bstj5-3-463/bstj5-3-463_djvu.txt	?	-
bstj5-3-493	https://archive.org/download/bstj5-3-493/bstj5-3-493_djvu.txt	?	-
bstj5-3-524	https://archive.org/download/bstj5-3-524/bstj5-3-524_djvu.txt	?	-
bstj5-3-526	https://archive.org/download/bstj5-3-526/bstj5-3-526_djvu.txt	?	-
bstj5-4-529	https://archive.org/download/bstj5-4-529/bstj5-4-529_djvu.txt	?	-
bstj5-4-539	https://archive.org/download/bstj5-4-539/bstj5-4-539_djvu.txt	?	-
bstj5-4-555	https://archive.org/download/bstj5-4-555/bstj5-4-555_djvu.txt	?	-
bstj5-4-573	https://archive.org/download/bstj5-4-573/bstj5-4-573_djvu.txt	?	-
bstj5-4-593	https://archive.org/download/bstj5-4-593/bstj5-4-593_djvu.txt	?	-
bstj5-4-604	https://archive.org/download/bstj5-4-604/bstj5-4-604_djvu.txt	?	-
bstj5-4-625	https://archive.org/download/bstj5-4-625/bstj5-4-625_djvu.txt	?	-
bstj5-4-636	https://archive.org/download/bstj5-4-636/bstj5-4-636_djvu.txt	?	-
bstj5-4-652	https://archive.org/download/bstj5-4-652/bstj5-4-652_djvu.txt	?	-
bstj5-4-660	https://archive.org/download/bstj5-4-660/bstj5-4-660_djvu.txt	?	-
bstj6-1-1	https://archive.org/download/bstj6-1-1/bstj6-1-1_djvu.txt	?	-
bstj6-1-100	https://archive.org/download/bstj6-1-100/bstj6-1-100_djvu.txt	?	-
bstj6-1-117	https://archive.org/download/bstj6-1-117/bstj6-1-117_djvu.txt	?	-
bstj6-1-142	https://archive.org/download/bstj6-1-142/bstj6-1-142_djvu.txt	?	-
bstj6-1-172	https://archive.org/download/bstj6-1-172/bstj6-1-172_djvu.txt	?	-
bstj6-1-18	https://archive.org/download/bstj6-1-18/bstj6-1-18_djvu.txt	?	-
bstj6-1-181	https://archive.org/download/bstj6-1-181/bstj6-1-181_djvu.txt	?	-
bstj6-1-184	https://archive.org/download/bstj6-1-184/bstj6-1-184_djvu.txt	?	-
bstj6-1-27	https://archive.org/download/bstj6-1-27/bstj6-1-27_djvu.txt	?	-
bstj6-1-55	https://archive.org/download/bstj6-1-55/bstj6-1-55_djvu.txt	?	-
bstj6-2-187	https://archive.org/download/bstj6-2-187/bstj6-2-187_djvu.txt	?	-
bstj6-2-217	https://archive.org/download/bstj6-2-217/bstj6-2-217_djvu.txt	?	-
bstj6-2-230	https://archive.org/download/bstj6-2-230/bstj6-2-230_djvu.txt	?	-
bstj6-2-248	https://archive.org/download/bstj6-2-248/bstj6-2-248_djvu.txt	?	-
bstj6-2-258	https://archive.org/download/bstj6-2-258/bstj6-2-258_djvu.txt	?	-
bstj6-2-295	https://archive.org/download/bstj6-2-295/bstj6-2-295_djvu.txt	?	-
bstj6-2-367	https://archive.org/download/bstj6-2-367/bstj6-2-367_djvu.txt	?	-
bstj6-2-372	https://archive.org/download/bstj6-2-372/bstj6-2-372_djvu.txt	?	-
bstj6-3-375	https://archive.org/download/bstj6-3-375/bstj6-3-375_djvu.txt	?	-
bstj6-3-387	https://archive.org/download/bstj6-3-387/bstj6-3-387_djvu.txt	?	-
bstj6-3-402	https://archive.org/download/bstj6-3-402/bstj6-3-402_djvu.txt	?	-
bstj6-3-425	https://archive.org/download/bstj6-3-425/bstj6-3-425_djvu.txt	?	-
bstj6-3-442	https://archive.org/download/bstj6-3-442/bstj6-3-442_djvu.txt	?	-
bstj6-3-461	https://archive.org/download/bstj6-3-461/bstj6-3-461_djvu.txt	?	-
bstj6-3-495	https://archive.org/download/bstj6-3-495/bstj6-3-495_djvu.txt	?	-
bstj6-3-546	https://archive.org/download/bstj6-3-546/bstj6-3-546_djvu.txt	?	-
bstj6-3-549	https://archive.org/download/bstj6-3-549/bstj6-3-549_djvu.txt	?	-
bstj6-4-551	https://archive.org/download/bstj6-4-551/bstj6-4-551_djvu.txt	?	-
bstj6-4-560	https://archive.org/download/bstj6-4-560/bstj6-4-560_djvu.txt	?	-
bstj6-4-604	https://archive.org/download/bstj6-4-604/bstj6-4-604_djvu.txt	?	-
bstj6-4-616	https://archive.org/download/bstj6-4-616/bstj6-4-616_djvu.txt	?	-
bstj6-4-633	https://archive.org/download/bstj6-4-633/bstj6-4-633_djvu.txt	?	-
bstj6-4-653	https://archive.org/download/bstj6-4-653/bstj6-4-653_djvu.txt	?	-
bstj6-4-702	https://archive.org/download/bstj6-4-702/bstj6-4-702_djvu.txt	?	-
bstj6-4-722	https://archive.org/download/bstj6-4-722/bstj6-4-722_djvu.txt	?	-
bstj6-4-736	https://archive.org/download/bstj6-4-736/bstj6-4-736_djvu.txt	?	-
bstj6-4-750	https://archive.org/download/bstj6-4-750/bstj6-4-750_djvu.txt	?	-
bstj6-4-752	https://archive.org/download/bstj6-4-752/bstj6-4-752_djvu.txt	?	-
bstj7-1-1	https://archive.org/download/bstj7-1-1/bstj7-1-1_djvu.txt	?	-
bstj7-1-106	https://archive.org/download/bstj7-1-106/bstj7-1-106_djvu.txt	?	-
bstj7-1-11	https://archive.org/download/bstj7-1-11/bstj7-1-11_djvu.txt	?	-
bstj7-1-140	https://archive.org/download/bstj7-1-140/bstj7-1-140_djvu.txt	?	-
bstj7-1-154	https://archive.org/download/bstj7-1-154/bstj7-1-154_djvu.txt	?	-
bstj7-1-159	https://archive.org/download/bstj7-1-159/bstj7-1-159_djvu.txt	?	-
bstj7-1-26	https://archive.org/download/bstj7-1-26/bstj7-1-26_djvu.txt	?	-
bstj7-1-70	https://archive.org/download/bstj7-1-70/bstj7-1-70_djvu.txt	?	-
bstj7-1-90	https://archive.org/download/bstj7-1-90/bstj7-1-90_djvu.txt	?	-
bstj7-2-161	https://archive.org/download/bstj7-2-161/bstj7-2-161_djvu.txt	?	-
bstj7-2-168	https://archive.org/download/bstj7-2-168/bstj7-2-168_djvu.txt	?	-
bstj7-2-187	https://archive.org/download/bstj7-2-187/bstj7-2-187_djvu.txt	?	-
bstj7-2-195	https://archive.org/download/bstj7-2-195/bstj7-2-195_djvu.txt	?	-
bstj7-2-225	https://archive.org/download/bstj7-2-225/bstj7-2-225_djvu.txt	?	-
bstj7-2-268	https://archive.org/download/bstj7-2-268/bstj7-2-268_djvu.txt	?	-
bstj7-2-281	https://archive.org/download/bstj7-2-281/bstj7-2-281_djvu.txt	?	-
bstj7-2-321	https://archive.org/download/bstj7-2-321/bstj7-2-321_djvu.txt	?	-
bstj7-2-343	https://archive.org/download/bstj7-2-343/bstj7-2-343_djvu.txt	?	-
bstj7-2-350	https://archive.org/download/bstj7-2-350/bstj7-2-350_djvu.txt	?	-
bstj7-2-369	https://archive.org/download/bstj7-2-369/bstj7-2-369_djvu.txt	?	-
bstj7-2-373	https://archive.org/download/bstj7-2-373/bstj7-2-373_djvu.txt	?	-
bstj7-3-375	https://archive.org/download/bstj7-3-375/bstj7-3-375_djvu.txt	?	-
bstj7-3-404	https://archive.org/download/bstj7-3-404/bstj7-3-404_djvu.txt	?	-
bstj7-3-420	https://archive.org/download/bstj7-3-420/bstj7-3-420_djvu.txt	?	-
bstj7-3-438	https://archive.org/download/bstj7-3-438/bstj7-3-438_djvu.txt	?	-
bstj7-3-535	https://archive.org/download/bstj7-3-535/bstj7-3-535_djvu.txt	?	-
bstj7-3-564	https://archive.org/download/bstj7-3-564/bstj7-3-564_djvu.txt	?	-
bstj7-3-630	https://archive.org/download/bstj7-3-630/bstj7-3-630_djvu.txt	?	-
bstj7-3-636	https://archive.org/download/bstj7-3-636/bstj7-3-636_djvu.txt	?	-
bstj7-4-639	https://archive.org/download/bstj7-4-639/bstj7-4-639_djvu.txt	?	-
bstj7-4-708	https://archive.org/download/bstj7-4-708/bstj7-4-708_djvu.txt	?	-
bstj7-4-730	https://archive.org/download/bstj7-4-730/bstj7-4-730_djvu.txt	?	-
bstj7-4-762	https://archive.org/download/bstj7-4-762/bstj7-4-762_djvu.txt	?	-
bstj7-4-797	https://archive.org/download/bstj7-4-797/bstj7-4-797_djvu.txt	?	-
bstj7-4-808	https://archive.org/download/bstj7-4-808/bstj7-4-808_djvu.txt	?	-
bstj7-4-814	https://archive.org/download/bstj7-4-814/bstj7-4-814_djvu.txt	?	-
bstj8-1-1	https://archive.org/download/bstj8-1-1/bstj8-1-1_djvu.txt	?	-
bstj8-1-109	https://archive.org/download/bstj8-1-109/bstj8-1-109_djvu.txt	?	-
bstj8-1-135	https://archive.org/download/bstj8-1-135/bstj8-1-135_djvu.txt	?	-
bstj8-1-159	https://archive.org/download/bstj8-1-159/bstj8-1-159_djvu.txt	?	-
bstj8-1-173	https://archive.org/download/bstj8-1-173/bstj8-1-173_djvu.txt	?	-
bstj8-1-184	https://archive.org/download/bstj8-1-184/bstj8-1-184_djvu.txt	?	-
bstj8-1-196	https://archive.org/download/bstj8-1-196/bstj8-1-196_djvu.txt	?	-
bstj8-1-209	https://archive.org/download/bstj8-1-209/bstj8-1-209_djvu.txt	?	-
bstj8-1-21	https://archive.org/download/bstj8-1-21/bstj8-1-21_djvu.txt	?	-
bstj8-1-214	https://archive.org/download/bstj8-1-214/bstj8-1-214_djvu.txt	?	-
bstj8-1-3	https://archive.org/download/bstj8-1-3/bstj8-1-3_djvu.txt	?	-
bstj8-1-41	https://archive.org/download/bstj8-1-41/bstj8-1-41_djvu.txt	?	-
bstj8-1-64	https://archive.org/download/bstj8-1-64/bstj8-1-64_djvu.txt	?	-
bstj8-1-94	https://archive.org/download/bstj8-1-94/bstj8-1-94_djvu.txt	?	-
bstj8-1-99	https://archive.org/download/bstj8-1-99/bstj8-1-99_djvu.txt	?	-
bstj8-2-217	https://archive.org/download/bstj8-2-217/bstj8-2-217_djvu.txt	?	-
bstj8-2-225	https://archive.org/download/bstj8-2-225/bstj8-2-225_djvu.txt	?	-
bstj8-2-243	https://archive.org/download/bstj8-2-243/bstj8-2-243_djvu.txt	?	-
bstj8-2-257	https://archive.org/download/bstj8-2-257/bstj8-2-257_djvu.txt	?	-
bstj8-2-267	https://archive.org/download/bstj8-2-267/bstj8-2-267_djvu.txt	?	-
bstj8-2-286	https://archive.org/download/bstj8-2-286/bstj8-2-286_djvu.txt	?	-
bstj8-2-309	https://archive.org/download/bstj8-2-309/bstj8-2-309_djvu.txt	?	-
bstj8-2-368	https://archive.org/download/bstj8-2-368/bstj8-2-368_djvu.txt	?	-
bstj8-2-391	https://archive.org/download/bstj8-2-391/bstj8-2-391_djvu.txt	?	-
bstj8-2-429	https://archive.org/download/bstj8-2-429/bstj8-2-429_djvu.txt	?	-
bstj8-2-433	https://archive.org/download/bstj8-2-433/bstj8-2-433_djvu.txt	?	-
bstj8-3-435	https://archive.org/download/bstj8-3-435/bstj8-3-435_djvu.txt	?	-
bstj8-3-466	https://archive.org/download/bstj8-3-466/bstj8-3-466_djvu.txt	?	-
bstj8-3-482	https://archive.org/download/bstj8-3-482/bstj8-3-482_djvu.txt	?	-
bstj8-3-493	https://archive.org/download/bstj8-3-493/bstj8-3-493_djvu.txt	?	-
bstj8-3-515	https://archive.org/download/bstj8-3-515/bstj8-3-515_djvu.txt	?	-
bstj8-3-536	https://archive.org/download/bstj8-3-536/bstj8-3-536_djvu.txt	?	-
bstj8-3-560	https://archive.org/download/bstj8-3-560/bstj8-3-560_djvu.txt	?	-
bstj8-3-576	https://archive.org/download/bstj8-3-576/bstj8-3-576_djvu.txt	?	-
bstj8-3-591	https://archive.org/download/bstj8-3-591/bstj8-3-591_djvu.txt	?	-
bstj8-3-605	https://archive.org/download/bstj8-3-605/bstj8-3-605_djvu.txt	?	-
bstj8-3-611	https://archive.org/download/bstj8-3-611/bstj8-3-611_djvu.txt	?	-
bstj8-4-613	https://archive.org/download/bstj8-4-613/bstj8-4-613_djvu.txt	?	-
bstj8-4-632	https://archive.org/download/bstj8-4-632/bstj8-4-632_djvu.txt	?	-
bstj8-4-646	https://archive.org/download/bstj8-4-646/bstj8-4-646_djvu.txt	?	-
bstj8-4-662	https://archive.org/download/bstj8-4-662/bstj8-4-662_djvu.txt	?	-
bstj8-4-672	https://archive.org/download/bstj8-4-672/bstj8-4-672_djvu.txt	?	-
bstj8-4-749	https://archive.org/download/bstj8-4-749/bstj8-4-749_djvu.txt	?	-
bstj8-4-806	https://archive.org/download/bstj8-4-806/bstj8-4-806_djvu.txt	?	-
bstj8-4-855	https://archive.org/download/bstj8-4-855/bstj8-4-855_djvu.txt	?	-
bstj8-4-860	https://archive.org/download/bstj8-4-860/bstj8-4-860_djvu.txt	?	-
bstj9-1-1	https://archive.org/download/bstj9-1-1/bstj9-1-1_djvu.txt	?	-
bstj9-1-101	https://archive.org/download/bstj9-1-101/bstj9-1-101_djvu.txt	?	-
bstj9-1-121	https://archive.org/download/bstj9-1-121/bstj9-1-121_djvu.txt	?	-
bstj9-1-141	https://archive.org/download/bstj9-1-141/bstj9-1-141_djvu.txt	?	-
bstj9-1-150	https://archive.org/download/bstj9-1-150/bstj9-1-150_djvu.txt	?	-
bstj9-1-163	https://archive.org/download/bstj9-1-163/bstj9-1-163_djvu.txt	?	-
bstj9-1-189	https://archive.org/download/bstj9-1-189/bstj9-1-189_djvu.txt	?	-
bstj9-1-207	https://archive.org/download/bstj9-1-207/bstj9-1-207_djvu.txt	?	-
bstj9-1-228	https://archive.org/download/bstj9-1-228/bstj9-1-228_djvu.txt	?	-
bstj9-1-234	https://archive.org/download/bstj9-1-234/bstj9-1-234_djvu.txt	?	-
bstj9-2-237	https://archive.org/download/bstj9-2-237/bstj9-2-237_djvu.txt	?	-
bstj9-2-258	https://archive.org/download/bstj9-2-258/bstj9-2-258_djvu.txt	?	-
bstj9-2-270	https://archive.org/download/bstj9-2-270/bstj9-2-270_djvu.txt	?	-
bstj9-2-290	https://archive.org/download/bstj9-2-290/bstj9-2-290_djvu.txt	?	-
bstj9-2-325	https://archive.org/download/bstj9-2-325/bstj9-2-325_djvu.txt	?	-
bstj9-2-332	https://archive.org/download/bstj9-2-332/bstj9-2-332_djvu.txt	?	-
bstj9-2-341	https://archive.org/download/bstj9-2-341/bstj9-2-341_djvu.txt	?	-
bstj9-2-356	https://archive.org/download/bstj9-2-356/bstj9-2-356_djvu.txt	?	-
bstj9-2-364	https://archive.org/download/bstj9-2-364/bstj9-2-364_djvu.txt	?	-
bstj9-2-390	https://archive.org/download/bstj9-2-390/bstj9-2-390_djvu.txt	?	-
bstj9-2-398	https://archive.org/download/bstj9-2-398/bstj9-2-398_djvu.txt	?	-
bstj9-2-404	https://archive.org/download/bstj9-2-404/bstj9-2-404_djvu.txt	?	-
bstj9-3-407	https://archive.org/download/bstj9-3-407/bstj9-3-407_djvu.txt	?	-
bstj9-3-429	https://archive.org/download/bstj9-3-429/bstj9-3-429_djvu.txt	?	-
bstj9-3-448	https://archive.org/download/bstj9-3-448/bstj9-3-448_djvu.txt	?	-
bstj9-3-470	https://archive.org/download/bstj9-3-470/bstj9-3-470_djvu.txt	?	-
bstj9-3-478	https://archive.org/download/bstj9-3-478/bstj9-3-478_djvu.txt	?	-
bstj9-3-483	https://archive.org/download/bstj9-3-483/bstj9-3-483_djvu.txt	?	-
bstj9-3-487	https://archive.org/download/bstj9-3-487/bstj9-3-487_djvu.txt	?	-
bstj9-3-493	https://archive.org/download/bstj9-3-493/bstj9-3-493_djvu.txt	?	-
bstj9-3-522	https://archive.org/download/bstj9-3-522/bstj9-3-522_djvu.txt	?	-
bstj9-3-550	https://archive.org/download/bstj9-3-550/bstj9-3-550_djvu.txt	?	-
bstj9-3-567	https://archive.org/download/bstj9-3-567/bstj9-3-567_djvu.txt	?	-
bstj9-3-595	https://archive.org/download/bstj9-3-595/bstj9-3-595_djvu.txt	?	-
bstj9-3-600	https://archive.org/download/bstj9-3-600/bstj9-3-600_djvu.txt	?	-
bstj9-4-603	https://archive.org/download/bstj9-4-603/bstj9-4-603_djvu.txt	?	-
bstj9-4-622	https://archive.org/download/bstj9-4-622/bstj9-4-622_djvu.txt	?	-
bstj9-4-628	https://archive.org/download/bstj9-4-628/bstj9-4-628_djvu.txt	?	-
bstj9-4-652	https://archive.org/download/bstj9-4-652/bstj9-4-652_djvu.txt	?	-
bstj9-4-668	https://archive.org/download/bstj9-4-668/bstj9-4-668_djvu.txt	?	-
bstj9-4-697	https://archive.org/download/bstj9-4-697/bstj9-4-697_djvu.txt	?	-
bstj9-4-730	https://archive.org/download/bstj9-4-730/bstj9-4-730_djvu.txt	?	-
bstj9-4-760	https://archive.org/download/bstj9-4-760/bstj9-4-760_djvu.txt	?	-
bstj9-4-770	https://archive.org/download/bstj9-4-770/bstj9-4-770_djvu.txt	?	-
bstj9-4-794	https://archive.org/download/bstj9-4-794/bstj9-4-794_djvu.txt	?	-
bstj9-4-836	https://archive.org/download/bstj9-4-836/bstj9-4-836_djvu.txt	?	-
bstj9-4-840	https://archive.org/download/bstj9-4-840/bstj9-4-840_djvu.txt	?	-
