# Chronicling America batch OCR tarballs (chroniclingamerica.loc.gov/data/ocr/, inventory ocr.json of 2026-09-21)
# ingested after the American Stories snapshot (>= 2023-04-22) AND containing issues dated 1930-01-01..1939-06-30.
# checksum = LoC sha256 from ocr.json. Generated 2026-10-05 from batch_1.xml issue lists.
key	url	bytes	checksum
ak_amaranth_ver01	https://chroniclingamerica.loc.gov/data/ocr/ak_amaranth_ver01.tar.bz2	175643555	sha256:7f349fa4a9f0cbca14225d4856192639d94d614eb842ffcae01a2f9446abd769
arhi_chalcopyrite_ver01	https://chroniclingamerica.loc.gov/data/ocr/arhi_chalcopyrite_ver01.tar.bz2	648753456	sha256:bd53ae609e64f43f52a958cdc348e6c22c66fc0e1639c4959e67065a4b8c7ef9
arhi_dioptase_ver02	https://chroniclingamerica.loc.gov/data/ocr/arhi_dioptase_ver02.tar.bz2	722206655	sha256:e0a19d6fd785bae7fab6faf53e6c54c995d36dd4b55fd359e243561f7b03358c
arhi_epidote_ver01	https://chroniclingamerica.loc.gov/data/ocr/arhi_epidote_ver01.tar.bz2	861774656	sha256:0ea2d28b2b96c212f03fe4d7e2345a81cdf8902cd7240abce1c9c56a3d93eff4
arhi_ilmenite_ver01	https://chroniclingamerica.loc.gov/data/ocr/arhi_ilmenite_ver01.tar.bz2	540844922	sha256:57d37f8e0f91894e7248ddf5c0fcc5dce35a8d0d341e55ef795ab2e911505964
arhi_jadeite_ver01	https://chroniclingamerica.loc.gov/data/ocr/arhi_jadeite_ver01.tar.bz2	892175800	sha256:eca98adac02e240b9db3cad421757ec9a034208bf728e41d39da86e60e809995
arhi_kepler_ver01	https://chroniclingamerica.loc.gov/data/ocr/arhi_kepler_ver01.tar.bz2	617334901	sha256:3ed889b1aa6790901711f15fb000346d6b67bc3ad9402b7ea271e89098367ff4
arhi_lunar_ver01	https://chroniclingamerica.loc.gov/data/ocr/arhi_lunar_ver01.tar.bz2	167438369	sha256:ae8ff30eaefd0c2375e03fc93d59a7b3aa14ac039743875e94e7b84b48af8284
az_anthillgarnet_ver04	https://chroniclingamerica.loc.gov/data/ocr/az_anthillgarnet_ver04.tar.bz2	622062936	sha256:46779c42288fe9360e7de0172f34aa318dfe77f4009c5296367a0e536c4f0adc
az_bentonite_ver02	https://chroniclingamerica.loc.gov/data/ocr/az_bentonite_ver02.tar.bz2	398553484	sha256:1d18811b48ddd976ef550cb7e464d80c6424feaa62f8225eae26e716e582c560
az_darkruby_ver02	https://chroniclingamerica.loc.gov/data/ocr/az_darkruby_ver02.tar.bz2	662099848	sha256:4ec3a98ff5e60127714c8cd19b1f8952f5b5453015bc44926aff8644738992a6
az_electrum_ver02	https://chroniclingamerica.loc.gov/data/ocr/az_electrum_ver02.tar.bz2	629453662	sha256:6906a6dcb7ee2f9c7ef30dabaafea7b7626ae0d72c8037f6fff2d7434f26324a
az_fireagate_ver02	https://chroniclingamerica.loc.gov/data/ocr/az_fireagate_ver02.tar.bz2	765476928	sha256:dde7433928d0777d3af4aa0ff291b80bd6865881c9c697ac6bb0256bbe74f6c3
az_gemsilica_ver01	https://chroniclingamerica.loc.gov/data/ocr/az_gemsilica_ver01.tar.bz2	950531189	sha256:1b1416657d9557a4ecf62334fc35a5b4d1de19f037503cffd739e792fc17cc9e
az_hematite_ver01	https://chroniclingamerica.loc.gov/data/ocr/az_hematite_ver01.tar.bz2	790613048	sha256:0243e29f02391cf39454f88e40249a4f6b81b20bce6c44d49e250aec52f7c09f
az_iotite_ver01	https://chroniclingamerica.loc.gov/data/ocr/az_iotite_ver01.tar.bz2	1025567342	sha256:756ebb56d7f2b2aa847be76bfcf4a7d90151d76ecb2ded2ddc58f59e90fa7325
az_jasper_ver03	https://chroniclingamerica.loc.gov/data/ocr/az_jasper_ver03.tar.bz2	671788371	sha256:b3b81dfb601a0dc42e00c90baadf6050f32984d1e262c02f15d004663dabb357
ct_bugmeat_ver01	https://chroniclingamerica.loc.gov/data/ocr/ct_bugmeat_ver01.tar.bz2	700128012	sha256:46f9492332fd0a099d9fce76d67e8ed7c2ece8192978415dcc21d9b93a04144b
ct_collins_ver01	https://chroniclingamerica.loc.gov/data/ocr/ct_collins_ver01.tar.bz2	735955775	sha256:a6b0148a2838eb5bf81cf0b71fdb30f63efdd59395bc2a693713b0a4f3d207cb
ct_duracell_ver01	https://chroniclingamerica.loc.gov/data/ocr/ct_duracell_ver01.tar.bz2	931791979	sha256:3189405dec3e48418c8b106146c4219bee5165cbc4344589a97f375fbef6426d
ct_ethan_ver01	https://chroniclingamerica.loc.gov/data/ocr/ct_ethan_ver01.tar.bz2	967336659	sha256:7650ea1c0f0215af18bd3a8b8e745b32cfd420ee9c8c2a29dc521b9bbfb641ac
ct_hashbrown_ver01	https://chroniclingamerica.loc.gov/data/ocr/ct_hashbrown_ver01.tar.bz2	562819727	sha256:7f293709c5a376e5fabbbf86f839ff233f86e13d4d5274a7d002781b0bce9ff5
curiv_archylee_ver01	https://chroniclingamerica.loc.gov/data/ocr/curiv_archylee_ver01.tar.bz2	689498311	sha256:62f937d857ed628a16cde45b099ff7f31ff7505e4f95d41365716ae113a9c608
curiv_charlottabass_ver01	https://chroniclingamerica.loc.gov/data/ocr/curiv_charlottabass_ver01.tar.bz2	592283154	sha256:d3a8564e39b4078ac4373e23969cd8c1aa12d7c6137d7ebebb40d01e7cea2582
dlc_arbus_ver02	https://chroniclingamerica.loc.gov/data/ocr/dlc_arbus_ver02.tar.bz2	333862490	sha256:7d0710c429bde951057ce3c9698ff957b63c8a153ae779bc2aad97dfd631efd0
dlc_arneaux_ver02	https://chroniclingamerica.loc.gov/data/ocr/dlc_arneaux_ver02.tar.bz2	918759855	sha256:b1c3674161b19df177dd9edc9db1834934acf5b2e52ded7cc3416cc41c4002c9
dlc_arnold_ver01	https://chroniclingamerica.loc.gov/data/ocr/dlc_arnold_ver01.tar.bz2	157956291	sha256:39231db3403da6d9ab6d0737ec056076f0fccad4d470bc05acd3062c15efe61c
dlc_avedon_ver01	https://chroniclingamerica.loc.gov/data/ocr/dlc_avedon_ver01.tar.bz2	485492989	sha256:0287c6b35dd9ff54f3a282377bfd2d9781e148f947e0b7a6441e0f8141e0d00b
dlc_badger_ver02	https://chroniclingamerica.loc.gov/data/ocr/dlc_badger_ver02.tar.bz2	141209073	sha256:402a35f1ac434f182315a822c65d42249c59ee96bc95cadafd3f8f9936626064
dlc_beals_ver01	https://chroniclingamerica.loc.gov/data/ocr/dlc_beals_ver01.tar.bz2	314913304	sha256:2a838d83c8850b4bd4c6f393bbbf8bae98ae31cfbd2fe1454205930e4a261702
dlc_bloomfield_ver02	https://chroniclingamerica.loc.gov/data/ocr/dlc_bloomfield_ver02.tar.bz2	764750817	sha256:1d35b55322e45dff0f619df2f80b281d7aeb18f8cc864785c11b5f590045a90e
dlc_bullock_ver01	https://chroniclingamerica.loc.gov/data/ocr/dlc_bullock_ver01.tar.bz2	455677478	sha256:fb0c6d1a651fea730c9ad5b344c4f496fc93eaddddc3bdd786bd2888f68902df
dlc_capa_ver01	https://chroniclingamerica.loc.gov/data/ocr/dlc_capa_ver01.tar.bz2	473176593	sha256:82bc2faea284d590b4fda04883c4fde2434875fcd65c20ab1d03fb917dc56ef7
dlc_cloudburst_ver01	https://chroniclingamerica.loc.gov/data/ocr/dlc_cloudburst_ver01.tar.bz2	1022721135	sha256:55e334688b6083b45a610aed1ab9382f66c417df79fe506f4bdfc8029fe79b95
dlc_cole_ver01	https://chroniclingamerica.loc.gov/data/ocr/dlc_cole_ver01.tar.bz2	479995969	sha256:cdb38c4bdc7ce3b46ca54f678fe6b5042dd483b50d0d9d608f020650310f632c
dlc_dicorcia_ver01	https://chroniclingamerica.loc.gov/data/ocr/dlc_dicorcia_ver01.tar.bz2	514546408	sha256:cd0853513b3fb08c68db00f4a6a751665b79a36438fb5b6fcf8c84916a3b06b7
dlc_divebomb_ver01	https://chroniclingamerica.loc.gov/data/ocr/dlc_divebomb_ver01.tar.bz2	1161540487	sha256:05be22b45ccb154df5708d5faf5fa8d4451c80eda8b70b7588cdb9993301c166
dlc_downtown_ver03	https://chroniclingamerica.loc.gov/data/ocr/dlc_downtown_ver03.tar.bz2	776610788	sha256:1202081d40bc8d287bc87d16529e8ee75330c6b0bcbff30bce8a5e41ddf60278
dlc_drake_ver01	https://chroniclingamerica.loc.gov/data/ocr/dlc_drake_ver01.tar.bz2	407684474	sha256:4bd952eb2c89939d06b454b18b77396c9f07258f8b18116ef437e0cea0599c6b
dlc_eastliberty_ver03	https://chroniclingamerica.loc.gov/data/ocr/dlc_eastliberty_ver03.tar.bz2	725569164	sha256:ada318f22afdd3a36aa62ba632862dac5b72587f5157753f69610d0812b7d3a3
dlc_eisner_ver01	https://chroniclingamerica.loc.gov/data/ocr/dlc_eisner_ver01.tar.bz2	437564020	sha256:8a7cf016c167f3ada98a9d11e24207221d1fed46f9169568ede91f650b3492c2
dlc_fireflight_ver02	https://chroniclingamerica.loc.gov/data/ocr/dlc_fireflight_ver02.tar.bz2	1020766371	sha256:21c3c93b1f19d5a15dde5190f88afe48820888d4da9ae61fbc58596ebbfa7547
dlc_hine_ver02	https://chroniclingamerica.loc.gov/data/ocr/dlc_hine_ver02.tar.bz2	521164363	sha256:cb8699c95fa47904be15e7ce9758e0ee6ee8914d05658b1b4ec26345bd8f11e0
dlc_hodges_ver01	https://chroniclingamerica.loc.gov/data/ocr/dlc_hodges_ver01.tar.bz2	658030575	sha256:7ccddad4506db3542945330c295c81381b8f2adb03e02fca06847b8e7facbb61
dlc_ifill_ver01	https://chroniclingamerica.loc.gov/data/ocr/dlc_ifill_ver01.tar.bz2	688378145	sha256:43d76c1f1ab6a7a092eef5e0538a5f37b84e35a06db6a67bc6555578ec9de0bc
dlc_ironhide_ver02	https://chroniclingamerica.loc.gov/data/ocr/dlc_ironhide_ver02.tar.bz2	1278147858	sha256:bc8a2e386c03670ed91ca22e7ccc03bff093dfa2710abde26b7c1ef531711b03
dlc_jetfire_ver02	https://chroniclingamerica.loc.gov/data/ocr/dlc_jetfire_ver02.tar.bz2	821827664	sha256:69635c6ba847def4dbe657da52c25813852bcad5ceedeaf5654ca7d207a076a6
dlc_kasebier_ver01	https://chroniclingamerica.loc.gov/data/ocr/dlc_kasebier_ver01.tar.bz2	330914662	sha256:99857a9b129efd43f658a6d420fd7cb1c56f308943a43e3c16e011eee28cc51f
dlc_kickback_ver02	https://chroniclingamerica.loc.gov/data/ocr/dlc_kickback_ver02.tar.bz2	675663369	sha256:959e7d39773632d99626db7fed10b4d546abfd8bdf7ee641113aa5641619c5ee
dlc_leibovitz_ver01	https://chroniclingamerica.loc.gov/data/ocr/dlc_leibovitz_ver01.tar.bz2	358153971	sha256:94930175c006d7c3e993c1393a8c8699963f0af59b31366f211121e0d7845523
dlc_mark_ver01	https://chroniclingamerica.loc.gov/data/ocr/dlc_mark_ver01.tar.bz2	255726372	sha256:ff1dd32d31361afe4599c46eb02924010f55993f7febe7a5621f600c678ce108
dlc_overkill_ver03	https://chroniclingamerica.loc.gov/data/ocr/dlc_overkill_ver03.tar.bz2	1132775491	sha256:2ada9c5c36bddadd850d2e9b4e6a0c9d025ad10be3121cd072068076b2a430d0
fu_estero_ver02	https://chroniclingamerica.loc.gov/data/ocr/fu_estero_ver02.tar.bz2	330450093	sha256:f1fcc6bcdec6888666df2dbfebec3ee08eb0b492179f9264f8df8844d27a3e7e
fu_freeport_ver01	https://chroniclingamerica.loc.gov/data/ocr/fu_freeport_ver01.tar.bz2	547409449	sha256:1b8c4ac86e46b71263144b61f84cea0d6848fee02fd4eeb2700046d42614b598
fu_greenville_ver01	https://chroniclingamerica.loc.gov/data/ocr/fu_greenville_ver01.tar.bz2	371817713	sha256:6175e64903b858e7e436a7a8351a6830d3be546e3117311bc34aeb2ad6864841
fu_hastings_ver02	https://chroniclingamerica.loc.gov/data/ocr/fu_hastings_ver02.tar.bz2	744773534	sha256:49a03d5caf6b45152b59fb5d083224150145f650ae91733fa41eed0fe024cc25
fu_jennings_ver01	https://chroniclingamerica.loc.gov/data/ocr/fu_jennings_ver01.tar.bz2	657039715	sha256:5b1d1b24085605e933eda8c3c5fd88522586690c2ada948e799dfe6ac95c3fa5
fu_kinard_ver01	https://chroniclingamerica.loc.gov/data/ocr/fu_kinard_ver01.tar.bz2	629356059	sha256:e476b037c41f9f2dcc06ad49344c11ce7ea5c52e29d2cbcfbf7800735a304459
fu_lantana_ver01	https://chroniclingamerica.loc.gov/data/ocr/fu_lantana_ver01.tar.bz2	481202242	sha256:d1b0a713491908c538c78f8d5044f2fcefebdf0ee71ffbc2479aab50675f24b6
fu_madison_ver01	https://chroniclingamerica.loc.gov/data/ocr/fu_madison_ver01.tar.bz2	359316050	sha256:ab514fba90902d3ab467af731de1d6534eef5ad96b2085b05176683e3e190c72
gu_allmanbrothers_ver01	https://chroniclingamerica.loc.gov/data/ocr/gu_allmanbrothers_ver01.tar.bz2	380143982	sha256:b6a1edf64018ecc85fce28f930d79a7d16290bb0829672ac15315e0e52cf8869
gu_bigfoot_ver02	https://chroniclingamerica.loc.gov/data/ocr/gu_bigfoot_ver02.tar.bz2	948179841	sha256:f009de51433194c004f6b15d6853bcdf0b41c4287f1c59f0cd24d337827987bf
gu_cthulhu_ver03	https://chroniclingamerica.loc.gov/data/ocr/gu_cthulhu_ver03.tar.bz2	1047577381	sha256:70d4241942581688a0273a847dcc700ce4aae9064197e957b70d921301101d0a
gu_jinn_ver01	https://chroniclingamerica.loc.gov/data/ocr/gu_jinn_ver01.tar.bz2	898573537	sha256:a58aa0274ff2a70a58b5cc8c421fadf18ddad7ae592e528719aea4b1885d79c0
in_archer_ver01	https://chroniclingamerica.loc.gov/data/ocr/in_archer_ver01.tar.bz2	679003857	sha256:0f6b69c265aeae0fb1c96707b2d2ff383e5ede566e1c908871d86b0557403a05
in_ilia_ver01	https://chroniclingamerica.loc.gov/data/ocr/in_ilia_ver01.tar.bz2	933818428	sha256:59c0b6da8fb2f53ba9a2c1d3a6d12d75fbb9a807861ed6d546e00e6ef088c4a6
in_janeway_ver01	https://chroniclingamerica.loc.gov/data/ocr/in_janeway_ver01.tar.bz2	968237658	sha256:8770e3a3db45040a77658f87ddc5a3b39756ad79f5af41fa193adcb9c3685ec1
