# crelle_ia: archive.org djvu.txt, query 'title:(journal fur die reine und angewandte mathematik)', window 1826-01-01..1938-12-31; built 2026-10-06 by src.data.ia_catalog
key	url	bytes	checksum
journalfrdierei00crelgoog	https://archive.org/download/journalfrdierei00crelgoog/journalfrdierei00crelgoog_djvu.txt	?	-
journalfrdierei01crelgoog	https://archive.org/download/journalfrdierei01crelgoog/journalfrdierei01crelgoog_djvu.txt	?	-
journalfrdierei02crelgoog	https://archive.org/download/journalfrdierei02crelgoog/journalfrdierei02crelgoog_djvu.txt	?	-
journalfrdierei03crelgoog	https://archive.org/download/journalfrdierei03crelgoog/journalfrdierei03crelgoog_djvu.txt	?	-
journalfrdierei04crelgoog	https://archive.org/download/journalfrdierei04crelgoog/journalfrdierei04crelgoog_djvu.txt	?	-
journalfrdierei05crelgoog	https://archive.org/download/journalfrdierei05crelgoog/journalfrdierei05crelgoog_djvu.txt	?	-
journalfrdierei06crelgoog	https://archive.org/download/journalfrdierei06crelgoog/journalfrdierei06crelgoog_djvu.txt	?	-
journalfrdierei07crelgoog	https://archive.org/download/journalfrdierei07crelgoog/journalfrdierei07crelgoog_djvu.txt	?	-
journalfrdierei08crelgoog	https://archive.org/download/journalfrdierei08crelgoog/journalfrdierei08crelgoog_djvu.txt	?	-
journalfrdierei09crelgoog	https://archive.org/download/journalfrdierei09crelgoog/journalfrdierei09crelgoog_djvu.txt	?	-
journalfrdierei100crelgoog	https://archive.org/download/journalfrdierei100crelgoog/journalfrdierei100crelgoog_djvu.txt	?	-
journalfrdierei101crelgoog	https://archive.org/download/journalfrdierei101crelgoog/journalfrdierei101crelgoog_djvu.txt	?	-
journalfrdierei102crelgoog	https://archive.org/download/journalfrdierei102crelgoog/journalfrdierei102crelgoog_djvu.txt	?	-
journalfrdierei103crelgoog	https://archive.org/download/journalfrdierei103crelgoog/journalfrdierei103crelgoog_djvu.txt	?	-
journalfrdierei104crelgoog	https://archive.org/download/journalfrdierei104crelgoog/journalfrdierei104crelgoog_djvu.txt	?	-
journalfrdierei105crelgoog	https://archive.org/download/journalfrdierei105crelgoog/journalfrdierei105crelgoog_djvu.txt	?	-
journalfrdierei106crelgoog	https://archive.org/download/journalfrdierei106crelgoog/journalfrdierei106crelgoog_djvu.txt	?	-
journalfrdierei108crelgoog	https://archive.org/download/journalfrdierei108crelgoog/journalfrdierei108crelgoog_djvu.txt	?	-
journalfrdierei109crelgoog	https://archive.org/download/journalfrdierei109crelgoog/journalfrdierei109crelgoog_djvu.txt	?	-
journalfrdierei10crelgoog	https://archive.org/download/journalfrdierei10crelgoog/journalfrdierei10crelgoog_djvu.txt	?	-
journalfrdierei110crelgoog	https://archive.org/download/journalfrdierei110crelgoog/journalfrdierei110crelgoog_djvu.txt	?	-
journalfrdierei111crelgoog	https://archive.org/download/journalfrdierei111crelgoog/journalfrdierei111crelgoog_djvu.txt	?	-
journalfrdierei112crelgoog	https://archive.org/download/journalfrdierei112crelgoog/journalfrdierei112crelgoog_djvu.txt	?	-
journalfrdierei113crelgoog	https://archive.org/download/journalfrdierei113crelgoog/journalfrdierei113crelgoog_djvu.txt	?	-
journalfrdierei114crelgoog	https://archive.org/download/journalfrdierei114crelgoog/journalfrdierei114crelgoog_djvu.txt	?	-
journalfrdierei115crelgoog	https://archive.org/download/journalfrdierei115crelgoog/journalfrdierei115crelgoog_djvu.txt	?	-
journalfrdierei116crelgoog	https://archive.org/download/journalfrdierei116crelgoog/journalfrdierei116crelgoog_djvu.txt	?	-
journalfrdierei117crelgoog	https://archive.org/download/journalfrdierei117crelgoog/journalfrdierei117crelgoog_djvu.txt	?	-
journalfrdierei118crelgoog	https://archive.org/download/journalfrdierei118crelgoog/journalfrdierei118crelgoog_djvu.txt	?	-
journalfrdierei11crelgoog	https://archive.org/download/journalfrdierei11crelgoog/journalfrdierei11crelgoog_djvu.txt	?	-
journalfrdierei12crelgoog	https://archive.org/download/journalfrdierei12crelgoog/journalfrdierei12crelgoog_djvu.txt	?	-
journalfrdierei13crelgoog	https://archive.org/download/journalfrdierei13crelgoog/journalfrdierei13crelgoog_djvu.txt	?	-
journalfrdierei14crelgoog	https://archive.org/download/journalfrdierei14crelgoog/journalfrdierei14crelgoog_djvu.txt	?	-
journalfrdierei16crelgoog	https://archive.org/download/journalfrdierei16crelgoog/journalfrdierei16crelgoog_djvu.txt	?	-
journalfrdierei17crelgoog	https://archive.org/download/journalfrdierei17crelgoog/journalfrdierei17crelgoog_djvu.txt	?	-
journalfrdierei18crelgoog	https://archive.org/download/journalfrdierei18crelgoog/journalfrdierei18crelgoog_djvu.txt	?	-
journalfrdierei19crelgoog	https://archive.org/download/journalfrdierei19crelgoog/journalfrdierei19crelgoog_djvu.txt	?	-
journalfrdierei20crelgoog	https://archive.org/download/journalfrdierei20crelgoog/journalfrdierei20crelgoog_djvu.txt	?	-
journalfrdierei21crelgoog	https://archive.org/download/journalfrdierei21crelgoog/journalfrdierei21crelgoog_djvu.txt	?	-
journalfrdierei22crelgoog	https://archive.org/download/journalfrdierei22crelgoog/journalfrdierei22crelgoog_djvu.txt	?	-
journalfrdierei23crelgoog	https://archive.org/download/journalfrdierei23crelgoog/journalfrdierei23crelgoog_djvu.txt	?	-
journalfrdierei24crelgoog	https://archive.org/download/journalfrdierei24crelgoog/journalfrdierei24crelgoog_djvu.txt	?	-
journalfrdierei25crelgoog	https://archive.org/download/journalfrdierei25crelgoog/journalfrdierei25crelgoog_djvu.txt	?	-
journalfrdierei26crelgoog	https://archive.org/download/journalfrdierei26crelgoog/journalfrdierei26crelgoog_djvu.txt	?	-
journalfrdierei27crelgoog	https://archive.org/download/journalfrdierei27crelgoog/journalfrdierei27crelgoog_djvu.txt	?	-
journalfrdierei28crelgoog	https://archive.org/download/journalfrdierei28crelgoog/journalfrdierei28crelgoog_djvu.txt	?	-
journalfrdierei29crelgoog	https://archive.org/download/journalfrdierei29crelgoog/journalfrdierei29crelgoog_djvu.txt	?	-
journalfrdierei30crelgoog	https://archive.org/download/journalfrdierei30crelgoog/journalfrdierei30crelgoog_djvu.txt	?	-
journalfrdierei31crelgoog	https://archive.org/download/journalfrdierei31crelgoog/journalfrdierei31crelgoog_djvu.txt	?	-
journalfrdierei32crelgoog	https://archive.org/download/journalfrdierei32crelgoog/journalfrdierei32crelgoog_djvu.txt	?	-
journalfrdierei33crelgoog	https://archive.org/download/journalfrdierei33crelgoog/journalfrdierei33crelgoog_djvu.txt	?	-
journalfrdierei34crelgoog	https://archive.org/download/journalfrdierei34crelgoog/journalfrdierei34crelgoog_djvu.txt	?	-
journalfrdierei35crelgoog	https://archive.org/download/journalfrdierei35crelgoog/journalfrdierei35crelgoog_djvu.txt	?	-
journalfrdierei36crelgoog	https://archive.org/download/journalfrdierei36crelgoog/journalfrdierei36crelgoog_djvu.txt	?	-
journalfrdierei37crelgoog	https://archive.org/download/journalfrdierei37crelgoog/journalfrdierei37crelgoog_djvu.txt	?	-
journalfrdierei38crelgoog	https://archive.org/download/journalfrdierei38crelgoog/journalfrdierei38crelgoog_djvu.txt	?	-
journalfrdierei39crelgoog	https://archive.org/download/journalfrdierei39crelgoog/journalfrdierei39crelgoog_djvu.txt	?	-
journalfrdierei40crelgoog	https://archive.org/download/journalfrdierei40crelgoog/journalfrdierei40crelgoog_djvu.txt	?	-
journalfrdierei41crelgoog	https://archive.org/download/journalfrdierei41crelgoog/journalfrdierei41crelgoog_djvu.txt	?	-
journalfrdierei42crelgoog	https://archive.org/download/journalfrdierei42crelgoog/journalfrdierei42crelgoog_djvu.txt	?	-
journalfrdierei43crelgoog	https://archive.org/download/journalfrdierei43crelgoog/journalfrdierei43crelgoog_djvu.txt	?	-
journalfrdierei44crelgoog	https://archive.org/download/journalfrdierei44crelgoog/journalfrdierei44crelgoog_djvu.txt	?	-
journalfrdierei45crelgoog	https://archive.org/download/journalfrdierei45crelgoog/journalfrdierei45crelgoog_djvu.txt	?	-
journalfrdierei46crelgoog	https://archive.org/download/journalfrdierei46crelgoog/journalfrdierei46crelgoog_djvu.txt	?	-
journalfrdierei47crelgoog	https://archive.org/download/journalfrdierei47crelgoog/journalfrdierei47crelgoog_djvu.txt	?	-
journalfrdierei48crelgoog	https://archive.org/download/journalfrdierei48crelgoog/journalfrdierei48crelgoog_djvu.txt	?	-
journalfrdierei49crelgoog	https://archive.org/download/journalfrdierei49crelgoog/journalfrdierei49crelgoog_djvu.txt	?	-
journalfrdierei50crelgoog	https://archive.org/download/journalfrdierei50crelgoog/journalfrdierei50crelgoog_djvu.txt	?	-
journalfrdierei51crelgoog	https://archive.org/download/journalfrdierei51crelgoog/journalfrdierei51crelgoog_djvu.txt	?	-
journalfrdierei52crelgoog	https://archive.org/download/journalfrdierei52crelgoog/journalfrdierei52crelgoog_djvu.txt	?	-
journalfrdierei53crelgoog	https://archive.org/download/journalfrdierei53crelgoog/journalfrdierei53crelgoog_djvu.txt	?	-
journalfrdierei54crelgoog	https://archive.org/download/journalfrdierei54crelgoog/journalfrdierei54crelgoog_djvu.txt	?	-
journalfrdierei55crelgoog	https://archive.org/download/journalfrdierei55crelgoog/journalfrdierei55crelgoog_djvu.txt	?	-
journalfrdierei56crelgoog	https://archive.org/download/journalfrdierei56crelgoog/journalfrdierei56crelgoog_djvu.txt	?	-
journalfrdierei57crelgoog	https://archive.org/download/journalfrdierei57crelgoog/journalfrdierei57crelgoog_djvu.txt	?	-
journalfrdierei58crelgoog	https://archive.org/download/journalfrdierei58crelgoog/journalfrdierei58crelgoog_djvu.txt	?	-
journalfrdierei59crelgoog	https://archive.org/download/journalfrdierei59crelgoog/journalfrdierei59crelgoog_djvu.txt	?	-
journalfrdierei60crelgoog	https://archive.org/download/journalfrdierei60crelgoog/journalfrdierei60crelgoog_djvu.txt	?	-
journalfrdierei61crelgoog	https://archive.org/download/journalfrdierei61crelgoog/journalfrdierei61crelgoog_djvu.txt	?	-
journalfrdierei62crelgoog	https://archive.org/download/journalfrdierei62crelgoog/journalfrdierei62crelgoog_djvu.txt	?	-
journalfrdierei64crelgoog	https://archive.org/download/journalfrdierei64crelgoog/journalfrdierei64crelgoog_djvu.txt	?	-
journalfrdierei65crelgoog	https://archive.org/download/journalfrdierei65crelgoog/journalfrdierei65crelgoog_djvu.txt	?	-
journalfrdierei66crelgoog	https://archive.org/download/journalfrdierei66crelgoog/journalfrdierei66crelgoog_djvu.txt	?	-
journalfrdierei67crelgoog	https://archive.org/download/journalfrdierei67crelgoog/journalfrdierei67crelgoog_djvu.txt	?	-
journalfrdierei68crelgoog	https://archive.org/download/journalfrdierei68crelgoog/journalfrdierei68crelgoog_djvu.txt	?	-
journalfrdierei69crelgoog	https://archive.org/download/journalfrdierei69crelgoog/journalfrdierei69crelgoog_djvu.txt	?	-
journalfrdierei70crelgoog	https://archive.org/download/journalfrdierei70crelgoog/journalfrdierei70crelgoog_djvu.txt	?	-
journalfrdierei71crelgoog	https://archive.org/download/journalfrdierei71crelgoog/journalfrdierei71crelgoog_djvu.txt	?	-
journalfrdierei73crelgoog	https://archive.org/download/journalfrdierei73crelgoog/journalfrdierei73crelgoog_djvu.txt	?	-
journalfrdierei74crelgoog	https://archive.org/download/journalfrdierei74crelgoog/journalfrdierei74crelgoog_djvu.txt	?	-
journalfrdierei75crelgoog	https://archive.org/download/journalfrdierei75crelgoog/journalfrdierei75crelgoog_djvu.txt	?	-
journalfrdierei76crelgoog	https://archive.org/download/journalfrdierei76crelgoog/journalfrdierei76crelgoog_djvu.txt	?	-
journalfrdierei77crelgoog	https://archive.org/download/journalfrdierei77crelgoog/journalfrdierei77crelgoog_djvu.txt	?	-
journalfrdierei78crelgoog	https://archive.org/download/journalfrdierei78crelgoog/journalfrdierei78crelgoog_djvu.txt	?	-
journalfrdierei79crelgoog	https://archive.org/download/journalfrdierei79crelgoog/journalfrdierei79crelgoog_djvu.txt	?	-
journalfrdierei80crelgoog	https://archive.org/download/journalfrdierei80crelgoog/journalfrdierei80crelgoog_djvu.txt	?	-
journalfrdierei81crelgoog	https://archive.org/download/journalfrdierei81crelgoog/journalfrdierei81crelgoog_djvu.txt	?	-
journalfrdierei82crelgoog	https://archive.org/download/journalfrdierei82crelgoog/journalfrdierei82crelgoog_djvu.txt	?	-
journalfrdierei83crelgoog	https://archive.org/download/journalfrdierei83crelgoog/journalfrdierei83crelgoog_djvu.txt	?	-
journalfrdierei84crelgoog	https://archive.org/download/journalfrdierei84crelgoog/journalfrdierei84crelgoog_djvu.txt	?	-
journalfrdierei85crelgoog	https://archive.org/download/journalfrdierei85crelgoog/journalfrdierei85crelgoog_djvu.txt	?	-
journalfrdierei86crelgoog	https://archive.org/download/journalfrdierei86crelgoog/journalfrdierei86crelgoog_djvu.txt	?	-
journalfrdierei87crelgoog	https://archive.org/download/journalfrdierei87crelgoog/journalfrdierei87crelgoog_djvu.txt	?	-
journalfrdierei88crelgoog	https://archive.org/download/journalfrdierei88crelgoog/journalfrdierei88crelgoog_djvu.txt	?	-
journalfrdierei89crelgoog	https://archive.org/download/journalfrdierei89crelgoog/journalfrdierei89crelgoog_djvu.txt	?	-
journalfrdierei90crelgoog	https://archive.org/download/journalfrdierei90crelgoog/journalfrdierei90crelgoog_djvu.txt	?	-
journalfrdierei91crelgoog	https://archive.org/download/journalfrdierei91crelgoog/journalfrdierei91crelgoog_djvu.txt	?	-
journalfrdierei92crelgoog	https://archive.org/download/journalfrdierei92crelgoog/journalfrdierei92crelgoog_djvu.txt	?	-
journalfrdierei93crelgoog	https://archive.org/download/journalfrdierei93crelgoog/journalfrdierei93crelgoog_djvu.txt	?	-
journalfrdierei94crelgoog	https://archive.org/download/journalfrdierei94crelgoog/journalfrdierei94crelgoog_djvu.txt	?	-
journalfrdierei95crelgoog	https://archive.org/download/journalfrdierei95crelgoog/journalfrdierei95crelgoog_djvu.txt	?	-
journalfrdierei96crelgoog	https://archive.org/download/journalfrdierei96crelgoog/journalfrdierei96crelgoog_djvu.txt	?	-
journalfrdierei97crelgoog	https://archive.org/download/journalfrdierei97crelgoog/journalfrdierei97crelgoog_djvu.txt	?	-
journalfrdierei98crelgoog	https://archive.org/download/journalfrdierei98crelgoog/journalfrdierei98crelgoog_djvu.txt	?	-
journalfrdierei99crelgoog	https://archive.org/download/journalfrdierei99crelgoog/journalfrdierei99crelgoog_djvu.txt	?	-
sim_journal-fuer-die-reine-und-angewandte-mathematik_1860_57	https://archive.org/download/sim_journal-fuer-die-reine-und-angewandte-mathematik_1860_57/sim_journal-fuer-die-reine-und-angewandte-mathematik_1860_57_djvu.txt	?	-
sim_journal-fuer-die-reine-und-angewandte-mathematik_1861_58	https://archive.org/download/sim_journal-fuer-die-reine-und-angewandte-mathematik_1861_58/sim_journal-fuer-die-reine-und-angewandte-mathematik_1861_58_djvu.txt	?	-
sim_journal-fuer-die-reine-und-angewandte-mathematik_1861_59	https://archive.org/download/sim_journal-fuer-die-reine-und-angewandte-mathematik_1861_59/sim_journal-fuer-die-reine-und-angewandte-mathematik_1861_59_djvu.txt	?	-
sim_journal-fuer-die-reine-und-angewandte-mathematik_1862_60	https://archive.org/download/sim_journal-fuer-die-reine-und-angewandte-mathematik_1862_60/sim_journal-fuer-die-reine-und-angewandte-mathematik_1862_60_djvu.txt	?	-
sim_journal-fuer-die-reine-und-angewandte-mathematik_1863_61	https://archive.org/download/sim_journal-fuer-die-reine-und-angewandte-mathematik_1863_61/sim_journal-fuer-die-reine-und-angewandte-mathematik_1863_61_djvu.txt	?	-
sim_journal-fuer-die-reine-und-angewandte-mathematik_1863_62	https://archive.org/download/sim_journal-fuer-die-reine-und-angewandte-mathematik_1863_62/sim_journal-fuer-die-reine-und-angewandte-mathematik_1863_62_djvu.txt	?	-
sim_journal-fuer-die-reine-und-angewandte-mathematik_1864_63	https://archive.org/download/sim_journal-fuer-die-reine-und-angewandte-mathematik_1864_63/sim_journal-fuer-die-reine-und-angewandte-mathematik_1864_63_djvu.txt	?	-
sim_journal-fuer-die-reine-und-angewandte-mathematik_1865_64	https://archive.org/download/sim_journal-fuer-die-reine-und-angewandte-mathematik_1865_64/sim_journal-fuer-die-reine-und-angewandte-mathematik_1865_64_djvu.txt	?	-
sim_journal-fuer-die-reine-und-angewandte-mathematik_1866_65	https://archive.org/download/sim_journal-fuer-die-reine-und-angewandte-mathematik_1866_65/sim_journal-fuer-die-reine-und-angewandte-mathematik_1866_65_djvu.txt	?	-
sim_journal-fuer-die-reine-und-angewandte-mathematik_1866_66	https://archive.org/download/sim_journal-fuer-die-reine-und-angewandte-mathematik_1866_66/sim_journal-fuer-die-reine-und-angewandte-mathematik_1866_66_djvu.txt	?	-
sim_journal-fuer-die-reine-und-angewandte-mathematik_1867_67	https://archive.org/download/sim_journal-fuer-die-reine-und-angewandte-mathematik_1867_67/sim_journal-fuer-die-reine-und-angewandte-mathematik_1867_67_djvu.txt	?	-
sim_journal-fuer-die-reine-und-angewandte-mathematik_1868_68	https://archive.org/download/sim_journal-fuer-die-reine-und-angewandte-mathematik_1868_68/sim_journal-fuer-die-reine-und-angewandte-mathematik_1868_68_djvu.txt	?	-
sim_journal-fuer-die-reine-und-angewandte-mathematik_1868_69	https://archive.org/download/sim_journal-fuer-die-reine-und-angewandte-mathematik_1868_69/sim_journal-fuer-die-reine-und-angewandte-mathematik_1868_69_djvu.txt	?	-
sim_journal-fuer-die-reine-und-angewandte-mathematik_1869_70	https://archive.org/download/sim_journal-fuer-die-reine-und-angewandte-mathematik_1869_70/sim_journal-fuer-die-reine-und-angewandte-mathematik_1869_70_djvu.txt	?	-
sim_journal-fuer-die-reine-und-angewandte-mathematik_1870_71	https://archive.org/download/sim_journal-fuer-die-reine-und-angewandte-mathematik_1870_71/sim_journal-fuer-die-reine-und-angewandte-mathematik_1870_71_djvu.txt	?	-
sim_journal-fuer-die-reine-und-angewandte-mathematik_1870_72	https://archive.org/download/sim_journal-fuer-die-reine-und-angewandte-mathematik_1870_72/sim_journal-fuer-die-reine-und-angewandte-mathematik_1870_72_djvu.txt	?	-
sim_journal-fuer-die-reine-und-angewandte-mathematik_1871_73	https://archive.org/download/sim_journal-fuer-die-reine-und-angewandte-mathematik_1871_73/sim_journal-fuer-die-reine-und-angewandte-mathematik_1871_73_djvu.txt	?	-
sim_journal-fuer-die-reine-und-angewandte-mathematik_1872_74	https://archive.org/download/sim_journal-fuer-die-reine-und-angewandte-mathematik_1872_74/sim_journal-fuer-die-reine-und-angewandte-mathematik_1872_74_djvu.txt	?	-
sim_journal-fuer-die-reine-und-angewandte-mathematik_1873_75	https://archive.org/download/sim_journal-fuer-die-reine-und-angewandte-mathematik_1873_75/sim_journal-fuer-die-reine-und-angewandte-mathematik_1873_75_djvu.txt	?	-
sim_journal-fuer-die-reine-und-angewandte-mathematik_1873_76	https://archive.org/download/sim_journal-fuer-die-reine-und-angewandte-mathematik_1873_76/sim_journal-fuer-die-reine-und-angewandte-mathematik_1873_76_djvu.txt	?	-
sim_journal-fuer-die-reine-und-angewandte-mathematik_1874_77	https://archive.org/download/sim_journal-fuer-die-reine-und-angewandte-mathematik_1874_77/sim_journal-fuer-die-reine-und-angewandte-mathematik_1874_77_djvu.txt	?	-
