# eb11_ia: archive.org djvu.txt, query 'identifier:encyclopaedia*chisrich OR identifier:encyclopdiabri20chisrich', window 1910-01-01..1922-12-31; built 2026-10-06 by src.data.ia_catalog
key	url	bytes	checksum
encyclopaediabri01chisrich	https://archive.org/download/encyclopaediabri01chisrich/encyclopaediabri01chisrich_djvu.txt	?	-
encyclopaediabri18chisrich	https://archive.org/download/encyclopaediabri18chisrich/encyclopaediabri18chisrich_djvu.txt	?	-
encyclopaediabri19chisrich	https://archive.org/download/encyclopaediabri19chisrich/encyclopaediabri19chisrich_djvu.txt	?	-
encyclopaediabri21chisrich	https://archive.org/download/encyclopaediabri21chisrich/encyclopaediabri21chisrich_djvu.txt	?	-
encyclopaediabri22chisrich	https://archive.org/download/encyclopaediabri22chisrich/encyclopaediabri22chisrich_djvu.txt	?	-
encyclopaediabri23chisrich	https://archive.org/download/encyclopaediabri23chisrich/encyclopaediabri23chisrich_djvu.txt	?	-
encyclopaediabri24chisrich	https://archive.org/download/encyclopaediabri24chisrich/encyclopaediabri24chisrich_djvu.txt	?	-
encyclopaediabri25chisrich	https://archive.org/download/encyclopaediabri25chisrich/encyclopaediabri25chisrich_djvu.txt	?	-
encyclopaediabri26chisrich	https://archive.org/download/encyclopaediabri26chisrich/encyclopaediabri26chisrich_djvu.txt	?	-
encyclopaediabri27chisrich	https://archive.org/download/encyclopaediabri27chisrich/encyclopaediabri27chisrich_djvu.txt	?	-
encyclopaediabri28chisrich	https://archive.org/download/encyclopaediabri28chisrich/encyclopaediabri28chisrich_djvu.txt	?	-
encyclopaediabri30chisrich	https://archive.org/download/encyclopaediabri30chisrich/encyclopaediabri30chisrich_djvu.txt	?	-
encyclopaediabri31chisrich	https://archive.org/download/encyclopaediabri31chisrich/encyclopaediabri31chisrich_djvu.txt	?	-
encyclopdiabri20chisrich	https://archive.org/download/encyclopdiabri20chisrich/encyclopdiabri20chisrich_djvu.txt	?	-
