# encyklopaedie_ia: archive.org djvu.txt, query 'title:(encyklopadie der mathematischen wissenschaften)', window 1898-01-01..1935-12-31; built 2026-10-06 by src.data.ia_catalog
key	url	bytes	checksum
encyklomath101encyrich	https://archive.org/download/encyklomath101encyrich/encyklomath101encyrich_djvu.txt	?	-
encyklomath104encyrich	https://archive.org/download/encyklomath104encyrich/encyklomath104encyrich_djvu.txt	?	-
encyklomath22B03encyrich	https://archive.org/download/encyklomath22B03encyrich/encyklomath22B03encyrich_djvu.txt	?	-
encyklopadiederm0000hbur	https://archive.org/download/encyklopadiederm0000hbur/encyklopadiederm0000hbur_djvu.txt	?	-
encyklopadiederm0000vari_f7b2	https://archive.org/download/encyklopadiederm0000vari_f7b2/encyklopadiederm0000vari_f7b2_djvu.txt	?	-
encyklopadiederm0002vari_d1z8	https://archive.org/download/encyklopadiederm0002vari_d1z8/encyklopadiederm0002vari_d1z8_djvu.txt	?	-
encyklopadiederm0002vari_v8g9	https://archive.org/download/encyklopadiederm0002vari_v8g9/encyklopadiederm0002vari_v8g9_djvu.txt	?	-
encyklopadiederm0003vari	https://archive.org/download/encyklopadiederm0003vari/encyklopadiederm0003vari_djvu.txt	?	-
encyklopadiederm0003vari_z8h7	https://archive.org/download/encyklopadiederm0003vari_z8h7/encyklopadiederm0003vari_z8h7_djvu.txt	?	-
encyklopadiederm0004vari_b1y7	https://archive.org/download/encyklopadiederm0004vari_b1y7/encyklopadiederm0004vari_b1y7_djvu.txt	?	-
encyklopadiederm0004vari_c8i4	https://archive.org/download/encyklopadiederm0004vari_c8i4/encyklopadiederm0004vari_c8i4_djvu.txt	?	-
encyklopadiederm003719mbp	https://archive.org/download/encyklopadiederm003719mbp/encyklopadiederm003719mbp_djvu.txt	?	-
EncyklopadieDerMathematischenWissenschaftenArithmetikUndAlgebra	https://archive.org/download/EncyklopadieDerMathematischenWissenschaftenArithmetikUndAlgebra/EncyklopadieDerMathematischenWissenschaftenArithmetikUndAlgebra_djvu.txt	?	-
encyklopdieder01akaduoft	https://archive.org/download/encyklopdieder01akaduoft/encyklopdieder01akaduoft_djvu.txt	?	-
EncyklopdieDerMathematischenWissenschaftennfterBandPhysik	https://archive.org/download/EncyklopdieDerMathematischenWissenschaftennfterBandPhysik/EncyklopdieDerMathematischenWissenschaftennfterBandPhysik_djvu.txt	?	-
in.ernet.dli.2015.161096	https://archive.org/download/in.ernet.dli.2015.161096/in.ernet.dli.2015.161096_djvu.txt	?	-
in.ernet.dli.2015.212269	https://archive.org/download/in.ernet.dli.2015.212269/in.ernet.dli.2015.212269_djvu.txt	?	-
n3encyklopdieder02akaduoft	https://archive.org/download/n3encyklopdieder02akaduoft/n3encyklopdieder02akaduoft_djvu.txt	?	-
p1n1encyklopdied02akaduoft	https://archive.org/download/p1n1encyklopdied02akaduoft/p1n1encyklopdied02akaduoft_djvu.txt	?	-
p1n2encyklopdied02akaduoft	https://archive.org/download/p1n2encyklopdied02akaduoft/p1n2encyklopdied02akaduoft_djvu.txt	?	-
p4encyklopdieder04akaduoft	https://archive.org/download/p4encyklopdieder04akaduoft/p4encyklopdieder04akaduoft_djvu.txt	?	-
