# Federal Register daily issues 1936-03-14 .. 1939-06-30 (govinfo, US public domain), one PDF per issue
# with an OCR text layer. govinfo publishes no checksum: size checked, own sha256 recorded. Generated 2026-10-05.
key	url	bytes	checksum
FR-1936-03-14	https://www.govinfo.gov/content/pkg/FR-1936-03-14/pdf/FR-1936-03-14.pdf	3256897	-
FR-1936-03-17	https://www.govinfo.gov/content/pkg/FR-1936-03-17/pdf/FR-1936-03-17.pdf	2891455	-
FR-1936-03-18	https://www.govinfo.gov/content/pkg/FR-1936-03-18/pdf/FR-1936-03-18.pdf	1697732	-
FR-1936-03-19	https://www.govinfo.gov/content/pkg/FR-1936-03-19/pdf/FR-1936-03-19.pdf	728629	-
FR-1936-03-20	https://www.govinfo.gov/content/pkg/FR-1936-03-20/pdf/FR-1936-03-20.pdf	692048	-
FR-1936-03-21	https://www.govinfo.gov/content/pkg/FR-1936-03-21/pdf/FR-1936-03-21.pdf	674144	-
FR-1936-03-24	https://www.govinfo.gov/content/pkg/FR-1936-03-24/pdf/FR-1936-03-24.pdf	1481774	-
FR-1936-03-25	https://www.govinfo.gov/content/pkg/FR-1936-03-25/pdf/FR-1936-03-25.pdf	2083909	-
FR-1936-03-26	https://www.govinfo.gov/content/pkg/FR-1936-03-26/pdf/FR-1936-03-26.pdf	876112	-
FR-1936-03-27	https://www.govinfo.gov/content/pkg/FR-1936-03-27/pdf/FR-1936-03-27.pdf	1233464	-
FR-1936-03-28	https://www.govinfo.gov/content/pkg/FR-1936-03-28/pdf/FR-1936-03-28.pdf	1376964	-
FR-1936-03-31	https://www.govinfo.gov/content/pkg/FR-1936-03-31/pdf/FR-1936-03-31.pdf	2271410	-
FR-1936-04-01	https://www.govinfo.gov/content/pkg/FR-1936-04-01/pdf/FR-1936-04-01.pdf	2332084	-
FR-1936-04-02	https://www.govinfo.gov/content/pkg/FR-1936-04-02/pdf/FR-1936-04-02.pdf	2877873	-
FR-1936-04-03	https://www.govinfo.gov/content/pkg/FR-1936-04-03/pdf/FR-1936-04-03.pdf	1326543	-
FR-1936-04-04	https://www.govinfo.gov/content/pkg/FR-1936-04-04/pdf/FR-1936-04-04.pdf	1420081	-
FR-1936-04-07	https://www.govinfo.gov/content/pkg/FR-1936-04-07/pdf/FR-1936-04-07.pdf	1232617	-
FR-1936-04-08	https://www.govinfo.gov/content/pkg/FR-1936-04-08/pdf/FR-1936-04-08.pdf	1466541	-
FR-1936-04-09	https://www.govinfo.gov/content/pkg/FR-1936-04-09/pdf/FR-1936-04-09.pdf	2571688	-
FR-1936-04-10	https://www.govinfo.gov/content/pkg/FR-1936-04-10/pdf/FR-1936-04-10.pdf	1925266	-
FR-1936-04-11	https://www.govinfo.gov/content/pkg/FR-1936-04-11/pdf/FR-1936-04-11.pdf	820772	-
FR-1936-04-14	https://www.govinfo.gov/content/pkg/FR-1936-04-14/pdf/FR-1936-04-14.pdf	1477856	-
FR-1936-04-15	https://www.govinfo.gov/content/pkg/FR-1936-04-15/pdf/FR-1936-04-15.pdf	5679130	-
FR-1936-04-16	https://www.govinfo.gov/content/pkg/FR-1936-04-16/pdf/FR-1936-04-16.pdf	2139682	-
FR-1936-04-17	https://www.govinfo.gov/content/pkg/FR-1936-04-17/pdf/FR-1936-04-17.pdf	1947226	-
FR-1936-04-18	https://www.govinfo.gov/content/pkg/FR-1936-04-18/pdf/FR-1936-04-18.pdf	1292389	-
FR-1936-04-21	https://www.govinfo.gov/content/pkg/FR-1936-04-21/pdf/FR-1936-04-21.pdf	2343278	-
FR-1936-04-22	https://www.govinfo.gov/content/pkg/FR-1936-04-22/pdf/FR-1936-04-22.pdf	604269	-
FR-1936-04-23	https://www.govinfo.gov/content/pkg/FR-1936-04-23/pdf/FR-1936-04-23.pdf	737718	-
FR-1936-04-24	https://www.govinfo.gov/content/pkg/FR-1936-04-24/pdf/FR-1936-04-24.pdf	3820304	-
FR-1936-04-25	https://www.govinfo.gov/content/pkg/FR-1936-04-25/pdf/FR-1936-04-25.pdf	3810728	-
FR-1936-04-28	https://www.govinfo.gov/content/pkg/FR-1936-04-28/pdf/FR-1936-04-28.pdf	3675676	-
FR-1936-04-29	https://www.govinfo.gov/content/pkg/FR-1936-04-29/pdf/FR-1936-04-29.pdf	1268120	-
FR-1936-04-30	https://www.govinfo.gov/content/pkg/FR-1936-04-30/pdf/FR-1936-04-30.pdf	1358972	-
FR-1936-05-01	https://www.govinfo.gov/content/pkg/FR-1936-05-01/pdf/FR-1936-05-01.pdf	3133956	-
FR-1936-05-02	https://www.govinfo.gov/content/pkg/FR-1936-05-02/pdf/FR-1936-05-02.pdf	1148855	-
FR-1936-05-05	https://www.govinfo.gov/content/pkg/FR-1936-05-05/pdf/FR-1936-05-05.pdf	3663421	-
FR-1936-05-06	https://www.govinfo.gov/content/pkg/FR-1936-05-06/pdf/FR-1936-05-06.pdf	2052979	-
FR-1936-05-07	https://www.govinfo.gov/content/pkg/FR-1936-05-07/pdf/FR-1936-05-07.pdf	794142	-
FR-1936-05-08	https://www.govinfo.gov/content/pkg/FR-1936-05-08/pdf/FR-1936-05-08.pdf	1137890	-
FR-1936-05-09	https://www.govinfo.gov/content/pkg/FR-1936-05-09/pdf/FR-1936-05-09.pdf	4827512	-
FR-1936-05-12	https://www.govinfo.gov/content/pkg/FR-1936-05-12/pdf/FR-1936-05-12.pdf	5152007	-
FR-1936-05-13	https://www.govinfo.gov/content/pkg/FR-1936-05-13/pdf/FR-1936-05-13.pdf	564701	-
FR-1936-05-14	https://www.govinfo.gov/content/pkg/FR-1936-05-14/pdf/FR-1936-05-14.pdf	1581891	-
FR-1936-05-15	https://www.govinfo.gov/content/pkg/FR-1936-05-15/pdf/FR-1936-05-15.pdf	686801	-
FR-1936-05-16	https://www.govinfo.gov/content/pkg/FR-1936-05-16/pdf/FR-1936-05-16.pdf	1778414	-
FR-1936-05-19	https://www.govinfo.gov/content/pkg/FR-1936-05-19/pdf/FR-1936-05-19.pdf	1387470	-
FR-1936-05-20	https://www.govinfo.gov/content/pkg/FR-1936-05-20/pdf/FR-1936-05-20.pdf	744198	-
FR-1936-05-21	https://www.govinfo.gov/content/pkg/FR-1936-05-21/pdf/FR-1936-05-21.pdf	1260879	-
FR-1936-05-22	https://www.govinfo.gov/content/pkg/FR-1936-05-22/pdf/FR-1936-05-22.pdf	1902188	-
FR-1936-05-23	https://www.govinfo.gov/content/pkg/FR-1936-05-23/pdf/FR-1936-05-23.pdf	2393608	-
FR-1936-05-26	https://www.govinfo.gov/content/pkg/FR-1936-05-26/pdf/FR-1936-05-26.pdf	3624366	-
FR-1936-05-27	https://www.govinfo.gov/content/pkg/FR-1936-05-27/pdf/FR-1936-05-27.pdf	1205871	-
FR-1936-05-28	https://www.govinfo.gov/content/pkg/FR-1936-05-28/pdf/FR-1936-05-28.pdf	5299352	-
FR-1936-05-29	https://www.govinfo.gov/content/pkg/FR-1936-05-29/pdf/FR-1936-05-29.pdf	5453658	-
FR-1936-05-30	https://www.govinfo.gov/content/pkg/FR-1936-05-30/pdf/FR-1936-05-30.pdf	694231	-
FR-1936-06-02	https://www.govinfo.gov/content/pkg/FR-1936-06-02/pdf/FR-1936-06-02.pdf	710278	-
FR-1936-06-03	https://www.govinfo.gov/content/pkg/FR-1936-06-03/pdf/FR-1936-06-03.pdf	2036003	-
FR-1936-06-04	https://www.govinfo.gov/content/pkg/FR-1936-06-04/pdf/FR-1936-06-04.pdf	738291	-
FR-1936-06-05	https://www.govinfo.gov/content/pkg/FR-1936-06-05/pdf/FR-1936-06-05.pdf	2187231	-
FR-1936-06-06	https://www.govinfo.gov/content/pkg/FR-1936-06-06/pdf/FR-1936-06-06.pdf	2812625	-
FR-1936-06-09	https://www.govinfo.gov/content/pkg/FR-1936-06-09/pdf/FR-1936-06-09.pdf	1476222	-
FR-1936-06-10	https://www.govinfo.gov/content/pkg/FR-1936-06-10/pdf/FR-1936-06-10.pdf	1165901	-
FR-1936-06-11	https://www.govinfo.gov/content/pkg/FR-1936-06-11/pdf/FR-1936-06-11.pdf	2889760	-
FR-1936-06-12	https://www.govinfo.gov/content/pkg/FR-1936-06-12/pdf/FR-1936-06-12.pdf	1246314	-
FR-1936-06-13	https://www.govinfo.gov/content/pkg/FR-1936-06-13/pdf/FR-1936-06-13.pdf	2361675	-
FR-1936-06-16	https://www.govinfo.gov/content/pkg/FR-1936-06-16/pdf/FR-1936-06-16.pdf	685192	-
FR-1936-06-17	https://www.govinfo.gov/content/pkg/FR-1936-06-17/pdf/FR-1936-06-17.pdf	1180358	-
FR-1936-06-18	https://www.govinfo.gov/content/pkg/FR-1936-06-18/pdf/FR-1936-06-18.pdf	842991	-
FR-1936-06-19	https://www.govinfo.gov/content/pkg/FR-1936-06-19/pdf/FR-1936-06-19.pdf	2185031	-
FR-1936-06-20	https://www.govinfo.gov/content/pkg/FR-1936-06-20/pdf/FR-1936-06-20.pdf	5290434	-
FR-1936-06-23	https://www.govinfo.gov/content/pkg/FR-1936-06-23/pdf/FR-1936-06-23.pdf	1354671	-
FR-1936-06-24	https://www.govinfo.gov/content/pkg/FR-1936-06-24/pdf/FR-1936-06-24.pdf	601086	-
FR-1936-06-25	https://www.govinfo.gov/content/pkg/FR-1936-06-25/pdf/FR-1936-06-25.pdf	3206021	-
FR-1936-06-26	https://www.govinfo.gov/content/pkg/FR-1936-06-26/pdf/FR-1936-06-26.pdf	634332	-
FR-1936-06-27	https://www.govinfo.gov/content/pkg/FR-1936-06-27/pdf/FR-1936-06-27.pdf	3072895	-
FR-1936-06-30	https://www.govinfo.gov/content/pkg/FR-1936-06-30/pdf/FR-1936-06-30.pdf	803328	-
FR-1936-07-01	https://www.govinfo.gov/content/pkg/FR-1936-07-01/pdf/FR-1936-07-01.pdf	1578012	-
FR-1936-07-02	https://www.govinfo.gov/content/pkg/FR-1936-07-02/pdf/FR-1936-07-02.pdf	4875898	-
FR-1936-07-03	https://www.govinfo.gov/content/pkg/FR-1936-07-03/pdf/FR-1936-07-03.pdf	1874653	-
FR-1936-07-04	https://www.govinfo.gov/content/pkg/FR-1936-07-04/pdf/FR-1936-07-04.pdf	1622085	-
FR-1936-07-07	https://www.govinfo.gov/content/pkg/FR-1936-07-07/pdf/FR-1936-07-07.pdf	1426944	-
FR-1936-07-08	https://www.govinfo.gov/content/pkg/FR-1936-07-08/pdf/FR-1936-07-08.pdf	2685340	-
FR-1936-07-09	https://www.govinfo.gov/content/pkg/FR-1936-07-09/pdf/FR-1936-07-09.pdf	1896025	-
FR-1936-07-10	https://www.govinfo.gov/content/pkg/FR-1936-07-10/pdf/FR-1936-07-10.pdf	1557074	-
FR-1936-07-11	https://www.govinfo.gov/content/pkg/FR-1936-07-11/pdf/FR-1936-07-11.pdf	2631906	-
FR-1936-07-14	https://www.govinfo.gov/content/pkg/FR-1936-07-14/pdf/FR-1936-07-14.pdf	3072814	-
FR-1936-07-15	https://www.govinfo.gov/content/pkg/FR-1936-07-15/pdf/FR-1936-07-15.pdf	3406975	-
FR-1936-07-16	https://www.govinfo.gov/content/pkg/FR-1936-07-16/pdf/FR-1936-07-16.pdf	1857190	-
FR-1936-07-17	https://www.govinfo.gov/content/pkg/FR-1936-07-17/pdf/FR-1936-07-17.pdf	3235217	-
FR-1936-07-18	https://www.govinfo.gov/content/pkg/FR-1936-07-18/pdf/FR-1936-07-18.pdf	1518331	-
FR-1936-07-21	https://www.govinfo.gov/content/pkg/FR-1936-07-21/pdf/FR-1936-07-21.pdf	2740444	-
FR-1936-07-22	https://www.govinfo.gov/content/pkg/FR-1936-07-22/pdf/FR-1936-07-22.pdf	1431668	-
FR-1936-07-23	https://www.govinfo.gov/content/pkg/FR-1936-07-23/pdf/FR-1936-07-23.pdf	1346837	-
FR-1936-07-24	https://www.govinfo.gov/content/pkg/FR-1936-07-24/pdf/FR-1936-07-24.pdf	1608107	-
FR-1936-07-25	https://www.govinfo.gov/content/pkg/FR-1936-07-25/pdf/FR-1936-07-25.pdf	1153921	-
FR-1936-07-28	https://www.govinfo.gov/content/pkg/FR-1936-07-28/pdf/FR-1936-07-28.pdf	1871770	-
FR-1936-07-29	https://www.govinfo.gov/content/pkg/FR-1936-07-29/pdf/FR-1936-07-29.pdf	1220414	-
FR-1936-07-30	https://www.govinfo.gov/content/pkg/FR-1936-07-30/pdf/FR-1936-07-30.pdf	3075117	-
FR-1936-07-31	https://www.govinfo.gov/content/pkg/FR-1936-07-31/pdf/FR-1936-07-31.pdf	838942	-
FR-1936-08-01	https://www.govinfo.gov/content/pkg/FR-1936-08-01/pdf/FR-1936-08-01.pdf	3094070	-
FR-1936-08-04	https://www.govinfo.gov/content/pkg/FR-1936-08-04/pdf/FR-1936-08-04.pdf	2794124	-
FR-1936-08-05	https://www.govinfo.gov/content/pkg/FR-1936-08-05/pdf/FR-1936-08-05.pdf	6210932	-
FR-1936-08-06	https://www.govinfo.gov/content/pkg/FR-1936-08-06/pdf/FR-1936-08-06.pdf	6784578	-
FR-1936-08-07	https://www.govinfo.gov/content/pkg/FR-1936-08-07/pdf/FR-1936-08-07.pdf	4483507	-
FR-1936-08-08	https://www.govinfo.gov/content/pkg/FR-1936-08-08/pdf/FR-1936-08-08.pdf	4334646	-
FR-1936-08-11	https://www.govinfo.gov/content/pkg/FR-1936-08-11/pdf/FR-1936-08-11.pdf	2787599	-
FR-1936-08-12	https://www.govinfo.gov/content/pkg/FR-1936-08-12/pdf/FR-1936-08-12.pdf	677799	-
FR-1936-08-13	https://www.govinfo.gov/content/pkg/FR-1936-08-13/pdf/FR-1936-08-13.pdf	2434186	-
FR-1936-08-14	https://www.govinfo.gov/content/pkg/FR-1936-08-14/pdf/FR-1936-08-14.pdf	1357369	-
FR-1936-08-15	https://www.govinfo.gov/content/pkg/FR-1936-08-15/pdf/FR-1936-08-15.pdf	7953633	-
FR-1936-08-18	https://www.govinfo.gov/content/pkg/FR-1936-08-18/pdf/FR-1936-08-18.pdf	3854767	-
FR-1936-08-19	https://www.govinfo.gov/content/pkg/FR-1936-08-19/pdf/FR-1936-08-19.pdf	5085827	-
FR-1936-08-20	https://www.govinfo.gov/content/pkg/FR-1936-08-20/pdf/FR-1936-08-20.pdf	1568635	-
FR-1936-08-21	https://www.govinfo.gov/content/pkg/FR-1936-08-21/pdf/FR-1936-08-21.pdf	4710628	-
FR-1936-08-22	https://www.govinfo.gov/content/pkg/FR-1936-08-22/pdf/FR-1936-08-22.pdf	6611973	-
FR-1936-08-25	https://www.govinfo.gov/content/pkg/FR-1936-08-25/pdf/FR-1936-08-25.pdf	2264155	-
FR-1936-08-26	https://www.govinfo.gov/content/pkg/FR-1936-08-26/pdf/FR-1936-08-26.pdf	1391653	-
FR-1936-08-27	https://www.govinfo.gov/content/pkg/FR-1936-08-27/pdf/FR-1936-08-27.pdf	3767419	-
FR-1936-08-28	https://www.govinfo.gov/content/pkg/FR-1936-08-28/pdf/FR-1936-08-28.pdf	2412035	-
FR-1936-08-29	https://www.govinfo.gov/content/pkg/FR-1936-08-29/pdf/FR-1936-08-29.pdf	1323925	-
FR-1936-09-01	https://www.govinfo.gov/content/pkg/FR-1936-09-01/pdf/FR-1936-09-01.pdf	4136112	-
FR-1936-09-02	https://www.govinfo.gov/content/pkg/FR-1936-09-02/pdf/FR-1936-09-02.pdf	2769350	-
FR-1936-09-03	https://www.govinfo.gov/content/pkg/FR-1936-09-03/pdf/FR-1936-09-03.pdf	3505064	-
FR-1936-09-04	https://www.govinfo.gov/content/pkg/FR-1936-09-04/pdf/FR-1936-09-04.pdf	1476571	-
FR-1936-09-05	https://www.govinfo.gov/content/pkg/FR-1936-09-05/pdf/FR-1936-09-05.pdf	1342145	-
FR-1936-09-09	https://www.govinfo.gov/content/pkg/FR-1936-09-09/pdf/FR-1936-09-09.pdf	2770664	-
FR-1936-09-10	https://www.govinfo.gov/content/pkg/FR-1936-09-10/pdf/FR-1936-09-10.pdf	1616157	-
FR-1936-09-11	https://www.govinfo.gov/content/pkg/FR-1936-09-11/pdf/FR-1936-09-11.pdf	1437705	-
FR-1936-09-12	https://www.govinfo.gov/content/pkg/FR-1936-09-12/pdf/FR-1936-09-12.pdf	2110581	-
FR-1936-09-15	https://www.govinfo.gov/content/pkg/FR-1936-09-15/pdf/FR-1936-09-15.pdf	2196215	-
FR-1936-09-16	https://www.govinfo.gov/content/pkg/FR-1936-09-16/pdf/FR-1936-09-16.pdf	2268105	-
FR-1936-09-17	https://www.govinfo.gov/content/pkg/FR-1936-09-17/pdf/FR-1936-09-17.pdf	1489025	-
FR-1936-09-18	https://www.govinfo.gov/content/pkg/FR-1936-09-18/pdf/FR-1936-09-18.pdf	5400786	-
FR-1936-09-19	https://www.govinfo.gov/content/pkg/FR-1936-09-19/pdf/FR-1936-09-19.pdf	2075424	-
FR-1936-09-22	https://www.govinfo.gov/content/pkg/FR-1936-09-22/pdf/FR-1936-09-22.pdf	5182011	-
FR-1936-09-23	https://www.govinfo.gov/content/pkg/FR-1936-09-23/pdf/FR-1936-09-23.pdf	1239267	-
FR-1936-09-24	https://www.govinfo.gov/content/pkg/FR-1936-09-24/pdf/FR-1936-09-24.pdf	2779580	-
FR-1936-09-25	https://www.govinfo.gov/content/pkg/FR-1936-09-25/pdf/FR-1936-09-25.pdf	3380463	-
FR-1936-09-26	https://www.govinfo.gov/content/pkg/FR-1936-09-26/pdf/FR-1936-09-26.pdf	2140564	-
FR-1936-09-29	https://www.govinfo.gov/content/pkg/FR-1936-09-29/pdf/FR-1936-09-29.pdf	2914828	-
FR-1936-09-30	https://www.govinfo.gov/content/pkg/FR-1936-09-30/pdf/FR-1936-09-30.pdf	2290546	-
FR-1936-10-01	https://www.govinfo.gov/content/pkg/FR-1936-10-01/pdf/FR-1936-10-01.pdf	1125610	-
FR-1936-10-02	https://www.govinfo.gov/content/pkg/FR-1936-10-02/pdf/FR-1936-10-02.pdf	1836184	-
FR-1936-10-03	https://www.govinfo.gov/content/pkg/FR-1936-10-03/pdf/FR-1936-10-03.pdf	1916066	-
FR-1936-10-06	https://www.govinfo.gov/content/pkg/FR-1936-10-06/pdf/FR-1936-10-06.pdf	2561074	-
FR-1936-10-07	https://www.govinfo.gov/content/pkg/FR-1936-10-07/pdf/FR-1936-10-07.pdf	1431433	-
FR-1936-10-08	https://www.govinfo.gov/content/pkg/FR-1936-10-08/pdf/FR-1936-10-08.pdf	2655258	-
FR-1936-10-09	https://www.govinfo.gov/content/pkg/FR-1936-10-09/pdf/FR-1936-10-09.pdf	2105469	-
FR-1936-10-10	https://www.govinfo.gov/content/pkg/FR-1936-10-10/pdf/FR-1936-10-10.pdf	1243981	-
FR-1936-10-13	https://www.govinfo.gov/content/pkg/FR-1936-10-13/pdf/FR-1936-10-13.pdf	1858920	-
FR-1936-10-14	https://www.govinfo.gov/content/pkg/FR-1936-10-14/pdf/FR-1936-10-14.pdf	803126	-
FR-1936-10-15	https://www.govinfo.gov/content/pkg/FR-1936-10-15/pdf/FR-1936-10-15.pdf	3854285	-
FR-1936-10-16	https://www.govinfo.gov/content/pkg/FR-1936-10-16/pdf/FR-1936-10-16.pdf	3093548	-
FR-1936-10-17	https://www.govinfo.gov/content/pkg/FR-1936-10-17/pdf/FR-1936-10-17.pdf	1878774	-
FR-1936-10-20	https://www.govinfo.gov/content/pkg/FR-1936-10-20/pdf/FR-1936-10-20.pdf	3737873	-
FR-1936-10-21	https://www.govinfo.gov/content/pkg/FR-1936-10-21/pdf/FR-1936-10-21.pdf	1129163	-
FR-1936-10-22	https://www.govinfo.gov/content/pkg/FR-1936-10-22/pdf/FR-1936-10-22.pdf	800689	-
FR-1936-10-23	https://www.govinfo.gov/content/pkg/FR-1936-10-23/pdf/FR-1936-10-23.pdf	1405196	-
FR-1936-10-24	https://www.govinfo.gov/content/pkg/FR-1936-10-24/pdf/FR-1936-10-24.pdf	1476729	-
FR-1936-10-27	https://www.govinfo.gov/content/pkg/FR-1936-10-27/pdf/FR-1936-10-27.pdf	3032338	-
FR-1936-10-28	https://www.govinfo.gov/content/pkg/FR-1936-10-28/pdf/FR-1936-10-28.pdf	2932315	-
FR-1936-10-29	https://www.govinfo.gov/content/pkg/FR-1936-10-29/pdf/FR-1936-10-29.pdf	1317063	-
FR-1936-10-30	https://www.govinfo.gov/content/pkg/FR-1936-10-30/pdf/FR-1936-10-30.pdf	741243	-
FR-1936-10-31	https://www.govinfo.gov/content/pkg/FR-1936-10-31/pdf/FR-1936-10-31.pdf	1192420	-
FR-1936-11-03	https://www.govinfo.gov/content/pkg/FR-1936-11-03/pdf/FR-1936-11-03.pdf	1897402	-
FR-1936-11-04	https://www.govinfo.gov/content/pkg/FR-1936-11-04/pdf/FR-1936-11-04.pdf	1831484	-
FR-1936-11-05	https://www.govinfo.gov/content/pkg/FR-1936-11-05/pdf/FR-1936-11-05.pdf	2607561	-
FR-1936-11-06	https://www.govinfo.gov/content/pkg/FR-1936-11-06/pdf/FR-1936-11-06.pdf	2081998	-
FR-1936-11-07	https://www.govinfo.gov/content/pkg/FR-1936-11-07/pdf/FR-1936-11-07.pdf	3337363	-
FR-1936-11-10	https://www.govinfo.gov/content/pkg/FR-1936-11-10/pdf/FR-1936-11-10.pdf	1519558	-
FR-1936-11-11	https://www.govinfo.gov/content/pkg/FR-1936-11-11/pdf/FR-1936-11-11.pdf	5077852	-
FR-1936-11-12	https://www.govinfo.gov/content/pkg/FR-1936-11-12/pdf/FR-1936-11-12.pdf	1454075	-
FR-1936-11-13	https://www.govinfo.gov/content/pkg/FR-1936-11-13/pdf/FR-1936-11-13.pdf	1949029	-
FR-1936-11-14	https://www.govinfo.gov/content/pkg/FR-1936-11-14/pdf/FR-1936-11-14.pdf	13503440	-
FR-1936-11-17	https://www.govinfo.gov/content/pkg/FR-1936-11-17/pdf/FR-1936-11-17.pdf	17340186	-
FR-1936-11-18	https://www.govinfo.gov/content/pkg/FR-1936-11-18/pdf/FR-1936-11-18.pdf	6857504	-
FR-1936-11-19	https://www.govinfo.gov/content/pkg/FR-1936-11-19/pdf/FR-1936-11-19.pdf	3650949	-
FR-1936-11-20	https://www.govinfo.gov/content/pkg/FR-1936-11-20/pdf/FR-1936-11-20.pdf	3554583	-
FR-1936-11-21	https://www.govinfo.gov/content/pkg/FR-1936-11-21/pdf/FR-1936-11-21.pdf	2205112	-
FR-1936-11-24	https://www.govinfo.gov/content/pkg/FR-1936-11-24/pdf/FR-1936-11-24.pdf	2200140	-
FR-1936-11-25	https://www.govinfo.gov/content/pkg/FR-1936-11-25/pdf/FR-1936-11-25.pdf	1943377	-
FR-1936-11-26	https://www.govinfo.gov/content/pkg/FR-1936-11-26/pdf/FR-1936-11-26.pdf	2079407	-
FR-1936-11-28	https://www.govinfo.gov/content/pkg/FR-1936-11-28/pdf/FR-1936-11-28.pdf	1138582	-
FR-1936-12-01	https://www.govinfo.gov/content/pkg/FR-1936-12-01/pdf/FR-1936-12-01.pdf	3547070	-
FR-1936-12-02	https://www.govinfo.gov/content/pkg/FR-1936-12-02/pdf/FR-1936-12-02.pdf	1137386	-
FR-1936-12-03	https://www.govinfo.gov/content/pkg/FR-1936-12-03/pdf/FR-1936-12-03.pdf	2783726	-
FR-1936-12-04	https://www.govinfo.gov/content/pkg/FR-1936-12-04/pdf/FR-1936-12-04.pdf	1164752	-
FR-1936-12-05	https://www.govinfo.gov/content/pkg/FR-1936-12-05/pdf/FR-1936-12-05.pdf	1883675	-
FR-1936-12-08	https://www.govinfo.gov/content/pkg/FR-1936-12-08/pdf/FR-1936-12-08.pdf	3091780	-
FR-1936-12-09	https://www.govinfo.gov/content/pkg/FR-1936-12-09/pdf/FR-1936-12-09.pdf	2241630	-
FR-1936-12-10	https://www.govinfo.gov/content/pkg/FR-1936-12-10/pdf/FR-1936-12-10.pdf	1968758	-
FR-1936-12-11	https://www.govinfo.gov/content/pkg/FR-1936-12-11/pdf/FR-1936-12-11.pdf	1262900	-
FR-1936-12-12	https://www.govinfo.gov/content/pkg/FR-1936-12-12/pdf/FR-1936-12-12.pdf	1158209	-
FR-1936-12-15	https://www.govinfo.gov/content/pkg/FR-1936-12-15/pdf/FR-1936-12-15.pdf	1811629	-
FR-1936-12-16	https://www.govinfo.gov/content/pkg/FR-1936-12-16/pdf/FR-1936-12-16.pdf	1411349	-
FR-1936-12-17	https://www.govinfo.gov/content/pkg/FR-1936-12-17/pdf/FR-1936-12-17.pdf	1126324	-
FR-1936-12-18	https://www.govinfo.gov/content/pkg/FR-1936-12-18/pdf/FR-1936-12-18.pdf	1101133	-
FR-1936-12-19	https://www.govinfo.gov/content/pkg/FR-1936-12-19/pdf/FR-1936-12-19.pdf	1972221	-
FR-1936-12-22	https://www.govinfo.gov/content/pkg/FR-1936-12-22/pdf/FR-1936-12-22.pdf	1347093	-
FR-1936-12-23	https://www.govinfo.gov/content/pkg/FR-1936-12-23/pdf/FR-1936-12-23.pdf	1403837	-
FR-1936-12-24	https://www.govinfo.gov/content/pkg/FR-1936-12-24/pdf/FR-1936-12-24.pdf	6090037	-
FR-1936-12-25	https://www.govinfo.gov/content/pkg/FR-1936-12-25/pdf/FR-1936-12-25.pdf	1501414	-
FR-1936-12-29	https://www.govinfo.gov/content/pkg/FR-1936-12-29/pdf/FR-1936-12-29.pdf	2255097	-
FR-1936-12-30	https://www.govinfo.gov/content/pkg/FR-1936-12-30/pdf/FR-1936-12-30.pdf	4237975	-
FR-1936-12-31	https://www.govinfo.gov/content/pkg/FR-1936-12-31/pdf/FR-1936-12-31.pdf	3428151	-
FR-1937-01-01	https://www.govinfo.gov/content/pkg/FR-1937-01-01/pdf/FR-1937-01-01.pdf	2298227	-
FR-1937-01-05	https://www.govinfo.gov/content/pkg/FR-1937-01-05/pdf/FR-1937-01-05.pdf	4850928	-
FR-1937-01-06	https://www.govinfo.gov/content/pkg/FR-1937-01-06/pdf/FR-1937-01-06.pdf	1113270	-
FR-1937-01-07	https://www.govinfo.gov/content/pkg/FR-1937-01-07/pdf/FR-1937-01-07.pdf	4909070	-
FR-1937-01-08	https://www.govinfo.gov/content/pkg/FR-1937-01-08/pdf/FR-1937-01-08.pdf	2729249	-
FR-1937-01-09	https://www.govinfo.gov/content/pkg/FR-1937-01-09/pdf/FR-1937-01-09.pdf	3926481	-
FR-1937-01-12	https://www.govinfo.gov/content/pkg/FR-1937-01-12/pdf/FR-1937-01-12.pdf	4803527	-
FR-1937-01-13	https://www.govinfo.gov/content/pkg/FR-1937-01-13/pdf/FR-1937-01-13.pdf	2716840	-
FR-1937-01-14	https://www.govinfo.gov/content/pkg/FR-1937-01-14/pdf/FR-1937-01-14.pdf	2995789	-
FR-1937-01-15	https://www.govinfo.gov/content/pkg/FR-1937-01-15/pdf/FR-1937-01-15.pdf	2089124	-
FR-1937-01-16	https://www.govinfo.gov/content/pkg/FR-1937-01-16/pdf/FR-1937-01-16.pdf	1033322	-
FR-1937-01-19	https://www.govinfo.gov/content/pkg/FR-1937-01-19/pdf/FR-1937-01-19.pdf	9582594	-
FR-1937-01-20	https://www.govinfo.gov/content/pkg/FR-1937-01-20/pdf/FR-1937-01-20.pdf	1951332	-
FR-1937-01-22	https://www.govinfo.gov/content/pkg/FR-1937-01-22/pdf/FR-1937-01-22.pdf	4867317	-
FR-1937-01-23	https://www.govinfo.gov/content/pkg/FR-1937-01-23/pdf/FR-1937-01-23.pdf	3183649	-
FR-1937-01-26	https://www.govinfo.gov/content/pkg/FR-1937-01-26/pdf/FR-1937-01-26.pdf	4096573	-
FR-1937-01-27	https://www.govinfo.gov/content/pkg/FR-1937-01-27/pdf/FR-1937-01-27.pdf	8005114	-
FR-1937-01-28	https://www.govinfo.gov/content/pkg/FR-1937-01-28/pdf/FR-1937-01-28.pdf	8828201	-
FR-1937-01-29	https://www.govinfo.gov/content/pkg/FR-1937-01-29/pdf/FR-1937-01-29.pdf	8857634	-
FR-1937-01-30	https://www.govinfo.gov/content/pkg/FR-1937-01-30/pdf/FR-1937-01-30.pdf	1815090	-
FR-1937-02-02	https://www.govinfo.gov/content/pkg/FR-1937-02-02/pdf/FR-1937-02-02.pdf	3191389	-
FR-1937-02-03	https://www.govinfo.gov/content/pkg/FR-1937-02-03/pdf/FR-1937-02-03.pdf	1157274	-
FR-1937-02-04	https://www.govinfo.gov/content/pkg/FR-1937-02-04/pdf/FR-1937-02-04.pdf	2613475	-
FR-1937-02-05	https://www.govinfo.gov/content/pkg/FR-1937-02-05/pdf/FR-1937-02-05.pdf	1214533	-
FR-1937-02-06	https://www.govinfo.gov/content/pkg/FR-1937-02-06/pdf/FR-1937-02-06.pdf	6044506	-
FR-1937-02-09	https://www.govinfo.gov/content/pkg/FR-1937-02-09/pdf/FR-1937-02-09.pdf	4753426	-
FR-1937-02-10	https://www.govinfo.gov/content/pkg/FR-1937-02-10/pdf/FR-1937-02-10.pdf	5004215	-
FR-1937-02-11	https://www.govinfo.gov/content/pkg/FR-1937-02-11/pdf/FR-1937-02-11.pdf	2655735	-
FR-1937-02-12	https://www.govinfo.gov/content/pkg/FR-1937-02-12/pdf/FR-1937-02-12.pdf	11277033	-
FR-1937-02-13	https://www.govinfo.gov/content/pkg/FR-1937-02-13/pdf/FR-1937-02-13.pdf	1044655	-
FR-1937-02-16	https://www.govinfo.gov/content/pkg/FR-1937-02-16/pdf/FR-1937-02-16.pdf	1767021	-
FR-1937-02-17	https://www.govinfo.gov/content/pkg/FR-1937-02-17/pdf/FR-1937-02-17.pdf	1949138	-
FR-1937-02-18	https://www.govinfo.gov/content/pkg/FR-1937-02-18/pdf/FR-1937-02-18.pdf	1859437	-
FR-1937-02-19	https://www.govinfo.gov/content/pkg/FR-1937-02-19/pdf/FR-1937-02-19.pdf	1231841	-
FR-1937-02-20	https://www.govinfo.gov/content/pkg/FR-1937-02-20/pdf/FR-1937-02-20.pdf	2061340	-
FR-1937-02-24	https://www.govinfo.gov/content/pkg/FR-1937-02-24/pdf/FR-1937-02-24.pdf	3593066	-
FR-1937-02-25	https://www.govinfo.gov/content/pkg/FR-1937-02-25/pdf/FR-1937-02-25.pdf	2594166	-
FR-1937-02-26	https://www.govinfo.gov/content/pkg/FR-1937-02-26/pdf/FR-1937-02-26.pdf	14429932	-
FR-1937-02-27	https://www.govinfo.gov/content/pkg/FR-1937-02-27/pdf/FR-1937-02-27.pdf	11071646	-
FR-1937-03-02	https://www.govinfo.gov/content/pkg/FR-1937-03-02/pdf/FR-1937-03-02.pdf	10394569	-
FR-1937-03-03	https://www.govinfo.gov/content/pkg/FR-1937-03-03/pdf/FR-1937-03-03.pdf	8146498	-
FR-1937-03-04	https://www.govinfo.gov/content/pkg/FR-1937-03-04/pdf/FR-1937-03-04.pdf	5423195	-
FR-1937-03-05	https://www.govinfo.gov/content/pkg/FR-1937-03-05/pdf/FR-1937-03-05.pdf	1024670	-
FR-1937-03-06	https://www.govinfo.gov/content/pkg/FR-1937-03-06/pdf/FR-1937-03-06.pdf	2206694	-
FR-1937-03-09	https://www.govinfo.gov/content/pkg/FR-1937-03-09/pdf/FR-1937-03-09.pdf	3188529	-
FR-1937-03-10	https://www.govinfo.gov/content/pkg/FR-1937-03-10/pdf/FR-1937-03-10.pdf	1126973	-
FR-1937-03-11	https://www.govinfo.gov/content/pkg/FR-1937-03-11/pdf/FR-1937-03-11.pdf	1013567	-
FR-1937-03-12	https://www.govinfo.gov/content/pkg/FR-1937-03-12/pdf/FR-1937-03-12.pdf	2793286	-
FR-1937-03-13	https://www.govinfo.gov/content/pkg/FR-1937-03-13/pdf/FR-1937-03-13.pdf	1367300	-
FR-1937-03-16	https://www.govinfo.gov/content/pkg/FR-1937-03-16/pdf/FR-1937-03-16.pdf	2908877	-
FR-1937-03-17	https://www.govinfo.gov/content/pkg/FR-1937-03-17/pdf/FR-1937-03-17.pdf	956173	-
FR-1937-03-18	https://www.govinfo.gov/content/pkg/FR-1937-03-18/pdf/FR-1937-03-18.pdf	1191728	-
FR-1937-03-19	https://www.govinfo.gov/content/pkg/FR-1937-03-19/pdf/FR-1937-03-19.pdf	3286390	-
FR-1937-03-20	https://www.govinfo.gov/content/pkg/FR-1937-03-20/pdf/FR-1937-03-20.pdf	3912946	-
FR-1937-03-23	https://www.govinfo.gov/content/pkg/FR-1937-03-23/pdf/FR-1937-03-23.pdf	3608829	-
FR-1937-03-24	https://www.govinfo.gov/content/pkg/FR-1937-03-24/pdf/FR-1937-03-24.pdf	2724845	-
FR-1937-03-25	https://www.govinfo.gov/content/pkg/FR-1937-03-25/pdf/FR-1937-03-25.pdf	1863988	-
FR-1937-03-26	https://www.govinfo.gov/content/pkg/FR-1937-03-26/pdf/FR-1937-03-26.pdf	4366608	-
FR-1937-03-27	https://www.govinfo.gov/content/pkg/FR-1937-03-27/pdf/FR-1937-03-27.pdf	4404371	-
FR-1937-03-30	https://www.govinfo.gov/content/pkg/FR-1937-03-30/pdf/FR-1937-03-30.pdf	1988364	-
FR-1937-03-31	https://www.govinfo.gov/content/pkg/FR-1937-03-31/pdf/FR-1937-03-31.pdf	3592536	-
FR-1937-04-01	https://www.govinfo.gov/content/pkg/FR-1937-04-01/pdf/FR-1937-04-01.pdf	1980641	-
FR-1937-04-02	https://www.govinfo.gov/content/pkg/FR-1937-04-02/pdf/FR-1937-04-02.pdf	2197947	-
FR-1937-04-03	https://www.govinfo.gov/content/pkg/FR-1937-04-03/pdf/FR-1937-04-03.pdf	3821263	-
FR-1937-04-06	https://www.govinfo.gov/content/pkg/FR-1937-04-06/pdf/FR-1937-04-06.pdf	4005481	-
FR-1937-04-07	https://www.govinfo.gov/content/pkg/FR-1937-04-07/pdf/FR-1937-04-07.pdf	1772437	-
FR-1937-04-08	https://www.govinfo.gov/content/pkg/FR-1937-04-08/pdf/FR-1937-04-08.pdf	1246545	-
FR-1937-04-09	https://www.govinfo.gov/content/pkg/FR-1937-04-09/pdf/FR-1937-04-09.pdf	3096550	-
FR-1937-04-10	https://www.govinfo.gov/content/pkg/FR-1937-04-10/pdf/FR-1937-04-10.pdf	2482292	-
FR-1937-04-13	https://www.govinfo.gov/content/pkg/FR-1937-04-13/pdf/FR-1937-04-13.pdf	3891930	-
FR-1937-04-14	https://www.govinfo.gov/content/pkg/FR-1937-04-14/pdf/FR-1937-04-14.pdf	1688250	-
FR-1937-04-15	https://www.govinfo.gov/content/pkg/FR-1937-04-15/pdf/FR-1937-04-15.pdf	1805427	-
FR-1937-04-16	https://www.govinfo.gov/content/pkg/FR-1937-04-16/pdf/FR-1937-04-16.pdf	2139416	-
FR-1937-04-17	https://www.govinfo.gov/content/pkg/FR-1937-04-17/pdf/FR-1937-04-17.pdf	1113803	-
FR-1937-04-20	https://www.govinfo.gov/content/pkg/FR-1937-04-20/pdf/FR-1937-04-20.pdf	3448218	-
FR-1937-04-21	https://www.govinfo.gov/content/pkg/FR-1937-04-21/pdf/FR-1937-04-21.pdf	5723424	-
FR-1937-04-22	https://www.govinfo.gov/content/pkg/FR-1937-04-22/pdf/FR-1937-04-22.pdf	1088844	-
FR-1937-04-23	https://www.govinfo.gov/content/pkg/FR-1937-04-23/pdf/FR-1937-04-23.pdf	2277431	-
FR-1937-04-24	https://www.govinfo.gov/content/pkg/FR-1937-04-24/pdf/FR-1937-04-24.pdf	1139294	-
FR-1937-04-27	https://www.govinfo.gov/content/pkg/FR-1937-04-27/pdf/FR-1937-04-27.pdf	1171555	-
FR-1937-04-28	https://www.govinfo.gov/content/pkg/FR-1937-04-28/pdf/FR-1937-04-28.pdf	932886	-
FR-1937-04-29	https://www.govinfo.gov/content/pkg/FR-1937-04-29/pdf/FR-1937-04-29.pdf	4120647	-
FR-1937-04-30	https://www.govinfo.gov/content/pkg/FR-1937-04-30/pdf/FR-1937-04-30.pdf	1945982	-
FR-1937-05-01	https://www.govinfo.gov/content/pkg/FR-1937-05-01/pdf/FR-1937-05-01.pdf	937090	-
FR-1937-05-04	https://www.govinfo.gov/content/pkg/FR-1937-05-04/pdf/FR-1937-05-04.pdf	1896159	-
FR-1937-05-05	https://www.govinfo.gov/content/pkg/FR-1937-05-05/pdf/FR-1937-05-05.pdf	1757758	-
FR-1937-05-06	https://www.govinfo.gov/content/pkg/FR-1937-05-06/pdf/FR-1937-05-06.pdf	3635526	-
FR-1937-05-07	https://www.govinfo.gov/content/pkg/FR-1937-05-07/pdf/FR-1937-05-07.pdf	1061952	-
FR-1937-05-08	https://www.govinfo.gov/content/pkg/FR-1937-05-08/pdf/FR-1937-05-08.pdf	3057386	-
FR-1937-05-11	https://www.govinfo.gov/content/pkg/FR-1937-05-11/pdf/FR-1937-05-11.pdf	2887649	-
FR-1937-05-12	https://www.govinfo.gov/content/pkg/FR-1937-05-12/pdf/FR-1937-05-12.pdf	2240722	-
FR-1937-05-13	https://www.govinfo.gov/content/pkg/FR-1937-05-13/pdf/FR-1937-05-13.pdf	2630347	-
FR-1937-05-14	https://www.govinfo.gov/content/pkg/FR-1937-05-14/pdf/FR-1937-05-14.pdf	1839746	-
FR-1937-05-15	https://www.govinfo.gov/content/pkg/FR-1937-05-15/pdf/FR-1937-05-15.pdf	2101856	-
FR-1937-05-18	https://www.govinfo.gov/content/pkg/FR-1937-05-18/pdf/FR-1937-05-18.pdf	4607990	-
FR-1937-05-19	https://www.govinfo.gov/content/pkg/FR-1937-05-19/pdf/FR-1937-05-19.pdf	2590228	-
FR-1937-05-20	https://www.govinfo.gov/content/pkg/FR-1937-05-20/pdf/FR-1937-05-20.pdf	3472560	-
FR-1937-05-21	https://www.govinfo.gov/content/pkg/FR-1937-05-21/pdf/FR-1937-05-21.pdf	2412022	-
FR-1937-05-22	https://www.govinfo.gov/content/pkg/FR-1937-05-22/pdf/FR-1937-05-22.pdf	1105623	-
FR-1937-05-25	https://www.govinfo.gov/content/pkg/FR-1937-05-25/pdf/FR-1937-05-25.pdf	7423355	-
FR-1937-05-26	https://www.govinfo.gov/content/pkg/FR-1937-05-26/pdf/FR-1937-05-26.pdf	4850240	-
FR-1937-05-27	https://www.govinfo.gov/content/pkg/FR-1937-05-27/pdf/FR-1937-05-27.pdf	2146975	-
FR-1937-05-28	https://www.govinfo.gov/content/pkg/FR-1937-05-28/pdf/FR-1937-05-28.pdf	2119617	-
FR-1937-05-29	https://www.govinfo.gov/content/pkg/FR-1937-05-29/pdf/FR-1937-05-29.pdf	1142732	-
FR-1937-06-02	https://www.govinfo.gov/content/pkg/FR-1937-06-02/pdf/FR-1937-06-02.pdf	4102361	-
FR-1937-06-03	https://www.govinfo.gov/content/pkg/FR-1937-06-03/pdf/FR-1937-06-03.pdf	4859126	-
FR-1937-06-04	https://www.govinfo.gov/content/pkg/FR-1937-06-04/pdf/FR-1937-06-04.pdf	1949630	-
FR-1937-06-05	https://www.govinfo.gov/content/pkg/FR-1937-06-05/pdf/FR-1937-06-05.pdf	6749303	-
FR-1937-06-08	https://www.govinfo.gov/content/pkg/FR-1937-06-08/pdf/FR-1937-06-08.pdf	3278321	-
FR-1937-06-09	https://www.govinfo.gov/content/pkg/FR-1937-06-09/pdf/FR-1937-06-09.pdf	3194826	-
FR-1937-06-10	https://www.govinfo.gov/content/pkg/FR-1937-06-10/pdf/FR-1937-06-10.pdf	1917739	-
FR-1937-06-11	https://www.govinfo.gov/content/pkg/FR-1937-06-11/pdf/FR-1937-06-11.pdf	1625142	-
FR-1937-06-12	https://www.govinfo.gov/content/pkg/FR-1937-06-12/pdf/FR-1937-06-12.pdf	3931214	-
FR-1937-06-15	https://www.govinfo.gov/content/pkg/FR-1937-06-15/pdf/FR-1937-06-15.pdf	6090330	-
FR-1937-06-16	https://www.govinfo.gov/content/pkg/FR-1937-06-16/pdf/FR-1937-06-16.pdf	2685090	-
FR-1937-06-17	https://www.govinfo.gov/content/pkg/FR-1937-06-17/pdf/FR-1937-06-17.pdf	927444	-
FR-1937-06-18	https://www.govinfo.gov/content/pkg/FR-1937-06-18/pdf/FR-1937-06-18.pdf	3863849	-
FR-1937-06-19	https://www.govinfo.gov/content/pkg/FR-1937-06-19/pdf/FR-1937-06-19.pdf	1771368	-
FR-1937-06-22	https://www.govinfo.gov/content/pkg/FR-1937-06-22/pdf/FR-1937-06-22.pdf	4985786	-
FR-1937-06-23	https://www.govinfo.gov/content/pkg/FR-1937-06-23/pdf/FR-1937-06-23.pdf	3916920	-
FR-1937-06-24	https://www.govinfo.gov/content/pkg/FR-1937-06-24/pdf/FR-1937-06-24.pdf	3202229	-
FR-1937-06-25	https://www.govinfo.gov/content/pkg/FR-1937-06-25/pdf/FR-1937-06-25.pdf	1746708	-
FR-1937-06-26	https://www.govinfo.gov/content/pkg/FR-1937-06-26/pdf/FR-1937-06-26.pdf	2974013	-
FR-1937-06-29	https://www.govinfo.gov/content/pkg/FR-1937-06-29/pdf/FR-1937-06-29.pdf	4501201	-
FR-1937-06-30	https://www.govinfo.gov/content/pkg/FR-1937-06-30/pdf/FR-1937-06-30.pdf	4105066	-
FR-1937-07-01	https://www.govinfo.gov/content/pkg/FR-1937-07-01/pdf/FR-1937-07-01.pdf	2178814	-
FR-1937-07-02	https://www.govinfo.gov/content/pkg/FR-1937-07-02/pdf/FR-1937-07-02.pdf	2136738	-
FR-1937-07-03	https://www.govinfo.gov/content/pkg/FR-1937-07-03/pdf/FR-1937-07-03.pdf	2839290	-
FR-1937-07-07	https://www.govinfo.gov/content/pkg/FR-1937-07-07/pdf/FR-1937-07-07.pdf	3849027	-
FR-1937-07-08	https://www.govinfo.gov/content/pkg/FR-1937-07-08/pdf/FR-1937-07-08.pdf	2908658	-
FR-1937-07-09	https://www.govinfo.gov/content/pkg/FR-1937-07-09/pdf/FR-1937-07-09.pdf	2018320	-
FR-1937-07-10	https://www.govinfo.gov/content/pkg/FR-1937-07-10/pdf/FR-1937-07-10.pdf	3119042	-
FR-1937-07-13	https://www.govinfo.gov/content/pkg/FR-1937-07-13/pdf/FR-1937-07-13.pdf	8371675	-
FR-1937-07-14	https://www.govinfo.gov/content/pkg/FR-1937-07-14/pdf/FR-1937-07-14.pdf	1857974	-
FR-1937-07-15	https://www.govinfo.gov/content/pkg/FR-1937-07-15/pdf/FR-1937-07-15.pdf	2104993	-
FR-1937-07-16	https://www.govinfo.gov/content/pkg/FR-1937-07-16/pdf/FR-1937-07-16.pdf	4253607	-
FR-1937-07-17	https://www.govinfo.gov/content/pkg/FR-1937-07-17/pdf/FR-1937-07-17.pdf	3233405	-
FR-1937-07-20	https://www.govinfo.gov/content/pkg/FR-1937-07-20/pdf/FR-1937-07-20.pdf	2849363	-
FR-1937-07-21	https://www.govinfo.gov/content/pkg/FR-1937-07-21/pdf/FR-1937-07-21.pdf	3548732	-
FR-1937-07-22	https://www.govinfo.gov/content/pkg/FR-1937-07-22/pdf/FR-1937-07-22.pdf	3065897	-
FR-1937-07-23	https://www.govinfo.gov/content/pkg/FR-1937-07-23/pdf/FR-1937-07-23.pdf	4336975	-
FR-1937-07-24	https://www.govinfo.gov/content/pkg/FR-1937-07-24/pdf/FR-1937-07-24.pdf	4168317	-
FR-1937-07-27	https://www.govinfo.gov/content/pkg/FR-1937-07-27/pdf/FR-1937-07-27.pdf	7366145	-
FR-1937-07-28	https://www.govinfo.gov/content/pkg/FR-1937-07-28/pdf/FR-1937-07-28.pdf	1766645	-
FR-1937-07-29	https://www.govinfo.gov/content/pkg/FR-1937-07-29/pdf/FR-1937-07-29.pdf	2295462	-
FR-1937-07-30	https://www.govinfo.gov/content/pkg/FR-1937-07-30/pdf/FR-1937-07-30.pdf	5634721	-
FR-1937-07-31	https://www.govinfo.gov/content/pkg/FR-1937-07-31/pdf/FR-1937-07-31.pdf	3027436	-
FR-1937-08-03	https://www.govinfo.gov/content/pkg/FR-1937-08-03/pdf/FR-1937-08-03.pdf	4276320	-
FR-1937-08-04	https://www.govinfo.gov/content/pkg/FR-1937-08-04/pdf/FR-1937-08-04.pdf	940154	-
FR-1937-08-05	https://www.govinfo.gov/content/pkg/FR-1937-08-05/pdf/FR-1937-08-05.pdf	1134768	-
FR-1937-08-06	https://www.govinfo.gov/content/pkg/FR-1937-08-06/pdf/FR-1937-08-06.pdf	1068724	-
FR-1937-08-07	https://www.govinfo.gov/content/pkg/FR-1937-08-07/pdf/FR-1937-08-07.pdf	2225210	-
FR-1937-08-10	https://www.govinfo.gov/content/pkg/FR-1937-08-10/pdf/FR-1937-08-10.pdf	1124413	-
FR-1937-08-11	https://www.govinfo.gov/content/pkg/FR-1937-08-11/pdf/FR-1937-08-11.pdf	862169	-
FR-1937-08-12	https://www.govinfo.gov/content/pkg/FR-1937-08-12/pdf/FR-1937-08-12.pdf	2238941	-
FR-1937-08-13	https://www.govinfo.gov/content/pkg/FR-1937-08-13/pdf/FR-1937-08-13.pdf	1703244	-
FR-1937-08-14	https://www.govinfo.gov/content/pkg/FR-1937-08-14/pdf/FR-1937-08-14.pdf	2308898	-
FR-1937-08-17	https://www.govinfo.gov/content/pkg/FR-1937-08-17/pdf/FR-1937-08-17.pdf	2398137	-
FR-1937-08-18	https://www.govinfo.gov/content/pkg/FR-1937-08-18/pdf/FR-1937-08-18.pdf	1253172	-
FR-1937-08-19	https://www.govinfo.gov/content/pkg/FR-1937-08-19/pdf/FR-1937-08-19.pdf	3202533	-
FR-1937-08-20	https://www.govinfo.gov/content/pkg/FR-1937-08-20/pdf/FR-1937-08-20.pdf	2142897	-
FR-1937-08-21	https://www.govinfo.gov/content/pkg/FR-1937-08-21/pdf/FR-1937-08-21.pdf	848765	-
FR-1937-08-24	https://www.govinfo.gov/content/pkg/FR-1937-08-24/pdf/FR-1937-08-24.pdf	3834667	-
FR-1937-08-25	https://www.govinfo.gov/content/pkg/FR-1937-08-25/pdf/FR-1937-08-25.pdf	39848748	-
FR-1937-08-26	https://www.govinfo.gov/content/pkg/FR-1937-08-26/pdf/FR-1937-08-26.pdf	28164889	-
FR-1937-08-27	https://www.govinfo.gov/content/pkg/FR-1937-08-27/pdf/FR-1937-08-27.pdf	41068559	-
FR-1937-08-28	https://www.govinfo.gov/content/pkg/FR-1937-08-28/pdf/FR-1937-08-28.pdf	5721293	-
FR-1937-08-31	https://www.govinfo.gov/content/pkg/FR-1937-08-31/pdf/FR-1937-08-31.pdf	3670146	-
FR-1937-09-01	https://www.govinfo.gov/content/pkg/FR-1937-09-01/pdf/FR-1937-09-01.pdf	1439163	-
FR-1937-09-02	https://www.govinfo.gov/content/pkg/FR-1937-09-02/pdf/FR-1937-09-02.pdf	1226752	-
FR-1937-09-03	https://www.govinfo.gov/content/pkg/FR-1937-09-03/pdf/FR-1937-09-03.pdf	1185378	-
FR-1937-09-04	https://www.govinfo.gov/content/pkg/FR-1937-09-04/pdf/FR-1937-09-04.pdf	1821273	-
FR-1937-09-08	https://www.govinfo.gov/content/pkg/FR-1937-09-08/pdf/FR-1937-09-08.pdf	2042463	-
FR-1937-09-09	https://www.govinfo.gov/content/pkg/FR-1937-09-09/pdf/FR-1937-09-09.pdf	2177129	-
FR-1937-09-10	https://www.govinfo.gov/content/pkg/FR-1937-09-10/pdf/FR-1937-09-10.pdf	3039685	-
FR-1937-09-11	https://www.govinfo.gov/content/pkg/FR-1937-09-11/pdf/FR-1937-09-11.pdf	2068955	-
FR-1937-09-14	https://www.govinfo.gov/content/pkg/FR-1937-09-14/pdf/FR-1937-09-14.pdf	3638514	-
FR-1937-09-15	https://www.govinfo.gov/content/pkg/FR-1937-09-15/pdf/FR-1937-09-15.pdf	2379343	-
FR-1937-09-16	https://www.govinfo.gov/content/pkg/FR-1937-09-16/pdf/FR-1937-09-16.pdf	5174478	-
FR-1937-09-17	https://www.govinfo.gov/content/pkg/FR-1937-09-17/pdf/FR-1937-09-17.pdf	1111187	-
FR-1937-09-18	https://www.govinfo.gov/content/pkg/FR-1937-09-18/pdf/FR-1937-09-18.pdf	1651609	-
FR-1937-09-21	https://www.govinfo.gov/content/pkg/FR-1937-09-21/pdf/FR-1937-09-21.pdf	1070474	-
FR-1937-09-22	https://www.govinfo.gov/content/pkg/FR-1937-09-22/pdf/FR-1937-09-22.pdf	4995796	-
FR-1937-09-23	https://www.govinfo.gov/content/pkg/FR-1937-09-23/pdf/FR-1937-09-23.pdf	1691450	-
FR-1937-09-24	https://www.govinfo.gov/content/pkg/FR-1937-09-24/pdf/FR-1937-09-24.pdf	16764765	-
FR-1937-09-25	https://www.govinfo.gov/content/pkg/FR-1937-09-25/pdf/FR-1937-09-25.pdf	1661350	-
FR-1937-09-28	https://www.govinfo.gov/content/pkg/FR-1937-09-28/pdf/FR-1937-09-28.pdf	5281962	-
FR-1937-09-29	https://www.govinfo.gov/content/pkg/FR-1937-09-29/pdf/FR-1937-09-29.pdf	14838526	-
FR-1937-09-30	https://www.govinfo.gov/content/pkg/FR-1937-09-30/pdf/FR-1937-09-30.pdf	15282966	-
FR-1937-10-01	https://www.govinfo.gov/content/pkg/FR-1937-10-01/pdf/FR-1937-10-01.pdf	6954278	-
FR-1937-10-02	https://www.govinfo.gov/content/pkg/FR-1937-10-02/pdf/FR-1937-10-02.pdf	1872608	-
FR-1937-10-05	https://www.govinfo.gov/content/pkg/FR-1937-10-05/pdf/FR-1937-10-05.pdf	3219249	-
FR-1937-10-06	https://www.govinfo.gov/content/pkg/FR-1937-10-06/pdf/FR-1937-10-06.pdf	3257488	-
FR-1937-10-07	https://www.govinfo.gov/content/pkg/FR-1937-10-07/pdf/FR-1937-10-07.pdf	1570913	-
FR-1937-10-08	https://www.govinfo.gov/content/pkg/FR-1937-10-08/pdf/FR-1937-10-08.pdf	2535823	-
FR-1937-10-09	https://www.govinfo.gov/content/pkg/FR-1937-10-09/pdf/FR-1937-10-09.pdf	1002114	-
FR-1937-10-12	https://www.govinfo.gov/content/pkg/FR-1937-10-12/pdf/FR-1937-10-12.pdf	21100617	-
FR-1937-10-13	https://www.govinfo.gov/content/pkg/FR-1937-10-13/pdf/FR-1937-10-13.pdf	1737367	-
FR-1937-10-14	https://www.govinfo.gov/content/pkg/FR-1937-10-14/pdf/FR-1937-10-14.pdf	6638695	-
FR-1937-10-15	https://www.govinfo.gov/content/pkg/FR-1937-10-15/pdf/FR-1937-10-15.pdf	5228308	-
FR-1937-10-16	https://www.govinfo.gov/content/pkg/FR-1937-10-16/pdf/FR-1937-10-16.pdf	6179258	-
FR-1937-10-19	https://www.govinfo.gov/content/pkg/FR-1937-10-19/pdf/FR-1937-10-19.pdf	1980939	-
FR-1937-10-20	https://www.govinfo.gov/content/pkg/FR-1937-10-20/pdf/FR-1937-10-20.pdf	3282268	-
FR-1937-10-21	https://www.govinfo.gov/content/pkg/FR-1937-10-21/pdf/FR-1937-10-21.pdf	968250	-
FR-1937-10-22	https://www.govinfo.gov/content/pkg/FR-1937-10-22/pdf/FR-1937-10-22.pdf	2255126	-
FR-1937-10-23	https://www.govinfo.gov/content/pkg/FR-1937-10-23/pdf/FR-1937-10-23.pdf	2435723	-
FR-1937-10-26	https://www.govinfo.gov/content/pkg/FR-1937-10-26/pdf/FR-1937-10-26.pdf	10101713	-
FR-1937-10-27	https://www.govinfo.gov/content/pkg/FR-1937-10-27/pdf/FR-1937-10-27.pdf	7107882	-
FR-1937-10-28	https://www.govinfo.gov/content/pkg/FR-1937-10-28/pdf/FR-1937-10-28.pdf	1664038	-
FR-1937-10-29	https://www.govinfo.gov/content/pkg/FR-1937-10-29/pdf/FR-1937-10-29.pdf	23248781	-
FR-1937-10-30	https://www.govinfo.gov/content/pkg/FR-1937-10-30/pdf/FR-1937-10-30.pdf	4660235	-
FR-1937-11-02	https://www.govinfo.gov/content/pkg/FR-1937-11-02/pdf/FR-1937-11-02.pdf	1615670	-
FR-1937-11-03	https://www.govinfo.gov/content/pkg/FR-1937-11-03/pdf/FR-1937-11-03.pdf	1821842	-
FR-1937-11-04	https://www.govinfo.gov/content/pkg/FR-1937-11-04/pdf/FR-1937-11-04.pdf	848675	-
FR-1937-11-05	https://www.govinfo.gov/content/pkg/FR-1937-11-05/pdf/FR-1937-11-05.pdf	1935009	-
FR-1937-11-06	https://www.govinfo.gov/content/pkg/FR-1937-11-06/pdf/FR-1937-11-06.pdf	1483043	-
FR-1937-11-09	https://www.govinfo.gov/content/pkg/FR-1937-11-09/pdf/FR-1937-11-09.pdf	2415518	-
FR-1937-11-10	https://www.govinfo.gov/content/pkg/FR-1937-11-10/pdf/FR-1937-11-10.pdf	3431301	-
FR-1937-11-11	https://www.govinfo.gov/content/pkg/FR-1937-11-11/pdf/FR-1937-11-11.pdf	2980866	-
FR-1937-11-12	https://www.govinfo.gov/content/pkg/FR-1937-11-12/pdf/FR-1937-11-12.pdf	5476144	-
FR-1937-11-13	https://www.govinfo.gov/content/pkg/FR-1937-11-13/pdf/FR-1937-11-13.pdf	1150818	-
FR-1937-11-16	https://www.govinfo.gov/content/pkg/FR-1937-11-16/pdf/FR-1937-11-16.pdf	5818203	-
FR-1937-11-17	https://www.govinfo.gov/content/pkg/FR-1937-11-17/pdf/FR-1937-11-17.pdf	1162957	-
FR-1937-11-18	https://www.govinfo.gov/content/pkg/FR-1937-11-18/pdf/FR-1937-11-18.pdf	4946111	-
FR-1937-11-19	https://www.govinfo.gov/content/pkg/FR-1937-11-19/pdf/FR-1937-11-19.pdf	5267238	-
FR-1937-11-20	https://www.govinfo.gov/content/pkg/FR-1937-11-20/pdf/FR-1937-11-20.pdf	1873978	-
FR-1937-11-23	https://www.govinfo.gov/content/pkg/FR-1937-11-23/pdf/FR-1937-11-23.pdf	3254154	-
FR-1937-11-24	https://www.govinfo.gov/content/pkg/FR-1937-11-24/pdf/FR-1937-11-24.pdf	1150143	-
FR-1937-11-25	https://www.govinfo.gov/content/pkg/FR-1937-11-25/pdf/FR-1937-11-25.pdf	1484969	-
FR-1937-11-27	https://www.govinfo.gov/content/pkg/FR-1937-11-27/pdf/FR-1937-11-27.pdf	2953793	-
FR-1937-11-30	https://www.govinfo.gov/content/pkg/FR-1937-11-30/pdf/FR-1937-11-30.pdf	2859076	-
FR-1937-12-01	https://www.govinfo.gov/content/pkg/FR-1937-12-01/pdf/FR-1937-12-01.pdf	2423766	-
FR-1937-12-02	https://www.govinfo.gov/content/pkg/FR-1937-12-02/pdf/FR-1937-12-02.pdf	1364135	-
FR-1937-12-03	https://www.govinfo.gov/content/pkg/FR-1937-12-03/pdf/FR-1937-12-03.pdf	28046804	-
FR-1937-12-04	https://www.govinfo.gov/content/pkg/FR-1937-12-04/pdf/FR-1937-12-04.pdf	4986682	-
FR-1937-12-07	https://www.govinfo.gov/content/pkg/FR-1937-12-07/pdf/FR-1937-12-07.pdf	2223485	-
FR-1937-12-08	https://www.govinfo.gov/content/pkg/FR-1937-12-08/pdf/FR-1937-12-08.pdf	20658337	-
FR-1937-12-09	https://www.govinfo.gov/content/pkg/FR-1937-12-09/pdf/FR-1937-12-09.pdf	3019179	-
FR-1937-12-10	https://www.govinfo.gov/content/pkg/FR-1937-12-10/pdf/FR-1937-12-10.pdf	2372573	-
FR-1937-12-11	https://www.govinfo.gov/content/pkg/FR-1937-12-11/pdf/FR-1937-12-11.pdf	2821981	-
FR-1937-12-14	https://www.govinfo.gov/content/pkg/FR-1937-12-14/pdf/FR-1937-12-14.pdf	10721781	-
FR-1937-12-15	https://www.govinfo.gov/content/pkg/FR-1937-12-15/pdf/FR-1937-12-15.pdf	847849	-
FR-1937-12-16	https://www.govinfo.gov/content/pkg/FR-1937-12-16/pdf/FR-1937-12-16.pdf	7308459	-
FR-1937-12-17	https://www.govinfo.gov/content/pkg/FR-1937-12-17/pdf/FR-1937-12-17.pdf	5351716	-
FR-1937-12-18	https://www.govinfo.gov/content/pkg/FR-1937-12-18/pdf/FR-1937-12-18.pdf	6188643	-
FR-1937-12-21	https://www.govinfo.gov/content/pkg/FR-1937-12-21/pdf/FR-1937-12-21.pdf	14385000	-
FR-1937-12-22	https://www.govinfo.gov/content/pkg/FR-1937-12-22/pdf/FR-1937-12-22.pdf	5762603	-
FR-1937-12-23	https://www.govinfo.gov/content/pkg/FR-1937-12-23/pdf/FR-1937-12-23.pdf	5288389	-
FR-1937-12-24	https://www.govinfo.gov/content/pkg/FR-1937-12-24/pdf/FR-1937-12-24.pdf	1497134	-
FR-1937-12-28	https://www.govinfo.gov/content/pkg/FR-1937-12-28/pdf/FR-1937-12-28.pdf	2629932	-
FR-1937-12-29	https://www.govinfo.gov/content/pkg/FR-1937-12-29/pdf/FR-1937-12-29.pdf	1432251	-
FR-1937-12-30	https://www.govinfo.gov/content/pkg/FR-1937-12-30/pdf/FR-1937-12-30.pdf	2828422	-
FR-1937-12-31	https://www.govinfo.gov/content/pkg/FR-1937-12-31/pdf/FR-1937-12-31.pdf	1239496	-
FR-1938-01-01	https://www.govinfo.gov/content/pkg/FR-1938-01-01/pdf/FR-1938-01-01.pdf	784344	-
FR-1938-01-04	https://www.govinfo.gov/content/pkg/FR-1938-01-04/pdf/FR-1938-01-04.pdf	1364643	-
FR-1938-01-05	https://www.govinfo.gov/content/pkg/FR-1938-01-05/pdf/FR-1938-01-05.pdf	3178320	-
FR-1938-01-06	https://www.govinfo.gov/content/pkg/FR-1938-01-06/pdf/FR-1938-01-06.pdf	1454510	-
FR-1938-01-07	https://www.govinfo.gov/content/pkg/FR-1938-01-07/pdf/FR-1938-01-07.pdf	601837	-
FR-1938-01-08	https://www.govinfo.gov/content/pkg/FR-1938-01-08/pdf/FR-1938-01-08.pdf	1402689	-
FR-1938-01-11	https://www.govinfo.gov/content/pkg/FR-1938-01-11/pdf/FR-1938-01-11.pdf	2659304	-
FR-1938-01-12	https://www.govinfo.gov/content/pkg/FR-1938-01-12/pdf/FR-1938-01-12.pdf	2860615	-
FR-1938-01-13	https://www.govinfo.gov/content/pkg/FR-1938-01-13/pdf/FR-1938-01-13.pdf	2469574	-
FR-1938-01-14	https://www.govinfo.gov/content/pkg/FR-1938-01-14/pdf/FR-1938-01-14.pdf	995679	-
FR-1938-01-15	https://www.govinfo.gov/content/pkg/FR-1938-01-15/pdf/FR-1938-01-15.pdf	1168468	-
FR-1938-01-18	https://www.govinfo.gov/content/pkg/FR-1938-01-18/pdf/FR-1938-01-18.pdf	2438258	-
FR-1938-01-19	https://www.govinfo.gov/content/pkg/FR-1938-01-19/pdf/FR-1938-01-19.pdf	4986386	-
FR-1938-01-20	https://www.govinfo.gov/content/pkg/FR-1938-01-20/pdf/FR-1938-01-20.pdf	2835093	-
FR-1938-01-21	https://www.govinfo.gov/content/pkg/FR-1938-01-21/pdf/FR-1938-01-21.pdf	9415728	-
FR-1938-01-22	https://www.govinfo.gov/content/pkg/FR-1938-01-22/pdf/FR-1938-01-22.pdf	723982	-
FR-1938-01-25	https://www.govinfo.gov/content/pkg/FR-1938-01-25/pdf/FR-1938-01-25.pdf	2723368	-
FR-1938-01-26	https://www.govinfo.gov/content/pkg/FR-1938-01-26/pdf/FR-1938-01-26.pdf	1545511	-
FR-1938-01-27	https://www.govinfo.gov/content/pkg/FR-1938-01-27/pdf/FR-1938-01-27.pdf	592792	-
FR-1938-01-28	https://www.govinfo.gov/content/pkg/FR-1938-01-28/pdf/FR-1938-01-28.pdf	1395751	-
FR-1938-01-29	https://www.govinfo.gov/content/pkg/FR-1938-01-29/pdf/FR-1938-01-29.pdf	1882804	-
FR-1938-02-01	https://www.govinfo.gov/content/pkg/FR-1938-02-01/pdf/FR-1938-02-01.pdf	4513847	-
FR-1938-02-02	https://www.govinfo.gov/content/pkg/FR-1938-02-02/pdf/FR-1938-02-02.pdf	1232555	-
FR-1938-02-03	https://www.govinfo.gov/content/pkg/FR-1938-02-03/pdf/FR-1938-02-03.pdf	789931	-
FR-1938-02-04	https://www.govinfo.gov/content/pkg/FR-1938-02-04/pdf/FR-1938-02-04.pdf	2731888	-
FR-1938-02-05	https://www.govinfo.gov/content/pkg/FR-1938-02-05/pdf/FR-1938-02-05.pdf	1086544	-
FR-1938-02-08	https://www.govinfo.gov/content/pkg/FR-1938-02-08/pdf/FR-1938-02-08.pdf	3834751	-
FR-1938-02-09	https://www.govinfo.gov/content/pkg/FR-1938-02-09/pdf/FR-1938-02-09.pdf	5407195	-
FR-1938-02-10	https://www.govinfo.gov/content/pkg/FR-1938-02-10/pdf/FR-1938-02-10.pdf	2618000	-
FR-1938-02-11	https://www.govinfo.gov/content/pkg/FR-1938-02-11/pdf/FR-1938-02-11.pdf	1041485	-
FR-1938-02-12	https://www.govinfo.gov/content/pkg/FR-1938-02-12/pdf/FR-1938-02-12.pdf	695983	-
FR-1938-02-15	https://www.govinfo.gov/content/pkg/FR-1938-02-15/pdf/FR-1938-02-15.pdf	7683465	-
FR-1938-02-16	https://www.govinfo.gov/content/pkg/FR-1938-02-16/pdf/FR-1938-02-16.pdf	693572	-
FR-1938-02-17	https://www.govinfo.gov/content/pkg/FR-1938-02-17/pdf/FR-1938-02-17.pdf	6462313	-
FR-1938-02-18	https://www.govinfo.gov/content/pkg/FR-1938-02-18/pdf/FR-1938-02-18.pdf	1757374	-
FR-1938-02-19	https://www.govinfo.gov/content/pkg/FR-1938-02-19/pdf/FR-1938-02-19.pdf	2806787	-
FR-1938-02-22	https://www.govinfo.gov/content/pkg/FR-1938-02-22/pdf/FR-1938-02-22.pdf	1507506	-
FR-1938-02-24	https://www.govinfo.gov/content/pkg/FR-1938-02-24/pdf/FR-1938-02-24.pdf	689054	-
FR-1938-02-25	https://www.govinfo.gov/content/pkg/FR-1938-02-25/pdf/FR-1938-02-25.pdf	4285703	-
FR-1938-02-26	https://www.govinfo.gov/content/pkg/FR-1938-02-26/pdf/FR-1938-02-26.pdf	2220927	-
FR-1938-03-01	https://www.govinfo.gov/content/pkg/FR-1938-03-01/pdf/FR-1938-03-01.pdf	2288466	-
FR-1938-03-02	https://www.govinfo.gov/content/pkg/FR-1938-03-02/pdf/FR-1938-03-02.pdf	4820949	-
FR-1938-03-03	https://www.govinfo.gov/content/pkg/FR-1938-03-03/pdf/FR-1938-03-03.pdf	2628625	-
FR-1938-03-04	https://www.govinfo.gov/content/pkg/FR-1938-03-04/pdf/FR-1938-03-04.pdf	673657	-
FR-1938-03-05	https://www.govinfo.gov/content/pkg/FR-1938-03-05/pdf/FR-1938-03-05.pdf	1047772	-
FR-1938-03-08	https://www.govinfo.gov/content/pkg/FR-1938-03-08/pdf/FR-1938-03-08.pdf	1164187	-
FR-1938-03-09	https://www.govinfo.gov/content/pkg/FR-1938-03-09/pdf/FR-1938-03-09.pdf	5055334	-
FR-1938-03-10	https://www.govinfo.gov/content/pkg/FR-1938-03-10/pdf/FR-1938-03-10.pdf	684206	-
FR-1938-03-11	https://www.govinfo.gov/content/pkg/FR-1938-03-11/pdf/FR-1938-03-11.pdf	1204726	-
FR-1938-03-12	https://www.govinfo.gov/content/pkg/FR-1938-03-12/pdf/FR-1938-03-12.pdf	570717	-
FR-1938-03-15	https://www.govinfo.gov/content/pkg/FR-1938-03-15/pdf/FR-1938-03-15.pdf	2325894	-
FR-1938-03-16	https://www.govinfo.gov/content/pkg/FR-1938-03-16/pdf/FR-1938-03-16.pdf	866752	-
FR-1938-03-17	https://www.govinfo.gov/content/pkg/FR-1938-03-17/pdf/FR-1938-03-17.pdf	2851701	-
FR-1938-03-18	https://www.govinfo.gov/content/pkg/FR-1938-03-18/pdf/FR-1938-03-18.pdf	986968	-
FR-1938-03-19	https://www.govinfo.gov/content/pkg/FR-1938-03-19/pdf/FR-1938-03-19.pdf	2167332	-
FR-1938-03-22	https://www.govinfo.gov/content/pkg/FR-1938-03-22/pdf/FR-1938-03-22.pdf	1908319	-
FR-1938-03-23	https://www.govinfo.gov/content/pkg/FR-1938-03-23/pdf/FR-1938-03-23.pdf	1427226	-
FR-1938-03-24	https://www.govinfo.gov/content/pkg/FR-1938-03-24/pdf/FR-1938-03-24.pdf	3037362	-
FR-1938-03-25	https://www.govinfo.gov/content/pkg/FR-1938-03-25/pdf/FR-1938-03-25.pdf	984875	-
FR-1938-03-26	https://www.govinfo.gov/content/pkg/FR-1938-03-26/pdf/FR-1938-03-26.pdf	974884	-
FR-1938-03-29	https://www.govinfo.gov/content/pkg/FR-1938-03-29/pdf/FR-1938-03-29.pdf	3553000	-
FR-1938-03-30	https://www.govinfo.gov/content/pkg/FR-1938-03-30/pdf/FR-1938-03-30.pdf	1641978	-
FR-1938-03-31	https://www.govinfo.gov/content/pkg/FR-1938-03-31/pdf/FR-1938-03-31.pdf	1259570	-
FR-1938-04-01	https://www.govinfo.gov/content/pkg/FR-1938-04-01/pdf/FR-1938-04-01.pdf	2720513	-
FR-1938-04-02	https://www.govinfo.gov/content/pkg/FR-1938-04-02/pdf/FR-1938-04-02.pdf	2144090	-
FR-1938-04-05	https://www.govinfo.gov/content/pkg/FR-1938-04-05/pdf/FR-1938-04-05.pdf	3460404	-
FR-1938-04-06	https://www.govinfo.gov/content/pkg/FR-1938-04-06/pdf/FR-1938-04-06.pdf	688317	-
FR-1938-04-07	https://www.govinfo.gov/content/pkg/FR-1938-04-07/pdf/FR-1938-04-07.pdf	1218634	-
FR-1938-04-08	https://www.govinfo.gov/content/pkg/FR-1938-04-08/pdf/FR-1938-04-08.pdf	2599416	-
FR-1938-04-09	https://www.govinfo.gov/content/pkg/FR-1938-04-09/pdf/FR-1938-04-09.pdf	1539860	-
FR-1938-04-12	https://www.govinfo.gov/content/pkg/FR-1938-04-12/pdf/FR-1938-04-12.pdf	1498012	-
FR-1938-04-13	https://www.govinfo.gov/content/pkg/FR-1938-04-13/pdf/FR-1938-04-13.pdf	2656962	-
FR-1938-04-14	https://www.govinfo.gov/content/pkg/FR-1938-04-14/pdf/FR-1938-04-14.pdf	1218515	-
FR-1938-04-15	https://www.govinfo.gov/content/pkg/FR-1938-04-15/pdf/FR-1938-04-15.pdf	1335577	-
FR-1938-04-16	https://www.govinfo.gov/content/pkg/FR-1938-04-16/pdf/FR-1938-04-16.pdf	770052	-
FR-1938-04-19	https://www.govinfo.gov/content/pkg/FR-1938-04-19/pdf/FR-1938-04-19.pdf	3149174	-
FR-1938-04-20	https://www.govinfo.gov/content/pkg/FR-1938-04-20/pdf/FR-1938-04-20.pdf	1853997	-
FR-1938-04-21	https://www.govinfo.gov/content/pkg/FR-1938-04-21/pdf/FR-1938-04-21.pdf	578765	-
FR-1938-04-22	https://www.govinfo.gov/content/pkg/FR-1938-04-22/pdf/FR-1938-04-22.pdf	560428	-
FR-1938-04-23	https://www.govinfo.gov/content/pkg/FR-1938-04-23/pdf/FR-1938-04-23.pdf	1346093	-
FR-1938-04-26	https://www.govinfo.gov/content/pkg/FR-1938-04-26/pdf/FR-1938-04-26.pdf	3362695	-
FR-1938-04-27	https://www.govinfo.gov/content/pkg/FR-1938-04-27/pdf/FR-1938-04-27.pdf	680397	-
FR-1938-04-28	https://www.govinfo.gov/content/pkg/FR-1938-04-28/pdf/FR-1938-04-28.pdf	2192880	-
FR-1938-04-29	https://www.govinfo.gov/content/pkg/FR-1938-04-29/pdf/FR-1938-04-29.pdf	2918698	-
FR-1938-04-30	https://www.govinfo.gov/content/pkg/FR-1938-04-30/pdf/FR-1938-04-30.pdf	1298478	-
FR-1938-05-03	https://www.govinfo.gov/content/pkg/FR-1938-05-03/pdf/FR-1938-05-03.pdf	3287882	-
FR-1938-05-04	https://www.govinfo.gov/content/pkg/FR-1938-05-04/pdf/FR-1938-05-04.pdf	2815993	-
FR-1938-05-05	https://www.govinfo.gov/content/pkg/FR-1938-05-05/pdf/FR-1938-05-05.pdf	3516366	-
FR-1938-05-06	https://www.govinfo.gov/content/pkg/FR-1938-05-06/pdf/FR-1938-05-06.pdf	1021743	-
FR-1938-05-07	https://www.govinfo.gov/content/pkg/FR-1938-05-07/pdf/FR-1938-05-07.pdf	988916	-
FR-1938-05-10	https://www.govinfo.gov/content/pkg/FR-1938-05-10/pdf/FR-1938-05-10.pdf	1328464	-
FR-1938-05-11	https://www.govinfo.gov/content/pkg/FR-1938-05-11/pdf/FR-1938-05-11.pdf	1582699	-
FR-1938-05-12	https://www.govinfo.gov/content/pkg/FR-1938-05-12/pdf/FR-1938-05-12.pdf	2871044	-
FR-1938-05-13	https://www.govinfo.gov/content/pkg/FR-1938-05-13/pdf/FR-1938-05-13.pdf	743860	-
FR-1938-05-14	https://www.govinfo.gov/content/pkg/FR-1938-05-14/pdf/FR-1938-05-14.pdf	1251531	-
FR-1938-05-17	https://www.govinfo.gov/content/pkg/FR-1938-05-17/pdf/FR-1938-05-17.pdf	3891088	-
FR-1938-05-18	https://www.govinfo.gov/content/pkg/FR-1938-05-18/pdf/FR-1938-05-18.pdf	3584894	-
FR-1938-05-19	https://www.govinfo.gov/content/pkg/FR-1938-05-19/pdf/FR-1938-05-19.pdf	1538304	-
FR-1938-05-20	https://www.govinfo.gov/content/pkg/FR-1938-05-20/pdf/FR-1938-05-20.pdf	1082798	-
FR-1938-05-21	https://www.govinfo.gov/content/pkg/FR-1938-05-21/pdf/FR-1938-05-21.pdf	619588	-
FR-1938-05-24	https://www.govinfo.gov/content/pkg/FR-1938-05-24/pdf/FR-1938-05-24.pdf	1482604	-
FR-1938-05-25	https://www.govinfo.gov/content/pkg/FR-1938-05-25/pdf/FR-1938-05-25.pdf	2137410	-
FR-1938-05-26	https://www.govinfo.gov/content/pkg/FR-1938-05-26/pdf/FR-1938-05-26.pdf	1697165	-
FR-1938-05-27	https://www.govinfo.gov/content/pkg/FR-1938-05-27/pdf/FR-1938-05-27.pdf	1873702	-
FR-1938-05-28	https://www.govinfo.gov/content/pkg/FR-1938-05-28/pdf/FR-1938-05-28.pdf	3969874	-
FR-1938-06-01	https://www.govinfo.gov/content/pkg/FR-1938-06-01/pdf/FR-1938-06-01.pdf	4729531	-
FR-1938-06-02	https://www.govinfo.gov/content/pkg/FR-1938-06-02/pdf/FR-1938-06-02.pdf	4216622	-
FR-1938-06-03	https://www.govinfo.gov/content/pkg/FR-1938-06-03/pdf/FR-1938-06-03.pdf	1810123	-
FR-1938-06-04	https://www.govinfo.gov/content/pkg/FR-1938-06-04/pdf/FR-1938-06-04.pdf	592173	-
FR-1938-06-07	https://www.govinfo.gov/content/pkg/FR-1938-06-07/pdf/FR-1938-06-07.pdf	10545369	-
FR-1938-06-08	https://www.govinfo.gov/content/pkg/FR-1938-06-08/pdf/FR-1938-06-08.pdf	2800831	-
FR-1938-06-09	https://www.govinfo.gov/content/pkg/FR-1938-06-09/pdf/FR-1938-06-09.pdf	3184306	-
FR-1938-06-10	https://www.govinfo.gov/content/pkg/FR-1938-06-10/pdf/FR-1938-06-10.pdf	3256944	-
FR-1938-06-11	https://www.govinfo.gov/content/pkg/FR-1938-06-11/pdf/FR-1938-06-11.pdf	1896172	-
FR-1938-06-14	https://www.govinfo.gov/content/pkg/FR-1938-06-14/pdf/FR-1938-06-14.pdf	2625349	-
FR-1938-06-15	https://www.govinfo.gov/content/pkg/FR-1938-06-15/pdf/FR-1938-06-15.pdf	2034431	-
FR-1938-06-16	https://www.govinfo.gov/content/pkg/FR-1938-06-16/pdf/FR-1938-06-16.pdf	844139	-
FR-1938-06-17	https://www.govinfo.gov/content/pkg/FR-1938-06-17/pdf/FR-1938-06-17.pdf	1939770	-
FR-1938-06-18	https://www.govinfo.gov/content/pkg/FR-1938-06-18/pdf/FR-1938-06-18.pdf	2782526	-
FR-1938-06-21	https://www.govinfo.gov/content/pkg/FR-1938-06-21/pdf/FR-1938-06-21.pdf	1565018	-
FR-1938-06-22	https://www.govinfo.gov/content/pkg/FR-1938-06-22/pdf/FR-1938-06-22.pdf	2870083	-
FR-1938-06-23	https://www.govinfo.gov/content/pkg/FR-1938-06-23/pdf/FR-1938-06-23.pdf	6698639	-
FR-1938-06-24	https://www.govinfo.gov/content/pkg/FR-1938-06-24/pdf/FR-1938-06-24.pdf	1097365	-
FR-1938-06-25	https://www.govinfo.gov/content/pkg/FR-1938-06-25/pdf/FR-1938-06-25.pdf	1466653	-
FR-1938-06-28	https://www.govinfo.gov/content/pkg/FR-1938-06-28/pdf/FR-1938-06-28.pdf	5718054	-
FR-1938-06-29	https://www.govinfo.gov/content/pkg/FR-1938-06-29/pdf/FR-1938-06-29.pdf	4531782	-
FR-1938-06-30	https://www.govinfo.gov/content/pkg/FR-1938-06-30/pdf/FR-1938-06-30.pdf	4569192	-
FR-1938-07-01	https://www.govinfo.gov/content/pkg/FR-1938-07-01/pdf/FR-1938-07-01.pdf	5315768	-
FR-1938-07-02	https://www.govinfo.gov/content/pkg/FR-1938-07-02/pdf/FR-1938-07-02.pdf	1378540	-
FR-1938-07-06	https://www.govinfo.gov/content/pkg/FR-1938-07-06/pdf/FR-1938-07-06.pdf	2767901	-
FR-1938-07-07	https://www.govinfo.gov/content/pkg/FR-1938-07-07/pdf/FR-1938-07-07.pdf	1719725	-
FR-1938-07-08	https://www.govinfo.gov/content/pkg/FR-1938-07-08/pdf/FR-1938-07-08.pdf	1461260	-
FR-1938-07-09	https://www.govinfo.gov/content/pkg/FR-1938-07-09/pdf/FR-1938-07-09.pdf	2494804	-
FR-1938-07-12	https://www.govinfo.gov/content/pkg/FR-1938-07-12/pdf/FR-1938-07-12.pdf	5577385	-
FR-1938-07-13	https://www.govinfo.gov/content/pkg/FR-1938-07-13/pdf/FR-1938-07-13.pdf	704073	-
FR-1938-07-14	https://www.govinfo.gov/content/pkg/FR-1938-07-14/pdf/FR-1938-07-14.pdf	4199135	-
FR-1938-07-15	https://www.govinfo.gov/content/pkg/FR-1938-07-15/pdf/FR-1938-07-15.pdf	3793419	-
FR-1938-07-16	https://www.govinfo.gov/content/pkg/FR-1938-07-16/pdf/FR-1938-07-16.pdf	1720522	-
FR-1938-07-19	https://www.govinfo.gov/content/pkg/FR-1938-07-19/pdf/FR-1938-07-19.pdf	3080054	-
FR-1938-07-20	https://www.govinfo.gov/content/pkg/FR-1938-07-20/pdf/FR-1938-07-20.pdf	2624850	-
FR-1938-07-21	https://www.govinfo.gov/content/pkg/FR-1938-07-21/pdf/FR-1938-07-21.pdf	5338592	-
FR-1938-07-22	https://www.govinfo.gov/content/pkg/FR-1938-07-22/pdf/FR-1938-07-22.pdf	5862581	-
FR-1938-07-23	https://www.govinfo.gov/content/pkg/FR-1938-07-23/pdf/FR-1938-07-23.pdf	4825640	-
FR-1938-07-26	https://www.govinfo.gov/content/pkg/FR-1938-07-26/pdf/FR-1938-07-26.pdf	1720498	-
FR-1938-07-27	https://www.govinfo.gov/content/pkg/FR-1938-07-27/pdf/FR-1938-07-27.pdf	1018227	-
FR-1938-07-28	https://www.govinfo.gov/content/pkg/FR-1938-07-28/pdf/FR-1938-07-28.pdf	1245994	-
FR-1938-07-29	https://www.govinfo.gov/content/pkg/FR-1938-07-29/pdf/FR-1938-07-29.pdf	998355	-
FR-1938-07-30	https://www.govinfo.gov/content/pkg/FR-1938-07-30/pdf/FR-1938-07-30.pdf	1660426	-
FR-1938-08-02	https://www.govinfo.gov/content/pkg/FR-1938-08-02/pdf/FR-1938-08-02.pdf	2315618	-
FR-1938-08-03	https://www.govinfo.gov/content/pkg/FR-1938-08-03/pdf/FR-1938-08-03.pdf	3567169	-
FR-1938-08-04	https://www.govinfo.gov/content/pkg/FR-1938-08-04/pdf/FR-1938-08-04.pdf	2067231	-
FR-1938-08-05	https://www.govinfo.gov/content/pkg/FR-1938-08-05/pdf/FR-1938-08-05.pdf	956282	-
FR-1938-08-06	https://www.govinfo.gov/content/pkg/FR-1938-08-06/pdf/FR-1938-08-06.pdf	835725	-
FR-1938-08-09	https://www.govinfo.gov/content/pkg/FR-1938-08-09/pdf/FR-1938-08-09.pdf	3515589	-
FR-1938-08-10	https://www.govinfo.gov/content/pkg/FR-1938-08-10/pdf/FR-1938-08-10.pdf	748918	-
FR-1938-08-11	https://www.govinfo.gov/content/pkg/FR-1938-08-11/pdf/FR-1938-08-11.pdf	1914822	-
FR-1938-08-12	https://www.govinfo.gov/content/pkg/FR-1938-08-12/pdf/FR-1938-08-12.pdf	700223	-
FR-1938-08-13	https://www.govinfo.gov/content/pkg/FR-1938-08-13/pdf/FR-1938-08-13.pdf	3302082	-
FR-1938-08-16	https://www.govinfo.gov/content/pkg/FR-1938-08-16/pdf/FR-1938-08-16.pdf	4079435	-
FR-1938-08-17	https://www.govinfo.gov/content/pkg/FR-1938-08-17/pdf/FR-1938-08-17.pdf	1140000	-
FR-1938-08-18	https://www.govinfo.gov/content/pkg/FR-1938-08-18/pdf/FR-1938-08-18.pdf	701516	-
FR-1938-08-19	https://www.govinfo.gov/content/pkg/FR-1938-08-19/pdf/FR-1938-08-19.pdf	3331463	-
FR-1938-08-20	https://www.govinfo.gov/content/pkg/FR-1938-08-20/pdf/FR-1938-08-20.pdf	766505	-
FR-1938-08-23	https://www.govinfo.gov/content/pkg/FR-1938-08-23/pdf/FR-1938-08-23.pdf	4841975	-
FR-1938-08-24	https://www.govinfo.gov/content/pkg/FR-1938-08-24/pdf/FR-1938-08-24.pdf	1977647	-
FR-1938-08-25	https://www.govinfo.gov/content/pkg/FR-1938-08-25/pdf/FR-1938-08-25.pdf	653410	-
FR-1938-08-26	https://www.govinfo.gov/content/pkg/FR-1938-08-26/pdf/FR-1938-08-26.pdf	2862985	-
FR-1938-08-27	https://www.govinfo.gov/content/pkg/FR-1938-08-27/pdf/FR-1938-08-27.pdf	1115973	-
FR-1938-08-30	https://www.govinfo.gov/content/pkg/FR-1938-08-30/pdf/FR-1938-08-30.pdf	4874594	-
FR-1938-08-31	https://www.govinfo.gov/content/pkg/FR-1938-08-31/pdf/FR-1938-08-31.pdf	1435324	-
FR-1938-09-01	https://www.govinfo.gov/content/pkg/FR-1938-09-01/pdf/FR-1938-09-01.pdf	1179876	-
FR-1938-09-02	https://www.govinfo.gov/content/pkg/FR-1938-09-02/pdf/FR-1938-09-02.pdf	784785	-
FR-1938-09-03	https://www.govinfo.gov/content/pkg/FR-1938-09-03/pdf/FR-1938-09-03.pdf	4317459	-
FR-1938-09-07	https://www.govinfo.gov/content/pkg/FR-1938-09-07/pdf/FR-1938-09-07.pdf	3074669	-
FR-1938-09-08	https://www.govinfo.gov/content/pkg/FR-1938-09-08/pdf/FR-1938-09-08.pdf	3755321	-
FR-1938-09-09	https://www.govinfo.gov/content/pkg/FR-1938-09-09/pdf/FR-1938-09-09.pdf	807436	-
FR-1938-09-10	https://www.govinfo.gov/content/pkg/FR-1938-09-10/pdf/FR-1938-09-10.pdf	1206557	-
FR-1938-09-13	https://www.govinfo.gov/content/pkg/FR-1938-09-13/pdf/FR-1938-09-13.pdf	3860812	-
FR-1938-09-14	https://www.govinfo.gov/content/pkg/FR-1938-09-14/pdf/FR-1938-09-14.pdf	461359	-
FR-1938-09-15	https://www.govinfo.gov/content/pkg/FR-1938-09-15/pdf/FR-1938-09-15.pdf	1249898	-
FR-1938-09-16	https://www.govinfo.gov/content/pkg/FR-1938-09-16/pdf/FR-1938-09-16.pdf	790261	-
FR-1938-09-17	https://www.govinfo.gov/content/pkg/FR-1938-09-17/pdf/FR-1938-09-17.pdf	682808	-
FR-1938-09-20	https://www.govinfo.gov/content/pkg/FR-1938-09-20/pdf/FR-1938-09-20.pdf	2295631	-
FR-1938-09-21	https://www.govinfo.gov/content/pkg/FR-1938-09-21/pdf/FR-1938-09-21.pdf	1868045	-
FR-1938-09-22	https://www.govinfo.gov/content/pkg/FR-1938-09-22/pdf/FR-1938-09-22.pdf	2788681	-
FR-1938-09-23	https://www.govinfo.gov/content/pkg/FR-1938-09-23/pdf/FR-1938-09-23.pdf	2317852	-
FR-1938-09-24	https://www.govinfo.gov/content/pkg/FR-1938-09-24/pdf/FR-1938-09-24.pdf	1574061	-
FR-1938-09-27	https://www.govinfo.gov/content/pkg/FR-1938-09-27/pdf/FR-1938-09-27.pdf	3104718	-
FR-1938-09-28	https://www.govinfo.gov/content/pkg/FR-1938-09-28/pdf/FR-1938-09-28.pdf	2559436	-
FR-1938-09-29	https://www.govinfo.gov/content/pkg/FR-1938-09-29/pdf/FR-1938-09-29.pdf	749379	-
FR-1938-09-30	https://www.govinfo.gov/content/pkg/FR-1938-09-30/pdf/FR-1938-09-30.pdf	2498614	-
FR-1938-10-01	https://www.govinfo.gov/content/pkg/FR-1938-10-01/pdf/FR-1938-10-01.pdf	1246254	-
FR-1938-10-04	https://www.govinfo.gov/content/pkg/FR-1938-10-04/pdf/FR-1938-10-04.pdf	1829446	-
FR-1938-10-05	https://www.govinfo.gov/content/pkg/FR-1938-10-05/pdf/FR-1938-10-05.pdf	1643357	-
FR-1938-10-06	https://www.govinfo.gov/content/pkg/FR-1938-10-06/pdf/FR-1938-10-06.pdf	2424109	-
FR-1938-10-07	https://www.govinfo.gov/content/pkg/FR-1938-10-07/pdf/FR-1938-10-07.pdf	6769662	-
FR-1938-10-08	https://www.govinfo.gov/content/pkg/FR-1938-10-08/pdf/FR-1938-10-08.pdf	2514486	-
FR-1938-10-11	https://www.govinfo.gov/content/pkg/FR-1938-10-11/pdf/FR-1938-10-11.pdf	4032810	-
FR-1938-10-12	https://www.govinfo.gov/content/pkg/FR-1938-10-12/pdf/FR-1938-10-12.pdf	372134	-
FR-1938-10-13	https://www.govinfo.gov/content/pkg/FR-1938-10-13/pdf/FR-1938-10-13.pdf	3295602	-
FR-1938-10-14	https://www.govinfo.gov/content/pkg/FR-1938-10-14/pdf/FR-1938-10-14.pdf	1366525	-
FR-1938-10-15	https://www.govinfo.gov/content/pkg/FR-1938-10-15/pdf/FR-1938-10-15.pdf	2642712	-
FR-1938-10-18	https://www.govinfo.gov/content/pkg/FR-1938-10-18/pdf/FR-1938-10-18.pdf	2073474	-
FR-1938-10-19	https://www.govinfo.gov/content/pkg/FR-1938-10-19/pdf/FR-1938-10-19.pdf	1767301	-
FR-1938-10-20	https://www.govinfo.gov/content/pkg/FR-1938-10-20/pdf/FR-1938-10-20.pdf	1969281	-
FR-1938-10-21	https://www.govinfo.gov/content/pkg/FR-1938-10-21/pdf/FR-1938-10-21.pdf	1095279	-
FR-1938-10-22	https://www.govinfo.gov/content/pkg/FR-1938-10-22/pdf/FR-1938-10-22.pdf	2072498	-
FR-1938-10-25	https://www.govinfo.gov/content/pkg/FR-1938-10-25/pdf/FR-1938-10-25.pdf	3133375	-
FR-1938-10-26	https://www.govinfo.gov/content/pkg/FR-1938-10-26/pdf/FR-1938-10-26.pdf	1890397	-
FR-1938-10-27	https://www.govinfo.gov/content/pkg/FR-1938-10-27/pdf/FR-1938-10-27.pdf	1897974	-
FR-1938-10-28	https://www.govinfo.gov/content/pkg/FR-1938-10-28/pdf/FR-1938-10-28.pdf	834018	-
FR-1938-10-29	https://www.govinfo.gov/content/pkg/FR-1938-10-29/pdf/FR-1938-10-29.pdf	1074169	-
FR-1938-11-01	https://www.govinfo.gov/content/pkg/FR-1938-11-01/pdf/FR-1938-11-01.pdf	3058005	-
FR-1938-11-02	https://www.govinfo.gov/content/pkg/FR-1938-11-02/pdf/FR-1938-11-02.pdf	982769	-
FR-1938-11-03	https://www.govinfo.gov/content/pkg/FR-1938-11-03/pdf/FR-1938-11-03.pdf	1025470	-
FR-1938-11-04	https://www.govinfo.gov/content/pkg/FR-1938-11-04/pdf/FR-1938-11-04.pdf	3491714	-
FR-1938-11-05	https://www.govinfo.gov/content/pkg/FR-1938-11-05/pdf/FR-1938-11-05.pdf	2380599	-
FR-1938-11-08	https://www.govinfo.gov/content/pkg/FR-1938-11-08/pdf/FR-1938-11-08.pdf	1886595	-
FR-1938-11-09	https://www.govinfo.gov/content/pkg/FR-1938-11-09/pdf/FR-1938-11-09.pdf	1962047	-
FR-1938-11-10	https://www.govinfo.gov/content/pkg/FR-1938-11-10/pdf/FR-1938-11-10.pdf	1602552	-
FR-1938-11-11	https://www.govinfo.gov/content/pkg/FR-1938-11-11/pdf/FR-1938-11-11.pdf	1126781	-
FR-1938-11-15	https://www.govinfo.gov/content/pkg/FR-1938-11-15/pdf/FR-1938-11-15.pdf	3528391	-
FR-1938-11-16	https://www.govinfo.gov/content/pkg/FR-1938-11-16/pdf/FR-1938-11-16.pdf	3685043	-
FR-1938-11-17	https://www.govinfo.gov/content/pkg/FR-1938-11-17/pdf/FR-1938-11-17.pdf	3604988	-
FR-1938-11-18	https://www.govinfo.gov/content/pkg/FR-1938-11-18/pdf/FR-1938-11-18.pdf	2976380	-
FR-1938-11-19	https://www.govinfo.gov/content/pkg/FR-1938-11-19/pdf/FR-1938-11-19.pdf	1366261	-
FR-1938-11-22	https://www.govinfo.gov/content/pkg/FR-1938-11-22/pdf/FR-1938-11-22.pdf	2447011	-
FR-1938-11-23	https://www.govinfo.gov/content/pkg/FR-1938-11-23/pdf/FR-1938-11-23.pdf	729541	-
FR-1938-11-24	https://www.govinfo.gov/content/pkg/FR-1938-11-24/pdf/FR-1938-11-24.pdf	476717	-
FR-1938-11-26	https://www.govinfo.gov/content/pkg/FR-1938-11-26/pdf/FR-1938-11-26.pdf	1222820	-
FR-1938-11-29	https://www.govinfo.gov/content/pkg/FR-1938-11-29/pdf/FR-1938-11-29.pdf	3779503	-
FR-1938-11-30	https://www.govinfo.gov/content/pkg/FR-1938-11-30/pdf/FR-1938-11-30.pdf	1593422	-
FR-1938-12-01	https://www.govinfo.gov/content/pkg/FR-1938-12-01/pdf/FR-1938-12-01.pdf	2614677	-
FR-1938-12-02	https://www.govinfo.gov/content/pkg/FR-1938-12-02/pdf/FR-1938-12-02.pdf	5323059	-
FR-1938-12-03	https://www.govinfo.gov/content/pkg/FR-1938-12-03/pdf/FR-1938-12-03.pdf	2835032	-
FR-1938-12-06	https://www.govinfo.gov/content/pkg/FR-1938-12-06/pdf/FR-1938-12-06.pdf	3147852	-
FR-1938-12-07	https://www.govinfo.gov/content/pkg/FR-1938-12-07/pdf/FR-1938-12-07.pdf	776223	-
FR-1938-12-08	https://www.govinfo.gov/content/pkg/FR-1938-12-08/pdf/FR-1938-12-08.pdf	792393	-
FR-1938-12-09	https://www.govinfo.gov/content/pkg/FR-1938-12-09/pdf/FR-1938-12-09.pdf	1215204	-
FR-1938-12-10	https://www.govinfo.gov/content/pkg/FR-1938-12-10/pdf/FR-1938-12-10.pdf	2465530	-
FR-1938-12-13	https://www.govinfo.gov/content/pkg/FR-1938-12-13/pdf/FR-1938-12-13.pdf	2403861	-
FR-1938-12-14	https://www.govinfo.gov/content/pkg/FR-1938-12-14/pdf/FR-1938-12-14.pdf	17743562	-
FR-1938-12-15	https://www.govinfo.gov/content/pkg/FR-1938-12-15/pdf/FR-1938-12-15.pdf	2331222	-
FR-1938-12-16	https://www.govinfo.gov/content/pkg/FR-1938-12-16/pdf/FR-1938-12-16.pdf	1676454	-
FR-1938-12-17	https://www.govinfo.gov/content/pkg/FR-1938-12-17/pdf/FR-1938-12-17.pdf	1071639	-
FR-1938-12-20	https://www.govinfo.gov/content/pkg/FR-1938-12-20/pdf/FR-1938-12-20.pdf	4840283	-
FR-1938-12-21	https://www.govinfo.gov/content/pkg/FR-1938-12-21/pdf/FR-1938-12-21.pdf	3136799	-
FR-1938-12-22	https://www.govinfo.gov/content/pkg/FR-1938-12-22/pdf/FR-1938-12-22.pdf	9758156	-
FR-1938-12-23	https://www.govinfo.gov/content/pkg/FR-1938-12-23/pdf/FR-1938-12-23.pdf	5052310	-
FR-1938-12-24	https://www.govinfo.gov/content/pkg/FR-1938-12-24/pdf/FR-1938-12-24.pdf	3268992	-
FR-1938-12-28	https://www.govinfo.gov/content/pkg/FR-1938-12-28/pdf/FR-1938-12-28.pdf	3045035	-
FR-1938-12-29	https://www.govinfo.gov/content/pkg/FR-1938-12-29/pdf/FR-1938-12-29.pdf	1195485	-
FR-1938-12-30	https://www.govinfo.gov/content/pkg/FR-1938-12-30/pdf/FR-1938-12-30.pdf	755306	-
FR-1938-12-31	https://www.govinfo.gov/content/pkg/FR-1938-12-31/pdf/FR-1938-12-31.pdf	1591544	-
FR-1939-01-04	https://www.govinfo.gov/content/pkg/FR-1939-01-04/pdf/FR-1939-01-04.pdf	8354643	-
FR-1939-01-05	https://www.govinfo.gov/content/pkg/FR-1939-01-05/pdf/FR-1939-01-05.pdf	8859278	-
FR-1939-01-06	https://www.govinfo.gov/content/pkg/FR-1939-01-06/pdf/FR-1939-01-06.pdf	4717659	-
FR-1939-01-07	https://www.govinfo.gov/content/pkg/FR-1939-01-07/pdf/FR-1939-01-07.pdf	6339760	-
FR-1939-01-10	https://www.govinfo.gov/content/pkg/FR-1939-01-10/pdf/FR-1939-01-10.pdf	5683518	-
FR-1939-01-11	https://www.govinfo.gov/content/pkg/FR-1939-01-11/pdf/FR-1939-01-11.pdf	23889008	-
FR-1939-01-12	https://www.govinfo.gov/content/pkg/FR-1939-01-12/pdf/FR-1939-01-12.pdf	8682992	-
FR-1939-01-13	https://www.govinfo.gov/content/pkg/FR-1939-01-13/pdf/FR-1939-01-13.pdf	1610130	-
FR-1939-01-14	https://www.govinfo.gov/content/pkg/FR-1939-01-14/pdf/FR-1939-01-14.pdf	6430813	-
FR-1939-01-17	https://www.govinfo.gov/content/pkg/FR-1939-01-17/pdf/FR-1939-01-17.pdf	3078029	-
FR-1939-01-18	https://www.govinfo.gov/content/pkg/FR-1939-01-18/pdf/FR-1939-01-18.pdf	3790793	-
FR-1939-01-19	https://www.govinfo.gov/content/pkg/FR-1939-01-19/pdf/FR-1939-01-19.pdf	33647675	-
FR-1939-01-20	https://www.govinfo.gov/content/pkg/FR-1939-01-20/pdf/FR-1939-01-20.pdf	4115573	-
FR-1939-01-21	https://www.govinfo.gov/content/pkg/FR-1939-01-21/pdf/FR-1939-01-21.pdf	1156002	-
FR-1939-01-24	https://www.govinfo.gov/content/pkg/FR-1939-01-24/pdf/FR-1939-01-24.pdf	3565870	-
FR-1939-01-25	https://www.govinfo.gov/content/pkg/FR-1939-01-25/pdf/FR-1939-01-25.pdf	507821	-
FR-1939-01-26	https://www.govinfo.gov/content/pkg/FR-1939-01-26/pdf/FR-1939-01-26.pdf	8544522	-
FR-1939-01-27	https://www.govinfo.gov/content/pkg/FR-1939-01-27/pdf/FR-1939-01-27.pdf	5601559	-
FR-1939-01-28	https://www.govinfo.gov/content/pkg/FR-1939-01-28/pdf/FR-1939-01-28.pdf	4377231	-
FR-1939-01-31	https://www.govinfo.gov/content/pkg/FR-1939-01-31/pdf/FR-1939-01-31.pdf	3052799	-
FR-1939-02-01	https://www.govinfo.gov/content/pkg/FR-1939-02-01/pdf/FR-1939-02-01.pdf	3319911	-
FR-1939-02-02	https://www.govinfo.gov/content/pkg/FR-1939-02-02/pdf/FR-1939-02-02.pdf	3770820	-
FR-1939-02-03	https://www.govinfo.gov/content/pkg/FR-1939-02-03/pdf/FR-1939-02-03.pdf	2328081	-
FR-1939-02-04	https://www.govinfo.gov/content/pkg/FR-1939-02-04/pdf/FR-1939-02-04.pdf	1845376	-
FR-1939-02-07	https://www.govinfo.gov/content/pkg/FR-1939-02-07/pdf/FR-1939-02-07.pdf	7182687	-
FR-1939-02-08	https://www.govinfo.gov/content/pkg/FR-1939-02-08/pdf/FR-1939-02-08.pdf	18570963	-
FR-1939-02-09	https://www.govinfo.gov/content/pkg/FR-1939-02-09/pdf/FR-1939-02-09.pdf	2996044	-
FR-1939-02-10	https://www.govinfo.gov/content/pkg/FR-1939-02-10/pdf/FR-1939-02-10.pdf	27048011	-
FR-1939-02-11	https://www.govinfo.gov/content/pkg/FR-1939-02-11/pdf/FR-1939-02-11.pdf	34573243	-
FR-1939-02-14	https://www.govinfo.gov/content/pkg/FR-1939-02-14/pdf/FR-1939-02-14.pdf	32708013	-
FR-1939-02-15	https://www.govinfo.gov/content/pkg/FR-1939-02-15/pdf/FR-1939-02-15.pdf	14492814	-
FR-1939-02-16	https://www.govinfo.gov/content/pkg/FR-1939-02-16/pdf/FR-1939-02-16.pdf	2304514	-
FR-1939-02-17	https://www.govinfo.gov/content/pkg/FR-1939-02-17/pdf/FR-1939-02-17.pdf	1641187	-
FR-1939-02-18	https://www.govinfo.gov/content/pkg/FR-1939-02-18/pdf/FR-1939-02-18.pdf	4012437	-
FR-1939-02-21	https://www.govinfo.gov/content/pkg/FR-1939-02-21/pdf/FR-1939-02-21.pdf	6957333	-
FR-1939-02-22	https://www.govinfo.gov/content/pkg/FR-1939-02-22/pdf/FR-1939-02-22.pdf	2176111	-
FR-1939-02-24	https://www.govinfo.gov/content/pkg/FR-1939-02-24/pdf/FR-1939-02-24.pdf	2003499	-
FR-1939-02-25	https://www.govinfo.gov/content/pkg/FR-1939-02-25/pdf/FR-1939-02-25.pdf	4693931	-
FR-1939-02-28	https://www.govinfo.gov/content/pkg/FR-1939-02-28/pdf/FR-1939-02-28.pdf	22590927	-
FR-1939-03-01	https://www.govinfo.gov/content/pkg/FR-1939-03-01/pdf/FR-1939-03-01.pdf	1085964	-
FR-1939-03-02	https://www.govinfo.gov/content/pkg/FR-1939-03-02/pdf/FR-1939-03-02.pdf	1890850	-
FR-1939-03-03	https://www.govinfo.gov/content/pkg/FR-1939-03-03/pdf/FR-1939-03-03.pdf	2375103	-
FR-1939-03-04	https://www.govinfo.gov/content/pkg/FR-1939-03-04/pdf/FR-1939-03-04.pdf	993937	-
FR-1939-03-07	https://www.govinfo.gov/content/pkg/FR-1939-03-07/pdf/FR-1939-03-07.pdf	11804789	-
FR-1939-03-08	https://www.govinfo.gov/content/pkg/FR-1939-03-08/pdf/FR-1939-03-08.pdf	848443	-
FR-1939-03-09	https://www.govinfo.gov/content/pkg/FR-1939-03-09/pdf/FR-1939-03-09.pdf	6151370	-
FR-1939-03-10	https://www.govinfo.gov/content/pkg/FR-1939-03-10/pdf/FR-1939-03-10.pdf	2805868	-
FR-1939-03-11	https://www.govinfo.gov/content/pkg/FR-1939-03-11/pdf/FR-1939-03-11.pdf	1038724	-
FR-1939-03-14	https://www.govinfo.gov/content/pkg/FR-1939-03-14/pdf/FR-1939-03-14.pdf	9096944	-
FR-1939-03-15	https://www.govinfo.gov/content/pkg/FR-1939-03-15/pdf/FR-1939-03-15.pdf	1934068	-
FR-1939-03-16	https://www.govinfo.gov/content/pkg/FR-1939-03-16/pdf/FR-1939-03-16.pdf	3854265	-
FR-1939-03-17	https://www.govinfo.gov/content/pkg/FR-1939-03-17/pdf/FR-1939-03-17.pdf	2741868	-
FR-1939-03-18	https://www.govinfo.gov/content/pkg/FR-1939-03-18/pdf/FR-1939-03-18.pdf	1839455	-
FR-1939-03-21	https://www.govinfo.gov/content/pkg/FR-1939-03-21/pdf/FR-1939-03-21.pdf	6383738	-
FR-1939-03-22	https://www.govinfo.gov/content/pkg/FR-1939-03-22/pdf/FR-1939-03-22.pdf	3094733	-
FR-1939-03-23	https://www.govinfo.gov/content/pkg/FR-1939-03-23/pdf/FR-1939-03-23.pdf	5837432	-
FR-1939-03-24	https://www.govinfo.gov/content/pkg/FR-1939-03-24/pdf/FR-1939-03-24.pdf	5258100	-
FR-1939-03-25	https://www.govinfo.gov/content/pkg/FR-1939-03-25/pdf/FR-1939-03-25.pdf	2785404	-
FR-1939-03-28	https://www.govinfo.gov/content/pkg/FR-1939-03-28/pdf/FR-1939-03-28.pdf	7335118	-
FR-1939-03-29	https://www.govinfo.gov/content/pkg/FR-1939-03-29/pdf/FR-1939-03-29.pdf	1801415	-
FR-1939-03-30	https://www.govinfo.gov/content/pkg/FR-1939-03-30/pdf/FR-1939-03-30.pdf	3030924	-
FR-1939-03-31	https://www.govinfo.gov/content/pkg/FR-1939-03-31/pdf/FR-1939-03-31.pdf	3673754	-
FR-1939-04-01	https://www.govinfo.gov/content/pkg/FR-1939-04-01/pdf/FR-1939-04-01.pdf	4418137	-
FR-1939-04-04	https://www.govinfo.gov/content/pkg/FR-1939-04-04/pdf/FR-1939-04-04.pdf	10791258	-
FR-1939-04-05	https://www.govinfo.gov/content/pkg/FR-1939-04-05/pdf/FR-1939-04-05.pdf	6417656	-
FR-1939-04-06	https://www.govinfo.gov/content/pkg/FR-1939-04-06/pdf/FR-1939-04-06.pdf	5344031	-
FR-1939-04-07	https://www.govinfo.gov/content/pkg/FR-1939-04-07/pdf/FR-1939-04-07.pdf	11604017	-
FR-1939-04-08	https://www.govinfo.gov/content/pkg/FR-1939-04-08/pdf/FR-1939-04-08.pdf	12233204	-
FR-1939-04-11	https://www.govinfo.gov/content/pkg/FR-1939-04-11/pdf/FR-1939-04-11.pdf	8862507	-
FR-1939-04-12	https://www.govinfo.gov/content/pkg/FR-1939-04-12/pdf/FR-1939-04-12.pdf	5796846	-
FR-1939-04-13	https://www.govinfo.gov/content/pkg/FR-1939-04-13/pdf/FR-1939-04-13.pdf	4889025	-
FR-1939-04-14	https://www.govinfo.gov/content/pkg/FR-1939-04-14/pdf/FR-1939-04-14.pdf	2387661	-
FR-1939-04-15	https://www.govinfo.gov/content/pkg/FR-1939-04-15/pdf/FR-1939-04-15.pdf	1693510	-
FR-1939-04-18	https://www.govinfo.gov/content/pkg/FR-1939-04-18/pdf/FR-1939-04-18.pdf	4878974	-
FR-1939-04-19	https://www.govinfo.gov/content/pkg/FR-1939-04-19/pdf/FR-1939-04-19.pdf	2515856	-
FR-1939-04-20	https://www.govinfo.gov/content/pkg/FR-1939-04-20/pdf/FR-1939-04-20.pdf	3561609	-
FR-1939-04-21	https://www.govinfo.gov/content/pkg/FR-1939-04-21/pdf/FR-1939-04-21.pdf	5341236	-
FR-1939-04-22	https://www.govinfo.gov/content/pkg/FR-1939-04-22/pdf/FR-1939-04-22.pdf	1146078	-
FR-1939-04-25	https://www.govinfo.gov/content/pkg/FR-1939-04-25/pdf/FR-1939-04-25.pdf	2547683	-
FR-1939-04-26	https://www.govinfo.gov/content/pkg/FR-1939-04-26/pdf/FR-1939-04-26.pdf	1873629	-
FR-1939-04-27	https://www.govinfo.gov/content/pkg/FR-1939-04-27/pdf/FR-1939-04-27.pdf	2763102	-
FR-1939-04-28	https://www.govinfo.gov/content/pkg/FR-1939-04-28/pdf/FR-1939-04-28.pdf	2322292	-
FR-1939-04-29	https://www.govinfo.gov/content/pkg/FR-1939-04-29/pdf/FR-1939-04-29.pdf	2951256	-
FR-1939-05-02	https://www.govinfo.gov/content/pkg/FR-1939-05-02/pdf/FR-1939-05-02.pdf	12169483	-
FR-1939-05-03	https://www.govinfo.gov/content/pkg/FR-1939-05-03/pdf/FR-1939-05-03.pdf	2253653	-
FR-1939-05-04	https://www.govinfo.gov/content/pkg/FR-1939-05-04/pdf/FR-1939-05-04.pdf	36587405	-
FR-1939-05-05	https://www.govinfo.gov/content/pkg/FR-1939-05-05/pdf/FR-1939-05-05.pdf	3446368	-
FR-1939-05-06	https://www.govinfo.gov/content/pkg/FR-1939-05-06/pdf/FR-1939-05-06.pdf	1812638	-
FR-1939-05-09	https://www.govinfo.gov/content/pkg/FR-1939-05-09/pdf/FR-1939-05-09.pdf	10824059	-
FR-1939-05-10	https://www.govinfo.gov/content/pkg/FR-1939-05-10/pdf/FR-1939-05-10.pdf	6293398	-
FR-1939-05-11	https://www.govinfo.gov/content/pkg/FR-1939-05-11/pdf/FR-1939-05-11.pdf	4918189	-
FR-1939-05-12	https://www.govinfo.gov/content/pkg/FR-1939-05-12/pdf/FR-1939-05-12.pdf	7438977	-
FR-1939-05-13	https://www.govinfo.gov/content/pkg/FR-1939-05-13/pdf/FR-1939-05-13.pdf	2236780	-
FR-1939-05-16	https://www.govinfo.gov/content/pkg/FR-1939-05-16/pdf/FR-1939-05-16.pdf	5482652	-
FR-1939-05-17	https://www.govinfo.gov/content/pkg/FR-1939-05-17/pdf/FR-1939-05-17.pdf	3585585	-
FR-1939-05-18	https://www.govinfo.gov/content/pkg/FR-1939-05-18/pdf/FR-1939-05-18.pdf	3603380	-
FR-1939-05-19	https://www.govinfo.gov/content/pkg/FR-1939-05-19/pdf/FR-1939-05-19.pdf	3916134	-
FR-1939-05-20	https://www.govinfo.gov/content/pkg/FR-1939-05-20/pdf/FR-1939-05-20.pdf	1731392	-
FR-1939-05-23	https://www.govinfo.gov/content/pkg/FR-1939-05-23/pdf/FR-1939-05-23.pdf	4202406	-
FR-1939-05-24	https://www.govinfo.gov/content/pkg/FR-1939-05-24/pdf/FR-1939-05-24.pdf	7083941	-
FR-1939-05-25	https://www.govinfo.gov/content/pkg/FR-1939-05-25/pdf/FR-1939-05-25.pdf	2287401	-
FR-1939-05-26	https://www.govinfo.gov/content/pkg/FR-1939-05-26/pdf/FR-1939-05-26.pdf	7794457	-
FR-1939-05-27	https://www.govinfo.gov/content/pkg/FR-1939-05-27/pdf/FR-1939-05-27.pdf	5989748	-
FR-1939-05-30	https://www.govinfo.gov/content/pkg/FR-1939-05-30/pdf/FR-1939-05-30.pdf	5242685	-
FR-1939-06-01	https://www.govinfo.gov/content/pkg/FR-1939-06-01/pdf/FR-1939-06-01.pdf	1226028	-
FR-1939-06-02	https://www.govinfo.gov/content/pkg/FR-1939-06-02/pdf/FR-1939-06-02.pdf	14703954	-
FR-1939-06-03	https://www.govinfo.gov/content/pkg/FR-1939-06-03/pdf/FR-1939-06-03.pdf	4890988	-
FR-1939-06-06	https://www.govinfo.gov/content/pkg/FR-1939-06-06/pdf/FR-1939-06-06.pdf	4999911	-
FR-1939-06-07	https://www.govinfo.gov/content/pkg/FR-1939-06-07/pdf/FR-1939-06-07.pdf	7582399	-
FR-1939-06-08	https://www.govinfo.gov/content/pkg/FR-1939-06-08/pdf/FR-1939-06-08.pdf	14119620	-
FR-1939-06-09	https://www.govinfo.gov/content/pkg/FR-1939-06-09/pdf/FR-1939-06-09.pdf	1676664	-
FR-1939-06-10	https://www.govinfo.gov/content/pkg/FR-1939-06-10/pdf/FR-1939-06-10.pdf	5938677	-
FR-1939-06-13	https://www.govinfo.gov/content/pkg/FR-1939-06-13/pdf/FR-1939-06-13.pdf	4150442	-
FR-1939-06-14	https://www.govinfo.gov/content/pkg/FR-1939-06-14/pdf/FR-1939-06-14.pdf	4325923	-
FR-1939-06-15	https://www.govinfo.gov/content/pkg/FR-1939-06-15/pdf/FR-1939-06-15.pdf	2615397	-
FR-1939-06-16	https://www.govinfo.gov/content/pkg/FR-1939-06-16/pdf/FR-1939-06-16.pdf	4394497	-
FR-1939-06-17	https://www.govinfo.gov/content/pkg/FR-1939-06-17/pdf/FR-1939-06-17.pdf	4272048	-
FR-1939-06-20	https://www.govinfo.gov/content/pkg/FR-1939-06-20/pdf/FR-1939-06-20.pdf	3588833	-
FR-1939-06-21	https://www.govinfo.gov/content/pkg/FR-1939-06-21/pdf/FR-1939-06-21.pdf	1814095	-
FR-1939-06-22	https://www.govinfo.gov/content/pkg/FR-1939-06-22/pdf/FR-1939-06-22.pdf	1769135	-
FR-1939-06-23	https://www.govinfo.gov/content/pkg/FR-1939-06-23/pdf/FR-1939-06-23.pdf	2225432	-
FR-1939-06-24	https://www.govinfo.gov/content/pkg/FR-1939-06-24/pdf/FR-1939-06-24.pdf	5206022	-
FR-1939-06-27	https://www.govinfo.gov/content/pkg/FR-1939-06-27/pdf/FR-1939-06-27.pdf	5211345	-
FR-1939-06-28	https://www.govinfo.gov/content/pkg/FR-1939-06-28/pdf/FR-1939-06-28.pdf	1663478	-
FR-1939-06-29	https://www.govinfo.gov/content/pkg/FR-1939-06-29/pdf/FR-1939-06-29.pdf	49117106	-
FR-1939-06-30	https://www.govinfo.gov/content/pkg/FR-1939-06-30/pdf/FR-1939-06-30.pdf	8883018	-
