# gutenberg_sci_de: Project Gutenberg plain text from the PG mirror; selected from pg_catalog.csv.gz on 2026-10-06 by src.data.gutenberg_select
key	url	bytes	checksum
pg10914	https://gutenberg.pglaf.org/cache/epub/10914/pg10914.txt	?	-
pg11925	https://gutenberg.pglaf.org/cache/epub/11925/pg11925.txt	?	-
pg16718	https://gutenberg.pglaf.org/cache/epub/16718/pg16718.txt	?	-
pg17153	https://gutenberg.pglaf.org/cache/epub/17153/pg17153.txt	?	-
pg18471	https://gutenberg.pglaf.org/cache/epub/18471/pg18471.txt	?	-
pg19673	https://gutenberg.pglaf.org/cache/epub/19673/pg19673.txt	?	-
pg20313	https://gutenberg.pglaf.org/cache/epub/20313/pg20313.txt	?	-
pg22492	https://gutenberg.pglaf.org/cache/epub/22492/pg22492.txt	?	-
pg22659	https://gutenberg.pglaf.org/cache/epub/22659/pg22659.txt	?	-
pg22761	https://gutenberg.pglaf.org/cache/epub/22761/pg22761.txt	?	-
pg23672	https://gutenberg.pglaf.org/cache/epub/23672/pg23672.txt	?	-
pg24618	https://gutenberg.pglaf.org/cache/epub/24618/pg24618.txt	?	-
pg24746	https://gutenberg.pglaf.org/cache/epub/24746/pg24746.txt	?	-
pg24817	https://gutenberg.pglaf.org/cache/epub/24817/pg24817.txt	?	-
pg25157	https://gutenberg.pglaf.org/cache/epub/25157/pg25157.txt	?	-
pg25783	https://gutenberg.pglaf.org/cache/epub/25783/pg25783.txt	?	-
pg27254	https://gutenberg.pglaf.org/cache/epub/27254/pg27254.txt	?	-
pg28664	https://gutenberg.pglaf.org/cache/epub/28664/pg28664.txt	?	-
pg29780	https://gutenberg.pglaf.org/cache/epub/29780/pg29780.txt	?	-
pg29806	https://gutenberg.pglaf.org/cache/epub/29806/pg29806.txt	?	-
pg30005	https://gutenberg.pglaf.org/cache/epub/30005/pg30005.txt	?	-
pg30042	https://gutenberg.pglaf.org/cache/epub/30042/pg30042.txt	?	-
pg31564	https://gutenberg.pglaf.org/cache/epub/31564/pg31564.txt	?	-
pg31856	https://gutenberg.pglaf.org/cache/epub/31856/pg31856.txt	?	-
pg31911	https://gutenberg.pglaf.org/cache/epub/31911/pg31911.txt	?	-
pg32201	https://gutenberg.pglaf.org/cache/epub/32201/pg32201.txt	?	-
pg32634	https://gutenberg.pglaf.org/cache/epub/32634/pg32634.txt	?	-
pg32766	https://gutenberg.pglaf.org/cache/epub/32766/pg32766.txt	?	-
pg33202	https://gutenberg.pglaf.org/cache/epub/33202/pg33202.txt	?	-
pg33317	https://gutenberg.pglaf.org/cache/epub/33317/pg33317.txt	?	-
pg33330	https://gutenberg.pglaf.org/cache/epub/33330/pg33330.txt	?	-
pg33369	https://gutenberg.pglaf.org/cache/epub/33369/pg33369.txt	?	-
pg33726	https://gutenberg.pglaf.org/cache/epub/33726/pg33726.txt	?	-
pg34032	https://gutenberg.pglaf.org/cache/epub/34032/pg34032.txt	?	-
pg34137	https://gutenberg.pglaf.org/cache/epub/34137/pg34137.txt	?	-
pg36310	https://gutenberg.pglaf.org/cache/epub/36310/pg36310.txt	?	-
pg37945	https://gutenberg.pglaf.org/cache/epub/37945/pg37945.txt	?	-
pg38033	https://gutenberg.pglaf.org/cache/epub/38033/pg38033.txt	?	-
pg38157	https://gutenberg.pglaf.org/cache/epub/38157/pg38157.txt	?	-
pg38755	https://gutenberg.pglaf.org/cache/epub/38755/pg38755.txt	?	-
pg38986	https://gutenberg.pglaf.org/cache/epub/38986/pg38986.txt	?	-
pg39553	https://gutenberg.pglaf.org/cache/epub/39553/pg39553.txt	?	-
pg39763	https://gutenberg.pglaf.org/cache/epub/39763/pg39763.txt	?	-
pg40543	https://gutenberg.pglaf.org/cache/epub/40543/pg40543.txt	?	-
pg40854	https://gutenberg.pglaf.org/cache/epub/40854/pg40854.txt	?	-
pg42489	https://gutenberg.pglaf.org/cache/epub/42489/pg42489.txt	?	-
pg42745	https://gutenberg.pglaf.org/cache/epub/42745/pg42745.txt	?	-
pg42937	https://gutenberg.pglaf.org/cache/epub/42937/pg42937.txt	?	-
pg43191	https://gutenberg.pglaf.org/cache/epub/43191/pg43191.txt	?	-
pg45460	https://gutenberg.pglaf.org/cache/epub/45460/pg45460.txt	?	-
pg46781	https://gutenberg.pglaf.org/cache/epub/46781/pg46781.txt	?	-
pg46878	https://gutenberg.pglaf.org/cache/epub/46878/pg46878.txt	?	-
pg46896	https://gutenberg.pglaf.org/cache/epub/46896/pg46896.txt	?	-
pg47251	https://gutenberg.pglaf.org/cache/epub/47251/pg47251.txt	?	-
pg47733	https://gutenberg.pglaf.org/cache/epub/47733/pg47733.txt	?	-
pg47843	https://gutenberg.pglaf.org/cache/epub/47843/pg47843.txt	?	-
pg48120	https://gutenberg.pglaf.org/cache/epub/48120/pg48120.txt	?	-
pg48312	https://gutenberg.pglaf.org/cache/epub/48312/pg48312.txt	?	-
pg48450	https://gutenberg.pglaf.org/cache/epub/48450/pg48450.txt	?	-
pg48570	https://gutenberg.pglaf.org/cache/epub/48570/pg48570.txt	?	-
pg48798	https://gutenberg.pglaf.org/cache/epub/48798/pg48798.txt	?	-
pg48965	https://gutenberg.pglaf.org/cache/epub/48965/pg48965.txt	?	-
pg49774	https://gutenberg.pglaf.org/cache/epub/49774/pg49774.txt	?	-
pg49775	https://gutenberg.pglaf.org/cache/epub/49775/pg49775.txt	?	-
pg50003	https://gutenberg.pglaf.org/cache/epub/50003/pg50003.txt	?	-
pg50081	https://gutenberg.pglaf.org/cache/epub/50081/pg50081.txt	?	-
pg51567	https://gutenberg.pglaf.org/cache/epub/51567/pg51567.txt	?	-
pg51638	https://gutenberg.pglaf.org/cache/epub/51638/pg51638.txt	?	-
pg51929	https://gutenberg.pglaf.org/cache/epub/51929/pg51929.txt	?	-
pg52373	https://gutenberg.pglaf.org/cache/epub/52373/pg52373.txt	?	-
pg52492	https://gutenberg.pglaf.org/cache/epub/52492/pg52492.txt	?	-
pg53428	https://gutenberg.pglaf.org/cache/epub/53428/pg53428.txt	?	-
pg53514	https://gutenberg.pglaf.org/cache/epub/53514/pg53514.txt	?	-
pg53973	https://gutenberg.pglaf.org/cache/epub/53973/pg53973.txt	?	-
pg54127	https://gutenberg.pglaf.org/cache/epub/54127/pg54127.txt	?	-
pg54357	https://gutenberg.pglaf.org/cache/epub/54357/pg54357.txt	?	-
pg54565	https://gutenberg.pglaf.org/cache/epub/54565/pg54565.txt	?	-
pg54762	https://gutenberg.pglaf.org/cache/epub/54762/pg54762.txt	?	-
pg55462	https://gutenberg.pglaf.org/cache/epub/55462/pg55462.txt	?	-
pg55559	https://gutenberg.pglaf.org/cache/epub/55559/pg55559.txt	?	-
pg56239	https://gutenberg.pglaf.org/cache/epub/56239/pg56239.txt	?	-
pg56330	https://gutenberg.pglaf.org/cache/epub/56330/pg56330.txt	?	-
pg57240	https://gutenberg.pglaf.org/cache/epub/57240/pg57240.txt	?	-
pg57636	https://gutenberg.pglaf.org/cache/epub/57636/pg57636.txt	?	-
pg57952	https://gutenberg.pglaf.org/cache/epub/57952/pg57952.txt	?	-
pg58148	https://gutenberg.pglaf.org/cache/epub/58148/pg58148.txt	?	-
pg58399	https://gutenberg.pglaf.org/cache/epub/58399/pg58399.txt	?	-
pg58506	https://gutenberg.pglaf.org/cache/epub/58506/pg58506.txt	?	-
pg58683	https://gutenberg.pglaf.org/cache/epub/58683/pg58683.txt	?	-
pg58989	https://gutenberg.pglaf.org/cache/epub/58989/pg58989.txt	?	-
pg59161	https://gutenberg.pglaf.org/cache/epub/59161/pg59161.txt	?	-
pg59268	https://gutenberg.pglaf.org/cache/epub/59268/pg59268.txt	?	-
pg59493	https://gutenberg.pglaf.org/cache/epub/59493/pg59493.txt	?	-
pg59659	https://gutenberg.pglaf.org/cache/epub/59659/pg59659.txt	?	-
pg60930	https://gutenberg.pglaf.org/cache/epub/60930/pg60930.txt	?	-
pg61584	https://gutenberg.pglaf.org/cache/epub/61584/pg61584.txt	?	-
pg61850	https://gutenberg.pglaf.org/cache/epub/61850/pg61850.txt	?	-
pg61873	https://gutenberg.pglaf.org/cache/epub/61873/pg61873.txt	?	-
pg61928	https://gutenberg.pglaf.org/cache/epub/61928/pg61928.txt	?	-
pg61997	https://gutenberg.pglaf.org/cache/epub/61997/pg61997.txt	?	-
pg62131	https://gutenberg.pglaf.org/cache/epub/62131/pg62131.txt	?	-
pg62311	https://gutenberg.pglaf.org/cache/epub/62311/pg62311.txt	?	-
pg63371	https://gutenberg.pglaf.org/cache/epub/63371/pg63371.txt	?	-
pg64085	https://gutenberg.pglaf.org/cache/epub/64085/pg64085.txt	?	-
pg64204	https://gutenberg.pglaf.org/cache/epub/64204/pg64204.txt	?	-
pg65211	https://gutenberg.pglaf.org/cache/epub/65211/pg65211.txt	?	-
pg68258	https://gutenberg.pglaf.org/cache/epub/68258/pg68258.txt	?	-
pg68593	https://gutenberg.pglaf.org/cache/epub/68593/pg68593.txt	?	-
pg68838	https://gutenberg.pglaf.org/cache/epub/68838/pg68838.txt	?	-
pg68947	https://gutenberg.pglaf.org/cache/epub/68947/pg68947.txt	?	-
pg69172	https://gutenberg.pglaf.org/cache/epub/69172/pg69172.txt	?	-
pg69267	https://gutenberg.pglaf.org/cache/epub/69267/pg69267.txt	?	-
pg69320	https://gutenberg.pglaf.org/cache/epub/69320/pg69320.txt	?	-
pg69469	https://gutenberg.pglaf.org/cache/epub/69469/pg69469.txt	?	-
pg69470	https://gutenberg.pglaf.org/cache/epub/69470/pg69470.txt	?	-
pg69472	https://gutenberg.pglaf.org/cache/epub/69472/pg69472.txt	?	-
pg69522	https://gutenberg.pglaf.org/cache/epub/69522/pg69522.txt	?	-
pg69524	https://gutenberg.pglaf.org/cache/epub/69524/pg69524.txt	?	-
pg70435	https://gutenberg.pglaf.org/cache/epub/70435/pg70435.txt	?	-
pg70567	https://gutenberg.pglaf.org/cache/epub/70567/pg70567.txt	?	-
pg70687	https://gutenberg.pglaf.org/cache/epub/70687/pg70687.txt	?	-
pg70692	https://gutenberg.pglaf.org/cache/epub/70692/pg70692.txt	?	-
pg71303	https://gutenberg.pglaf.org/cache/epub/71303/pg71303.txt	?	-
pg71616	https://gutenberg.pglaf.org/cache/epub/71616/pg71616.txt	?	-
pg72876	https://gutenberg.pglaf.org/cache/epub/72876/pg72876.txt	?	-
pg72951	https://gutenberg.pglaf.org/cache/epub/72951/pg72951.txt	?	-
pg72952	https://gutenberg.pglaf.org/cache/epub/72952/pg72952.txt	?	-
pg73374	https://gutenberg.pglaf.org/cache/epub/73374/pg73374.txt	?	-
pg74363	https://gutenberg.pglaf.org/cache/epub/74363/pg74363.txt	?	-
pg75055	https://gutenberg.pglaf.org/cache/epub/75055/pg75055.txt	?	-
pg75185	https://gutenberg.pglaf.org/cache/epub/75185/pg75185.txt	?	-
pg75312	https://gutenberg.pglaf.org/cache/epub/75312/pg75312.txt	?	-
pg75352	https://gutenberg.pglaf.org/cache/epub/75352/pg75352.txt	?	-
pg75670	https://gutenberg.pglaf.org/cache/epub/75670/pg75670.txt	?	-
pg75805	https://gutenberg.pglaf.org/cache/epub/75805/pg75805.txt	?	-
pg76062	https://gutenberg.pglaf.org/cache/epub/76062/pg76062.txt	?	-
pg76878	https://gutenberg.pglaf.org/cache/epub/76878/pg76878.txt	?	-
pg76968	https://gutenberg.pglaf.org/cache/epub/76968/pg76968.txt	?	-
pg77002	https://gutenberg.pglaf.org/cache/epub/77002/pg77002.txt	?	-
pg77208	https://gutenberg.pglaf.org/cache/epub/77208/pg77208.txt	?	-
pg77678	https://gutenberg.pglaf.org/cache/epub/77678/pg77678.txt	?	-
pg77679	https://gutenberg.pglaf.org/cache/epub/77679/pg77679.txt	?	-
pg77700	https://gutenberg.pglaf.org/cache/epub/77700/pg77700.txt	?	-
pg77785	https://gutenberg.pglaf.org/cache/epub/77785/pg77785.txt	?	-
pg77850	https://gutenberg.pglaf.org/cache/epub/77850/pg77850.txt	?	-
pg78079	https://gutenberg.pglaf.org/cache/epub/78079/pg78079.txt	?	-
pg78608	https://gutenberg.pglaf.org/cache/epub/78608/pg78608.txt	?	-
pg79185	https://gutenberg.pglaf.org/cache/epub/79185/pg79185.txt	?	-
pg79232	https://gutenberg.pglaf.org/cache/epub/79232/pg79232.txt	?	-
pg79674	https://gutenberg.pglaf.org/cache/epub/79674/pg79674.txt	?	-
