# jfi_ia: archive.org djvu.txt, query 'identifier:journalfranklini*fran OR (collection:pub_journal-of-the-franklin-institute AND date:[1924-01-01 TO 1930-12-31] AND NOT identifier:*journal-of-the-franklin-institute_journal-of-the-franklin-institute*)', window 1826-01-01..1930-12-31; built 2026-10-06 by src.data.ia_catalog
key	url	bytes	checksum
journalfranklini01fran	https://archive.org/download/journalfranklini01fran/journalfranklini01fran_djvu.txt	?	-
journalfranklini02fran	https://archive.org/download/journalfranklini02fran/journalfranklini02fran_djvu.txt	?	-
journalfranklini03fran	https://archive.org/download/journalfranklini03fran/journalfranklini03fran_djvu.txt	?	-
journalfranklini04fran	https://archive.org/download/journalfranklini04fran/journalfranklini04fran_djvu.txt	?	-
journalfranklini05fran	https://archive.org/download/journalfranklini05fran/journalfranklini05fran_djvu.txt	?	-
journalfranklini06fran	https://archive.org/download/journalfranklini06fran/journalfranklini06fran_djvu.txt	?	-
journalfranklini07fran	https://archive.org/download/journalfranklini07fran/journalfranklini07fran_djvu.txt	?	-
journalfranklini08fran	https://archive.org/download/journalfranklini08fran/journalfranklini08fran_djvu.txt	?	-
journalfranklini09fran	https://archive.org/download/journalfranklini09fran/journalfranklini09fran_djvu.txt	?	-
journalfranklini100fran	https://archive.org/download/journalfranklini100fran/journalfranklini100fran_djvu.txt	?	-
journalfranklini101fran	https://archive.org/download/journalfranklini101fran/journalfranklini101fran_djvu.txt	?	-
journalfranklini102fran	https://archive.org/download/journalfranklini102fran/journalfranklini102fran_djvu.txt	?	-
journalfranklini103fran	https://archive.org/download/journalfranklini103fran/journalfranklini103fran_djvu.txt	?	-
journalfranklini104fran	https://archive.org/download/journalfranklini104fran/journalfranklini104fran_djvu.txt	?	-
journalfranklini105fran	https://archive.org/download/journalfranklini105fran/journalfranklini105fran_djvu.txt	?	-
journalfranklini106fran	https://archive.org/download/journalfranklini106fran/journalfranklini106fran_djvu.txt	?	-
journalfranklini107fran	https://archive.org/download/journalfranklini107fran/journalfranklini107fran_djvu.txt	?	-
journalfranklini108fran	https://archive.org/download/journalfranklini108fran/journalfranklini108fran_djvu.txt	?	-
journalfranklini109fran	https://archive.org/download/journalfranklini109fran/journalfranklini109fran_djvu.txt	?	-
journalfranklini10fran	https://archive.org/download/journalfranklini10fran/journalfranklini10fran_djvu.txt	?	-
journalfranklini110fran	https://archive.org/download/journalfranklini110fran/journalfranklini110fran_djvu.txt	?	-
journalfranklini111fran	https://archive.org/download/journalfranklini111fran/journalfranklini111fran_djvu.txt	?	-
journalfranklini1120fran	https://archive.org/download/journalfranklini1120fran/journalfranklini1120fran_djvu.txt	?	-
journalfranklini112fran	https://archive.org/download/journalfranklini112fran/journalfranklini112fran_djvu.txt	?	-
journalfranklini113fran	https://archive.org/download/journalfranklini113fran/journalfranklini113fran_djvu.txt	?	-
journalfranklini114fran	https://archive.org/download/journalfranklini114fran/journalfranklini114fran_djvu.txt	?	-
journalfranklini115fran	https://archive.org/download/journalfranklini115fran/journalfranklini115fran_djvu.txt	?	-
journalfranklini116fran	https://archive.org/download/journalfranklini116fran/journalfranklini116fran_djvu.txt	?	-
journalfranklini117fran	https://archive.org/download/journalfranklini117fran/journalfranklini117fran_djvu.txt	?	-
journalfranklini118fran	https://archive.org/download/journalfranklini118fran/journalfranklini118fran_djvu.txt	?	-
journalfranklini119fran	https://archive.org/download/journalfranklini119fran/journalfranklini119fran_djvu.txt	?	-
journalfranklini11fran	https://archive.org/download/journalfranklini11fran/journalfranklini11fran_djvu.txt	?	-
journalfranklini120fran	https://archive.org/download/journalfranklini120fran/journalfranklini120fran_djvu.txt	?	-
journalfranklini121fran	https://archive.org/download/journalfranklini121fran/journalfranklini121fran_djvu.txt	?	-
journalfranklini122fran	https://archive.org/download/journalfranklini122fran/journalfranklini122fran_djvu.txt	?	-
journalfranklini123fran	https://archive.org/download/journalfranklini123fran/journalfranklini123fran_djvu.txt	?	-
journalfranklini124fran	https://archive.org/download/journalfranklini124fran/journalfranklini124fran_djvu.txt	?	-
journalfranklini125fran	https://archive.org/download/journalfranklini125fran/journalfranklini125fran_djvu.txt	?	-
journalfranklini126fran	https://archive.org/download/journalfranklini126fran/journalfranklini126fran_djvu.txt	?	-
journalfranklini127fran	https://archive.org/download/journalfranklini127fran/journalfranklini127fran_djvu.txt	?	-
journalfranklini128fran	https://archive.org/download/journalfranklini128fran/journalfranklini128fran_djvu.txt	?	-
journalfranklini129fran	https://archive.org/download/journalfranklini129fran/journalfranklini129fran_djvu.txt	?	-
journalfranklini12fran	https://archive.org/download/journalfranklini12fran/journalfranklini12fran_djvu.txt	?	-
journalfranklini130fran	https://archive.org/download/journalfranklini130fran/journalfranklini130fran_djvu.txt	?	-
journalfranklini131fran	https://archive.org/download/journalfranklini131fran/journalfranklini131fran_djvu.txt	?	-
journalfranklini132fran	https://archive.org/download/journalfranklini132fran/journalfranklini132fran_djvu.txt	?	-
journalfranklini133fran	https://archive.org/download/journalfranklini133fran/journalfranklini133fran_djvu.txt	?	-
journalfranklini134fran	https://archive.org/download/journalfranklini134fran/journalfranklini134fran_djvu.txt	?	-
journalfranklini135fran	https://archive.org/download/journalfranklini135fran/journalfranklini135fran_djvu.txt	?	-
journalfranklini136fran	https://archive.org/download/journalfranklini136fran/journalfranklini136fran_djvu.txt	?	-
journalfranklini137fran	https://archive.org/download/journalfranklini137fran/journalfranklini137fran_djvu.txt	?	-
journalfranklini138fran	https://archive.org/download/journalfranklini138fran/journalfranklini138fran_djvu.txt	?	-
journalfranklini139fran	https://archive.org/download/journalfranklini139fran/journalfranklini139fran_djvu.txt	?	-
journalfranklini13fran	https://archive.org/download/journalfranklini13fran/journalfranklini13fran_djvu.txt	?	-
journalfranklini140fran	https://archive.org/download/journalfranklini140fran/journalfranklini140fran_djvu.txt	?	-
journalfranklini141fran	https://archive.org/download/journalfranklini141fran/journalfranklini141fran_djvu.txt	?	-
journalfranklini142fran	https://archive.org/download/journalfranklini142fran/journalfranklini142fran_djvu.txt	?	-
journalfranklini143fran	https://archive.org/download/journalfranklini143fran/journalfranklini143fran_djvu.txt	?	-
journalfranklini144fran	https://archive.org/download/journalfranklini144fran/journalfranklini144fran_djvu.txt	?	-
journalfranklini145fran	https://archive.org/download/journalfranklini145fran/journalfranklini145fran_djvu.txt	?	-
journalfranklini146fran	https://archive.org/download/journalfranklini146fran/journalfranklini146fran_djvu.txt	?	-
journalfranklini147fran	https://archive.org/download/journalfranklini147fran/journalfranklini147fran_djvu.txt	?	-
journalfranklini148fran	https://archive.org/download/journalfranklini148fran/journalfranklini148fran_djvu.txt	?	-
journalfranklini149fran	https://archive.org/download/journalfranklini149fran/journalfranklini149fran_djvu.txt	?	-
journalfranklini14fran	https://archive.org/download/journalfranklini14fran/journalfranklini14fran_djvu.txt	?	-
journalfranklini150fran	https://archive.org/download/journalfranklini150fran/journalfranklini150fran_djvu.txt	?	-
journalfranklini151fran	https://archive.org/download/journalfranklini151fran/journalfranklini151fran_djvu.txt	?	-
journalfranklini152fran	https://archive.org/download/journalfranklini152fran/journalfranklini152fran_djvu.txt	?	-
journalfranklini153fran	https://archive.org/download/journalfranklini153fran/journalfranklini153fran_djvu.txt	?	-
journalfranklini154fran	https://archive.org/download/journalfranklini154fran/journalfranklini154fran_djvu.txt	?	-
journalfranklini155fran	https://archive.org/download/journalfranklini155fran/journalfranklini155fran_djvu.txt	?	-
journalfranklini156fran	https://archive.org/download/journalfranklini156fran/journalfranklini156fran_djvu.txt	?	-
journalfranklini157fran	https://archive.org/download/journalfranklini157fran/journalfranklini157fran_djvu.txt	?	-
journalfranklini158fran	https://archive.org/download/journalfranklini158fran/journalfranklini158fran_djvu.txt	?	-
journalfranklini159fran	https://archive.org/download/journalfranklini159fran/journalfranklini159fran_djvu.txt	?	-
journalfranklini15fran	https://archive.org/download/journalfranklini15fran/journalfranklini15fran_djvu.txt	?	-
journalfranklini160fran	https://archive.org/download/journalfranklini160fran/journalfranklini160fran_djvu.txt	?	-
journalfranklini161fran	https://archive.org/download/journalfranklini161fran/journalfranklini161fran_djvu.txt	?	-
journalfranklini162fran	https://archive.org/download/journalfranklini162fran/journalfranklini162fran_djvu.txt	?	-
journalfranklini163fran	https://archive.org/download/journalfranklini163fran/journalfranklini163fran_djvu.txt	?	-
journalfranklini164fran	https://archive.org/download/journalfranklini164fran/journalfranklini164fran_djvu.txt	?	-
journalfranklini165fran	https://archive.org/download/journalfranklini165fran/journalfranklini165fran_djvu.txt	?	-
journalfranklini166fran	https://archive.org/download/journalfranklini166fran/journalfranklini166fran_djvu.txt	?	-
journalfranklini167fran	https://archive.org/download/journalfranklini167fran/journalfranklini167fran_djvu.txt	?	-
journalfranklini168fran	https://archive.org/download/journalfranklini168fran/journalfranklini168fran_djvu.txt	?	-
journalfranklini169fran	https://archive.org/download/journalfranklini169fran/journalfranklini169fran_djvu.txt	?	-
journalfranklini16fran	https://archive.org/download/journalfranklini16fran/journalfranklini16fran_djvu.txt	?	-
journalfranklini170fran	https://archive.org/download/journalfranklini170fran/journalfranklini170fran_djvu.txt	?	-
journalfranklini171fran	https://archive.org/download/journalfranklini171fran/journalfranklini171fran_djvu.txt	?	-
journalfranklini172fran	https://archive.org/download/journalfranklini172fran/journalfranklini172fran_djvu.txt	?	-
journalfranklini173fran	https://archive.org/download/journalfranklini173fran/journalfranklini173fran_djvu.txt	?	-
journalfranklini174fran	https://archive.org/download/journalfranklini174fran/journalfranklini174fran_djvu.txt	?	-
journalfranklini175fran	https://archive.org/download/journalfranklini175fran/journalfranklini175fran_djvu.txt	?	-
journalfranklini176fran	https://archive.org/download/journalfranklini176fran/journalfranklini176fran_djvu.txt	?	-
journalfranklini177fran	https://archive.org/download/journalfranklini177fran/journalfranklini177fran_djvu.txt	?	-
journalfranklini179fran	https://archive.org/download/journalfranklini179fran/journalfranklini179fran_djvu.txt	?	-
journalfranklini17fran	https://archive.org/download/journalfranklini17fran/journalfranklini17fran_djvu.txt	?	-
journalfranklini181fran	https://archive.org/download/journalfranklini181fran/journalfranklini181fran_djvu.txt	?	-
journalfranklini182fran	https://archive.org/download/journalfranklini182fran/journalfranklini182fran_djvu.txt	?	-
journalfranklini183fran	https://archive.org/download/journalfranklini183fran/journalfranklini183fran_djvu.txt	?	-
journalfranklini184fran	https://archive.org/download/journalfranklini184fran/journalfranklini184fran_djvu.txt	?	-
journalfranklini185fran	https://archive.org/download/journalfranklini185fran/journalfranklini185fran_djvu.txt	?	-
journalfranklini186fran	https://archive.org/download/journalfranklini186fran/journalfranklini186fran_djvu.txt	?	-
journalfranklini187fran	https://archive.org/download/journalfranklini187fran/journalfranklini187fran_djvu.txt	?	-
journalfranklini188fran	https://archive.org/download/journalfranklini188fran/journalfranklini188fran_djvu.txt	?	-
journalfranklini189fran	https://archive.org/download/journalfranklini189fran/journalfranklini189fran_djvu.txt	?	-
journalfranklini18fran	https://archive.org/download/journalfranklini18fran/journalfranklini18fran_djvu.txt	?	-
journalfranklini190fran	https://archive.org/download/journalfranklini190fran/journalfranklini190fran_djvu.txt	?	-
journalfranklini191fran	https://archive.org/download/journalfranklini191fran/journalfranklini191fran_djvu.txt	?	-
journalfranklini192fran	https://archive.org/download/journalfranklini192fran/journalfranklini192fran_djvu.txt	?	-
journalfranklini193fran	https://archive.org/download/journalfranklini193fran/journalfranklini193fran_djvu.txt	?	-
journalfranklini194fran	https://archive.org/download/journalfranklini194fran/journalfranklini194fran_djvu.txt	?	-
journalfranklini195fran	https://archive.org/download/journalfranklini195fran/journalfranklini195fran_djvu.txt	?	-
journalfranklini196fran	https://archive.org/download/journalfranklini196fran/journalfranklini196fran_djvu.txt	?	-
journalfranklini19fran	https://archive.org/download/journalfranklini19fran/journalfranklini19fran_djvu.txt	?	-
journalfranklini20fran	https://archive.org/download/journalfranklini20fran/journalfranklini20fran_djvu.txt	?	-
journalfranklini21fran	https://archive.org/download/journalfranklini21fran/journalfranklini21fran_djvu.txt	?	-
journalfranklini22fran	https://archive.org/download/journalfranklini22fran/journalfranklini22fran_djvu.txt	?	-
journalfranklini24fran	https://archive.org/download/journalfranklini24fran/journalfranklini24fran_djvu.txt	?	-
journalfranklini25fran	https://archive.org/download/journalfranklini25fran/journalfranklini25fran_djvu.txt	?	-
journalfranklini27fran	https://archive.org/download/journalfranklini27fran/journalfranklini27fran_djvu.txt	?	-
journalfranklini28fran	https://archive.org/download/journalfranklini28fran/journalfranklini28fran_djvu.txt	?	-
journalfranklini29fran	https://archive.org/download/journalfranklini29fran/journalfranklini29fran_djvu.txt	?	-
journalfranklini30fran	https://archive.org/download/journalfranklini30fran/journalfranklini30fran_djvu.txt	?	-
journalfranklini31fran	https://archive.org/download/journalfranklini31fran/journalfranklini31fran_djvu.txt	?	-
journalfranklini32fran	https://archive.org/download/journalfranklini32fran/journalfranklini32fran_djvu.txt	?	-
journalfranklini33fran	https://archive.org/download/journalfranklini33fran/journalfranklini33fran_djvu.txt	?	-
journalfranklini34fran	https://archive.org/download/journalfranklini34fran/journalfranklini34fran_djvu.txt	?	-
journalfranklini35fran	https://archive.org/download/journalfranklini35fran/journalfranklini35fran_djvu.txt	?	-
journalfranklini36fran	https://archive.org/download/journalfranklini36fran/journalfranklini36fran_djvu.txt	?	-
journalfranklini37fran	https://archive.org/download/journalfranklini37fran/journalfranklini37fran_djvu.txt	?	-
journalfranklini38fran	https://archive.org/download/journalfranklini38fran/journalfranklini38fran_djvu.txt	?	-
journalfranklini39fran	https://archive.org/download/journalfranklini39fran/journalfranklini39fran_djvu.txt	?	-
journalfranklini40fran	https://archive.org/download/journalfranklini40fran/journalfranklini40fran_djvu.txt	?	-
journalfranklini41fran	https://archive.org/download/journalfranklini41fran/journalfranklini41fran_djvu.txt	?	-
journalfranklini42fran	https://archive.org/download/journalfranklini42fran/journalfranklini42fran_djvu.txt	?	-
journalfranklini43fran	https://archive.org/download/journalfranklini43fran/journalfranklini43fran_djvu.txt	?	-
journalfranklini44fran	https://archive.org/download/journalfranklini44fran/journalfranklini44fran_djvu.txt	?	-
journalfranklini45fran	https://archive.org/download/journalfranklini45fran/journalfranklini45fran_djvu.txt	?	-
journalfranklini46fran	https://archive.org/download/journalfranklini46fran/journalfranklini46fran_djvu.txt	?	-
journalfranklini47fran	https://archive.org/download/journalfranklini47fran/journalfranklini47fran_djvu.txt	?	-
journalfranklini48fran	https://archive.org/download/journalfranklini48fran/journalfranklini48fran_djvu.txt	?	-
journalfranklini49fran	https://archive.org/download/journalfranklini49fran/journalfranklini49fran_djvu.txt	?	-
journalfranklini50fran	https://archive.org/download/journalfranklini50fran/journalfranklini50fran_djvu.txt	?	-
journalfranklini51fran	https://archive.org/download/journalfranklini51fran/journalfranklini51fran_djvu.txt	?	-
journalfranklini52fran	https://archive.org/download/journalfranklini52fran/journalfranklini52fran_djvu.txt	?	-
journalfranklini53fran	https://archive.org/download/journalfranklini53fran/journalfranklini53fran_djvu.txt	?	-
journalfranklini54fran	https://archive.org/download/journalfranklini54fran/journalfranklini54fran_djvu.txt	?	-
journalfranklini55fran	https://archive.org/download/journalfranklini55fran/journalfranklini55fran_djvu.txt	?	-
journalfranklini56fran	https://archive.org/download/journalfranklini56fran/journalfranklini56fran_djvu.txt	?	-
journalfranklini57fran	https://archive.org/download/journalfranklini57fran/journalfranklini57fran_djvu.txt	?	-
journalfranklini58fran	https://archive.org/download/journalfranklini58fran/journalfranklini58fran_djvu.txt	?	-
journalfranklini59fran	https://archive.org/download/journalfranklini59fran/journalfranklini59fran_djvu.txt	?	-
journalfranklini60fran	https://archive.org/download/journalfranklini60fran/journalfranklini60fran_djvu.txt	?	-
journalfranklini61fran	https://archive.org/download/journalfranklini61fran/journalfranklini61fran_djvu.txt	?	-
journalfranklini62fran	https://archive.org/download/journalfranklini62fran/journalfranklini62fran_djvu.txt	?	-
journalfranklini63fran	https://archive.org/download/journalfranklini63fran/journalfranklini63fran_djvu.txt	?	-
journalfranklini64fran	https://archive.org/download/journalfranklini64fran/journalfranklini64fran_djvu.txt	?	-
journalfranklini65fran	https://archive.org/download/journalfranklini65fran/journalfranklini65fran_djvu.txt	?	-
journalfranklini66fran	https://archive.org/download/journalfranklini66fran/journalfranklini66fran_djvu.txt	?	-
journalfranklini67fran	https://archive.org/download/journalfranklini67fran/journalfranklini67fran_djvu.txt	?	-
journalfranklini68fran	https://archive.org/download/journalfranklini68fran/journalfranklini68fran_djvu.txt	?	-
journalfranklini69fran	https://archive.org/download/journalfranklini69fran/journalfranklini69fran_djvu.txt	?	-
journalfranklini70fran	https://archive.org/download/journalfranklini70fran/journalfranklini70fran_djvu.txt	?	-
journalfranklini71fran	https://archive.org/download/journalfranklini71fran/journalfranklini71fran_djvu.txt	?	-
journalfranklini72fran	https://archive.org/download/journalfranklini72fran/journalfranklini72fran_djvu.txt	?	-
journalfranklini73fran	https://archive.org/download/journalfranklini73fran/journalfranklini73fran_djvu.txt	?	-
journalfranklini74fran	https://archive.org/download/journalfranklini74fran/journalfranklini74fran_djvu.txt	?	-
journalfranklini75fran	https://archive.org/download/journalfranklini75fran/journalfranklini75fran_djvu.txt	?	-
journalfranklini76fran	https://archive.org/download/journalfranklini76fran/journalfranklini76fran_djvu.txt	?	-
journalfranklini77fran	https://archive.org/download/journalfranklini77fran/journalfranklini77fran_djvu.txt	?	-
journalfranklini78fran	https://archive.org/download/journalfranklini78fran/journalfranklini78fran_djvu.txt	?	-
journalfranklini79fran	https://archive.org/download/journalfranklini79fran/journalfranklini79fran_djvu.txt	?	-
journalfranklini80fran	https://archive.org/download/journalfranklini80fran/journalfranklini80fran_djvu.txt	?	-
journalfranklini81fran	https://archive.org/download/journalfranklini81fran/journalfranklini81fran_djvu.txt	?	-
journalfranklini82fran	https://archive.org/download/journalfranklini82fran/journalfranklini82fran_djvu.txt	?	-
journalfranklini83fran	https://archive.org/download/journalfranklini83fran/journalfranklini83fran_djvu.txt	?	-
journalfranklini85fran	https://archive.org/download/journalfranklini85fran/journalfranklini85fran_djvu.txt	?	-
journalfranklini86fran	https://archive.org/download/journalfranklini86fran/journalfranklini86fran_djvu.txt	?	-
journalfranklini87fran	https://archive.org/download/journalfranklini87fran/journalfranklini87fran_djvu.txt	?	-
journalfranklini89fran	https://archive.org/download/journalfranklini89fran/journalfranklini89fran_djvu.txt	?	-
journalfranklini91fran	https://archive.org/download/journalfranklini91fran/journalfranklini91fran_djvu.txt	?	-
journalfranklini92fran	https://archive.org/download/journalfranklini92fran/journalfranklini92fran_djvu.txt	?	-
journalfranklini93fran	https://archive.org/download/journalfranklini93fran/journalfranklini93fran_djvu.txt	?	-
journalfranklini95fran	https://archive.org/download/journalfranklini95fran/journalfranklini95fran_djvu.txt	?	-
journalfranklini96fran	https://archive.org/download/journalfranklini96fran/journalfranklini96fran_djvu.txt	?	-
journalfranklini97fran	https://archive.org/download/journalfranklini97fran/journalfranklini97fran_djvu.txt	?	-
journalfranklini98fran	https://archive.org/download/journalfranklini98fran/journalfranklini98fran_djvu.txt	?	-
journalfranklini99fran	https://archive.org/download/journalfranklini99fran/journalfranklini99fran_djvu.txt	?	-
sim_journal-of-the-franklin-institute_1924-01_197_1	https://archive.org/download/sim_journal-of-the-franklin-institute_1924-01_197_1/sim_journal-of-the-franklin-institute_1924-01_197_1_djvu.txt	?	-
sim_journal-of-the-franklin-institute_1924-02_197_2	https://archive.org/download/sim_journal-of-the-franklin-institute_1924-02_197_2/sim_journal-of-the-franklin-institute_1924-02_197_2_djvu.txt	?	-
sim_journal-of-the-franklin-institute_1924-03_197_3	https://archive.org/download/sim_journal-of-the-franklin-institute_1924-03_197_3/sim_journal-of-the-franklin-institute_1924-03_197_3_djvu.txt	?	-
sim_journal-of-the-franklin-institute_1924-04_197_4	https://archive.org/download/sim_journal-of-the-franklin-institute_1924-04_197_4/sim_journal-of-the-franklin-institute_1924-04_197_4_djvu.txt	?	-
sim_journal-of-the-franklin-institute_1924-05_197_5	https://archive.org/download/sim_journal-of-the-franklin-institute_1924-05_197_5/sim_journal-of-the-franklin-institute_1924-05_197_5_djvu.txt	?	-
sim_journal-of-the-franklin-institute_1924-06_197_6	https://archive.org/download/sim_journal-of-the-franklin-institute_1924-06_197_6/sim_journal-of-the-franklin-institute_1924-06_197_6_djvu.txt	?	-
sim_journal-of-the-franklin-institute_1924-07_198_1	https://archive.org/download/sim_journal-of-the-franklin-institute_1924-07_198_1/sim_journal-of-the-franklin-institute_1924-07_198_1_djvu.txt	?	-
sim_journal-of-the-franklin-institute_1924-08_198_2	https://archive.org/download/sim_journal-of-the-franklin-institute_1924-08_198_2/sim_journal-of-the-franklin-institute_1924-08_198_2_djvu.txt	?	-
sim_journal-of-the-franklin-institute_1924-09_198_3	https://archive.org/download/sim_journal-of-the-franklin-institute_1924-09_198_3/sim_journal-of-the-franklin-institute_1924-09_198_3_djvu.txt	?	-
sim_journal-of-the-franklin-institute_1924-10_198_4	https://archive.org/download/sim_journal-of-the-franklin-institute_1924-10_198_4/sim_journal-of-the-franklin-institute_1924-10_198_4_djvu.txt	?	-
sim_journal-of-the-franklin-institute_1924-11_198_5	https://archive.org/download/sim_journal-of-the-franklin-institute_1924-11_198_5/sim_journal-of-the-franklin-institute_1924-11_198_5_djvu.txt	?	-
sim_journal-of-the-franklin-institute_1924-12_198_6	https://archive.org/download/sim_journal-of-the-franklin-institute_1924-12_198_6/sim_journal-of-the-franklin-institute_1924-12_198_6_djvu.txt	?	-
sim_journal-of-the-franklin-institute_1925-01_199_1	https://archive.org/download/sim_journal-of-the-franklin-institute_1925-01_199_1/sim_journal-of-the-franklin-institute_1925-01_199_1_djvu.txt	?	-
sim_journal-of-the-franklin-institute_1925-02_199_2	https://archive.org/download/sim_journal-of-the-franklin-institute_1925-02_199_2/sim_journal-of-the-franklin-institute_1925-02_199_2_djvu.txt	?	-
sim_journal-of-the-franklin-institute_1925-03_199_3	https://archive.org/download/sim_journal-of-the-franklin-institute_1925-03_199_3/sim_journal-of-the-franklin-institute_1925-03_199_3_djvu.txt	?	-
sim_journal-of-the-franklin-institute_1925-04_199_4	https://archive.org/download/sim_journal-of-the-franklin-institute_1925-04_199_4/sim_journal-of-the-franklin-institute_1925-04_199_4_djvu.txt	?	-
sim_journal-of-the-franklin-institute_1925-05_199_5	https://archive.org/download/sim_journal-of-the-franklin-institute_1925-05_199_5/sim_journal-of-the-franklin-institute_1925-05_199_5_djvu.txt	?	-
sim_journal-of-the-franklin-institute_1925-06_199_6	https://archive.org/download/sim_journal-of-the-franklin-institute_1925-06_199_6/sim_journal-of-the-franklin-institute_1925-06_199_6_djvu.txt	?	-
sim_journal-of-the-franklin-institute_1925-07_200_1	https://archive.org/download/sim_journal-of-the-franklin-institute_1925-07_200_1/sim_journal-of-the-franklin-institute_1925-07_200_1_djvu.txt	?	-
sim_journal-of-the-franklin-institute_1925-08_200_2	https://archive.org/download/sim_journal-of-the-franklin-institute_1925-08_200_2/sim_journal-of-the-franklin-institute_1925-08_200_2_djvu.txt	?	-
sim_journal-of-the-franklin-institute_1925-09_200_3	https://archive.org/download/sim_journal-of-the-franklin-institute_1925-09_200_3/sim_journal-of-the-franklin-institute_1925-09_200_3_djvu.txt	?	-
sim_journal-of-the-franklin-institute_1925-10_200_4	https://archive.org/download/sim_journal-of-the-franklin-institute_1925-10_200_4/sim_journal-of-the-franklin-institute_1925-10_200_4_djvu.txt	?	-
sim_journal-of-the-franklin-institute_1925-11_200_5	https://archive.org/download/sim_journal-of-the-franklin-institute_1925-11_200_5/sim_journal-of-the-franklin-institute_1925-11_200_5_djvu.txt	?	-
sim_journal-of-the-franklin-institute_1925-12_200_6	https://archive.org/download/sim_journal-of-the-franklin-institute_1925-12_200_6/sim_journal-of-the-franklin-institute_1925-12_200_6_djvu.txt	?	-
sim_journal-of-the-franklin-institute_1926-01_201_1	https://archive.org/download/sim_journal-of-the-franklin-institute_1926-01_201_1/sim_journal-of-the-franklin-institute_1926-01_201_1_djvu.txt	?	-
sim_journal-of-the-franklin-institute_1926-02_201_2	https://archive.org/download/sim_journal-of-the-franklin-institute_1926-02_201_2/sim_journal-of-the-franklin-institute_1926-02_201_2_djvu.txt	?	-
sim_journal-of-the-franklin-institute_1926-03_201_3	https://archive.org/download/sim_journal-of-the-franklin-institute_1926-03_201_3/sim_journal-of-the-franklin-institute_1926-03_201_3_djvu.txt	?	-
sim_journal-of-the-franklin-institute_1926-04_201_4	https://archive.org/download/sim_journal-of-the-franklin-institute_1926-04_201_4/sim_journal-of-the-franklin-institute_1926-04_201_4_djvu.txt	?	-
sim_journal-of-the-franklin-institute_1926-05_201_5	https://archive.org/download/sim_journal-of-the-franklin-institute_1926-05_201_5/sim_journal-of-the-franklin-institute_1926-05_201_5_djvu.txt	?	-
sim_journal-of-the-franklin-institute_1926-06_201_6	https://archive.org/download/sim_journal-of-the-franklin-institute_1926-06_201_6/sim_journal-of-the-franklin-institute_1926-06_201_6_djvu.txt	?	-
sim_journal-of-the-franklin-institute_1926-07_202_1	https://archive.org/download/sim_journal-of-the-franklin-institute_1926-07_202_1/sim_journal-of-the-franklin-institute_1926-07_202_1_djvu.txt	?	-
sim_journal-of-the-franklin-institute_1926-08_202_2	https://archive.org/download/sim_journal-of-the-franklin-institute_1926-08_202_2/sim_journal-of-the-franklin-institute_1926-08_202_2_djvu.txt	?	-
sim_journal-of-the-franklin-institute_1926-09_202_3	https://archive.org/download/sim_journal-of-the-franklin-institute_1926-09_202_3/sim_journal-of-the-franklin-institute_1926-09_202_3_djvu.txt	?	-
sim_journal-of-the-franklin-institute_1926-10_202_4	https://archive.org/download/sim_journal-of-the-franklin-institute_1926-10_202_4/sim_journal-of-the-franklin-institute_1926-10_202_4_djvu.txt	?	-
sim_journal-of-the-franklin-institute_1926-11_202_5	https://archive.org/download/sim_journal-of-the-franklin-institute_1926-11_202_5/sim_journal-of-the-franklin-institute_1926-11_202_5_djvu.txt	?	-
sim_journal-of-the-franklin-institute_1926-12_202_6	https://archive.org/download/sim_journal-of-the-franklin-institute_1926-12_202_6/sim_journal-of-the-franklin-institute_1926-12_202_6_djvu.txt	?	-
sim_journal-of-the-franklin-institute_1927-01_203_1	https://archive.org/download/sim_journal-of-the-franklin-institute_1927-01_203_1/sim_journal-of-the-franklin-institute_1927-01_203_1_djvu.txt	?	-
sim_journal-of-the-franklin-institute_1927-02_203_2	https://archive.org/download/sim_journal-of-the-franklin-institute_1927-02_203_2/sim_journal-of-the-franklin-institute_1927-02_203_2_djvu.txt	?	-
sim_journal-of-the-franklin-institute_1927-03_203_3	https://archive.org/download/sim_journal-of-the-franklin-institute_1927-03_203_3/sim_journal-of-the-franklin-institute_1927-03_203_3_djvu.txt	?	-
sim_journal-of-the-franklin-institute_1927-04_203_4	https://archive.org/download/sim_journal-of-the-franklin-institute_1927-04_203_4/sim_journal-of-the-franklin-institute_1927-04_203_4_djvu.txt	?	-
sim_journal-of-the-franklin-institute_1927-05_203_5	https://archive.org/download/sim_journal-of-the-franklin-institute_1927-05_203_5/sim_journal-of-the-franklin-institute_1927-05_203_5_djvu.txt	?	-
sim_journal-of-the-franklin-institute_1927-06_203_6	https://archive.org/download/sim_journal-of-the-franklin-institute_1927-06_203_6/sim_journal-of-the-franklin-institute_1927-06_203_6_djvu.txt	?	-
sim_journal-of-the-franklin-institute_1927-07_204_1	https://archive.org/download/sim_journal-of-the-franklin-institute_1927-07_204_1/sim_journal-of-the-franklin-institute_1927-07_204_1_djvu.txt	?	-
sim_journal-of-the-franklin-institute_1927-08_204_2	https://archive.org/download/sim_journal-of-the-franklin-institute_1927-08_204_2/sim_journal-of-the-franklin-institute_1927-08_204_2_djvu.txt	?	-
sim_journal-of-the-franklin-institute_1927-09_204_3	https://archive.org/download/sim_journal-of-the-franklin-institute_1927-09_204_3/sim_journal-of-the-franklin-institute_1927-09_204_3_djvu.txt	?	-
sim_journal-of-the-franklin-institute_1927-10_204_4	https://archive.org/download/sim_journal-of-the-franklin-institute_1927-10_204_4/sim_journal-of-the-franklin-institute_1927-10_204_4_djvu.txt	?	-
sim_journal-of-the-franklin-institute_1927-11_204_5	https://archive.org/download/sim_journal-of-the-franklin-institute_1927-11_204_5/sim_journal-of-the-franklin-institute_1927-11_204_5_djvu.txt	?	-
sim_journal-of-the-franklin-institute_1927-12_204_6	https://archive.org/download/sim_journal-of-the-franklin-institute_1927-12_204_6/sim_journal-of-the-franklin-institute_1927-12_204_6_djvu.txt	?	-
sim_journal-of-the-franklin-institute_1928-01_205_1	https://archive.org/download/sim_journal-of-the-franklin-institute_1928-01_205_1/sim_journal-of-the-franklin-institute_1928-01_205_1_djvu.txt	?	-
sim_journal-of-the-franklin-institute_1928-02_205_2	https://archive.org/download/sim_journal-of-the-franklin-institute_1928-02_205_2/sim_journal-of-the-franklin-institute_1928-02_205_2_djvu.txt	?	-
sim_journal-of-the-franklin-institute_1928-03_205_3	https://archive.org/download/sim_journal-of-the-franklin-institute_1928-03_205_3/sim_journal-of-the-franklin-institute_1928-03_205_3_djvu.txt	?	-
sim_journal-of-the-franklin-institute_1928-04_205_4	https://archive.org/download/sim_journal-of-the-franklin-institute_1928-04_205_4/sim_journal-of-the-franklin-institute_1928-04_205_4_djvu.txt	?	-
sim_journal-of-the-franklin-institute_1928-05_205_5	https://archive.org/download/sim_journal-of-the-franklin-institute_1928-05_205_5/sim_journal-of-the-franklin-institute_1928-05_205_5_djvu.txt	?	-
sim_journal-of-the-franklin-institute_1928-06_205_6	https://archive.org/download/sim_journal-of-the-franklin-institute_1928-06_205_6/sim_journal-of-the-franklin-institute_1928-06_205_6_djvu.txt	?	-
sim_journal-of-the-franklin-institute_1928-07_206_1	https://archive.org/download/sim_journal-of-the-franklin-institute_1928-07_206_1/sim_journal-of-the-franklin-institute_1928-07_206_1_djvu.txt	?	-
sim_journal-of-the-franklin-institute_1928-08_206_2	https://archive.org/download/sim_journal-of-the-franklin-institute_1928-08_206_2/sim_journal-of-the-franklin-institute_1928-08_206_2_djvu.txt	?	-
sim_journal-of-the-franklin-institute_1928-09_206_3	https://archive.org/download/sim_journal-of-the-franklin-institute_1928-09_206_3/sim_journal-of-the-franklin-institute_1928-09_206_3_djvu.txt	?	-
sim_journal-of-the-franklin-institute_1928-10_206_4	https://archive.org/download/sim_journal-of-the-franklin-institute_1928-10_206_4/sim_journal-of-the-franklin-institute_1928-10_206_4_djvu.txt	?	-
sim_journal-of-the-franklin-institute_1928-11_206_5	https://archive.org/download/sim_journal-of-the-franklin-institute_1928-11_206_5/sim_journal-of-the-franklin-institute_1928-11_206_5_djvu.txt	?	-
sim_journal-of-the-franklin-institute_1928-12_206_6	https://archive.org/download/sim_journal-of-the-franklin-institute_1928-12_206_6/sim_journal-of-the-franklin-institute_1928-12_206_6_djvu.txt	?	-
sim_journal-of-the-franklin-institute_1929-01_207_1	https://archive.org/download/sim_journal-of-the-franklin-institute_1929-01_207_1/sim_journal-of-the-franklin-institute_1929-01_207_1_djvu.txt	?	-
sim_journal-of-the-franklin-institute_1929-02_207_2	https://archive.org/download/sim_journal-of-the-franklin-institute_1929-02_207_2/sim_journal-of-the-franklin-institute_1929-02_207_2_djvu.txt	?	-
sim_journal-of-the-franklin-institute_1929-03_207_3	https://archive.org/download/sim_journal-of-the-franklin-institute_1929-03_207_3/sim_journal-of-the-franklin-institute_1929-03_207_3_djvu.txt	?	-
sim_journal-of-the-franklin-institute_1929-04_207_4	https://archive.org/download/sim_journal-of-the-franklin-institute_1929-04_207_4/sim_journal-of-the-franklin-institute_1929-04_207_4_djvu.txt	?	-
sim_journal-of-the-franklin-institute_1929-05_207_5	https://archive.org/download/sim_journal-of-the-franklin-institute_1929-05_207_5/sim_journal-of-the-franklin-institute_1929-05_207_5_djvu.txt	?	-
sim_journal-of-the-franklin-institute_1929-06_207_6	https://archive.org/download/sim_journal-of-the-franklin-institute_1929-06_207_6/sim_journal-of-the-franklin-institute_1929-06_207_6_djvu.txt	?	-
sim_journal-of-the-franklin-institute_1929-07_208_1	https://archive.org/download/sim_journal-of-the-franklin-institute_1929-07_208_1/sim_journal-of-the-franklin-institute_1929-07_208_1_djvu.txt	?	-
sim_journal-of-the-franklin-institute_1929-08_208_2	https://archive.org/download/sim_journal-of-the-franklin-institute_1929-08_208_2/sim_journal-of-the-franklin-institute_1929-08_208_2_djvu.txt	?	-
sim_journal-of-the-franklin-institute_1929-09_208_3	https://archive.org/download/sim_journal-of-the-franklin-institute_1929-09_208_3/sim_journal-of-the-franklin-institute_1929-09_208_3_djvu.txt	?	-
sim_journal-of-the-franklin-institute_1929-10_208_4	https://archive.org/download/sim_journal-of-the-franklin-institute_1929-10_208_4/sim_journal-of-the-franklin-institute_1929-10_208_4_djvu.txt	?	-
sim_journal-of-the-franklin-institute_1929-11_208_5	https://archive.org/download/sim_journal-of-the-franklin-institute_1929-11_208_5/sim_journal-of-the-franklin-institute_1929-11_208_5_djvu.txt	?	-
sim_journal-of-the-franklin-institute_1929-12_208_6	https://archive.org/download/sim_journal-of-the-franklin-institute_1929-12_208_6/sim_journal-of-the-franklin-institute_1929-12_208_6_djvu.txt	?	-
sim_journal-of-the-franklin-institute_1930-01_209_1	https://archive.org/download/sim_journal-of-the-franklin-institute_1930-01_209_1/sim_journal-of-the-franklin-institute_1930-01_209_1_djvu.txt	?	-
sim_journal-of-the-franklin-institute_1930-02_209_2	https://archive.org/download/sim_journal-of-the-franklin-institute_1930-02_209_2/sim_journal-of-the-franklin-institute_1930-02_209_2_djvu.txt	?	-
sim_journal-of-the-franklin-institute_1930-03_209_3	https://archive.org/download/sim_journal-of-the-franklin-institute_1930-03_209_3/sim_journal-of-the-franklin-institute_1930-03_209_3_djvu.txt	?	-
sim_journal-of-the-franklin-institute_1930-04_209_4	https://archive.org/download/sim_journal-of-the-franklin-institute_1930-04_209_4/sim_journal-of-the-franklin-institute_1930-04_209_4_djvu.txt	?	-
sim_journal-of-the-franklin-institute_1930-05_209_5	https://archive.org/download/sim_journal-of-the-franklin-institute_1930-05_209_5/sim_journal-of-the-franklin-institute_1930-05_209_5_djvu.txt	?	-
sim_journal-of-the-franklin-institute_1930-06_209_6	https://archive.org/download/sim_journal-of-the-franklin-institute_1930-06_209_6/sim_journal-of-the-franklin-institute_1930-06_209_6_djvu.txt	?	-
sim_journal-of-the-franklin-institute_1930-07_210_1	https://archive.org/download/sim_journal-of-the-franklin-institute_1930-07_210_1/sim_journal-of-the-franklin-institute_1930-07_210_1_djvu.txt	?	-
sim_journal-of-the-franklin-institute_1930-08_210_2	https://archive.org/download/sim_journal-of-the-franklin-institute_1930-08_210_2/sim_journal-of-the-franklin-institute_1930-08_210_2_djvu.txt	?	-
sim_journal-of-the-franklin-institute_1930-09_210_3	https://archive.org/download/sim_journal-of-the-franklin-institute_1930-09_210_3/sim_journal-of-the-franklin-institute_1930-09_210_3_djvu.txt	?	-
sim_journal-of-the-franklin-institute_1930-10_210_4	https://archive.org/download/sim_journal-of-the-franklin-institute_1930-10_210_4/sim_journal-of-the-franklin-institute_1930-10_210_4_djvu.txt	?	-
sim_journal-of-the-franklin-institute_1930-11_210_5	https://archive.org/download/sim_journal-of-the-franklin-institute_1930-11_210_5/sim_journal-of-the-franklin-institute_1930-11_210_5_djvu.txt	?	-
sim_journal-of-the-franklin-institute_1930-12_210_6	https://archive.org/download/sim_journal-of-the-franklin-institute_1930-12_210_6/sim_journal-of-the-franklin-institute_1930-12_210_6_djvu.txt	?	-
