# math_annalen_ia: archive.org djvu.txt, query 'identifier:sim_mathematische-annalen_*', window 1869-01-01..1938-12-31; built 2026-10-06 by src.data.ia_catalog
key	url	bytes	checksum
sim_mathematische-annalen_1869-1876_1-10_cumulative-contents	https://archive.org/download/sim_mathematische-annalen_1869-1876_1-10_cumulative-contents/sim_mathematische-annalen_1869-1876_1-10_cumulative-contents_djvu.txt	?	-
sim_mathematische-annalen_1869-1898_1-50_cumulative-index	https://archive.org/download/sim_mathematische-annalen_1869-1898_1-50_cumulative-index/sim_mathematische-annalen_1869-1898_1-50_cumulative-index_djvu.txt	?	-
sim_mathematische-annalen_1869_1	https://archive.org/download/sim_mathematische-annalen_1869_1/sim_mathematische-annalen_1869_1_djvu.txt	?	-
sim_mathematische-annalen_1869_1_contents	https://archive.org/download/sim_mathematische-annalen_1869_1_contents/sim_mathematische-annalen_1869_1_contents_djvu.txt	?	-
sim_mathematische-annalen_1870_2	https://archive.org/download/sim_mathematische-annalen_1870_2/sim_mathematische-annalen_1870_2_djvu.txt	?	-
sim_mathematische-annalen_1870_2_contents	https://archive.org/download/sim_mathematische-annalen_1870_2_contents/sim_mathematische-annalen_1870_2_contents_djvu.txt	?	-
sim_mathematische-annalen_1871_3	https://archive.org/download/sim_mathematische-annalen_1871_3/sim_mathematische-annalen_1871_3_djvu.txt	?	-
sim_mathematische-annalen_1871_3_contents	https://archive.org/download/sim_mathematische-annalen_1871_3_contents/sim_mathematische-annalen_1871_3_contents_djvu.txt	?	-
sim_mathematische-annalen_1871_4	https://archive.org/download/sim_mathematische-annalen_1871_4/sim_mathematische-annalen_1871_4_djvu.txt	?	-
sim_mathematische-annalen_1871_4_contents	https://archive.org/download/sim_mathematische-annalen_1871_4_contents/sim_mathematische-annalen_1871_4_contents_djvu.txt	?	-
sim_mathematische-annalen_1872_5	https://archive.org/download/sim_mathematische-annalen_1872_5/sim_mathematische-annalen_1872_5_djvu.txt	?	-
sim_mathematische-annalen_1872_5_contents	https://archive.org/download/sim_mathematische-annalen_1872_5_contents/sim_mathematische-annalen_1872_5_contents_djvu.txt	?	-
sim_mathematische-annalen_1873_6	https://archive.org/download/sim_mathematische-annalen_1873_6/sim_mathematische-annalen_1873_6_djvu.txt	?	-
sim_mathematische-annalen_1873_6_contents	https://archive.org/download/sim_mathematische-annalen_1873_6_contents/sim_mathematische-annalen_1873_6_contents_djvu.txt	?	-
sim_mathematische-annalen_1874_7	https://archive.org/download/sim_mathematische-annalen_1874_7/sim_mathematische-annalen_1874_7_djvu.txt	?	-
sim_mathematische-annalen_1874_7_contents	https://archive.org/download/sim_mathematische-annalen_1874_7_contents/sim_mathematische-annalen_1874_7_contents_djvu.txt	?	-
sim_mathematische-annalen_1875_8	https://archive.org/download/sim_mathematische-annalen_1875_8/sim_mathematische-annalen_1875_8_djvu.txt	?	-
sim_mathematische-annalen_1875_8_contents	https://archive.org/download/sim_mathematische-annalen_1875_8_contents/sim_mathematische-annalen_1875_8_contents_djvu.txt	?	-
sim_mathematische-annalen_1875_9	https://archive.org/download/sim_mathematische-annalen_1875_9/sim_mathematische-annalen_1875_9_djvu.txt	?	-
sim_mathematische-annalen_1875_9_contents	https://archive.org/download/sim_mathematische-annalen_1875_9_contents/sim_mathematische-annalen_1875_9_contents_djvu.txt	?	-
sim_mathematische-annalen_1876_10	https://archive.org/download/sim_mathematische-annalen_1876_10/sim_mathematische-annalen_1876_10_djvu.txt	?	-
sim_mathematische-annalen_1876_10_contents	https://archive.org/download/sim_mathematische-annalen_1876_10_contents/sim_mathematische-annalen_1876_10_contents_djvu.txt	?	-
sim_mathematische-annalen_1877-1882_11-20_cumulative-contents	https://archive.org/download/sim_mathematische-annalen_1877-1882_11-20_cumulative-contents/sim_mathematische-annalen_1877-1882_11-20_cumulative-contents_djvu.txt	?	-
sim_mathematische-annalen_1877_11	https://archive.org/download/sim_mathematische-annalen_1877_11/sim_mathematische-annalen_1877_11_djvu.txt	?	-
sim_mathematische-annalen_1877_11_contents	https://archive.org/download/sim_mathematische-annalen_1877_11_contents/sim_mathematische-annalen_1877_11_contents_djvu.txt	?	-
sim_mathematische-annalen_1877_12	https://archive.org/download/sim_mathematische-annalen_1877_12/sim_mathematische-annalen_1877_12_djvu.txt	?	-
sim_mathematische-annalen_1877_12_contents	https://archive.org/download/sim_mathematische-annalen_1877_12_contents/sim_mathematische-annalen_1877_12_contents_djvu.txt	?	-
sim_mathematische-annalen_1878_13	https://archive.org/download/sim_mathematische-annalen_1878_13/sim_mathematische-annalen_1878_13_djvu.txt	?	-
sim_mathematische-annalen_1878_13_contents	https://archive.org/download/sim_mathematische-annalen_1878_13_contents/sim_mathematische-annalen_1878_13_contents_djvu.txt	?	-
sim_mathematische-annalen_1879_14	https://archive.org/download/sim_mathematische-annalen_1879_14/sim_mathematische-annalen_1879_14_djvu.txt	?	-
sim_mathematische-annalen_1879_14_contents	https://archive.org/download/sim_mathematische-annalen_1879_14_contents/sim_mathematische-annalen_1879_14_contents_djvu.txt	?	-
sim_mathematische-annalen_1879_15	https://archive.org/download/sim_mathematische-annalen_1879_15/sim_mathematische-annalen_1879_15_djvu.txt	?	-
sim_mathematische-annalen_1879_15_contents	https://archive.org/download/sim_mathematische-annalen_1879_15_contents/sim_mathematische-annalen_1879_15_contents_djvu.txt	?	-
sim_mathematische-annalen_1880_16	https://archive.org/download/sim_mathematische-annalen_1880_16/sim_mathematische-annalen_1880_16_djvu.txt	?	-
sim_mathematische-annalen_1880_16_contents	https://archive.org/download/sim_mathematische-annalen_1880_16_contents/sim_mathematische-annalen_1880_16_contents_djvu.txt	?	-
sim_mathematische-annalen_1880_17	https://archive.org/download/sim_mathematische-annalen_1880_17/sim_mathematische-annalen_1880_17_djvu.txt	?	-
sim_mathematische-annalen_1880_17_contents	https://archive.org/download/sim_mathematische-annalen_1880_17_contents/sim_mathematische-annalen_1880_17_contents_djvu.txt	?	-
sim_mathematische-annalen_1881_18	https://archive.org/download/sim_mathematische-annalen_1881_18/sim_mathematische-annalen_1881_18_djvu.txt	?	-
sim_mathematische-annalen_1881_18_contents	https://archive.org/download/sim_mathematische-annalen_1881_18_contents/sim_mathematische-annalen_1881_18_contents_djvu.txt	?	-
sim_mathematische-annalen_1882_19	https://archive.org/download/sim_mathematische-annalen_1882_19/sim_mathematische-annalen_1882_19_djvu.txt	?	-
sim_mathematische-annalen_1882_19_contents	https://archive.org/download/sim_mathematische-annalen_1882_19_contents/sim_mathematische-annalen_1882_19_contents_djvu.txt	?	-
sim_mathematische-annalen_1882_20	https://archive.org/download/sim_mathematische-annalen_1882_20/sim_mathematische-annalen_1882_20_djvu.txt	?	-
sim_mathematische-annalen_1882_20_contents	https://archive.org/download/sim_mathematische-annalen_1882_20_contents/sim_mathematische-annalen_1882_20_contents_djvu.txt	?	-
sim_mathematische-annalen_1883-1887_21-30_cumulative-contents	https://archive.org/download/sim_mathematische-annalen_1883-1887_21-30_cumulative-contents/sim_mathematische-annalen_1883-1887_21-30_cumulative-contents_djvu.txt	?	-
sim_mathematische-annalen_1883_21	https://archive.org/download/sim_mathematische-annalen_1883_21/sim_mathematische-annalen_1883_21_djvu.txt	?	-
sim_mathematische-annalen_1883_21_contents	https://archive.org/download/sim_mathematische-annalen_1883_21_contents/sim_mathematische-annalen_1883_21_contents_djvu.txt	?	-
sim_mathematische-annalen_1883_22	https://archive.org/download/sim_mathematische-annalen_1883_22/sim_mathematische-annalen_1883_22_djvu.txt	?	-
sim_mathematische-annalen_1883_22_contents	https://archive.org/download/sim_mathematische-annalen_1883_22_contents/sim_mathematische-annalen_1883_22_contents_djvu.txt	?	-
sim_mathematische-annalen_1884_23	https://archive.org/download/sim_mathematische-annalen_1884_23/sim_mathematische-annalen_1884_23_djvu.txt	?	-
sim_mathematische-annalen_1884_23_contents	https://archive.org/download/sim_mathematische-annalen_1884_23_contents/sim_mathematische-annalen_1884_23_contents_djvu.txt	?	-
sim_mathematische-annalen_1884_24	https://archive.org/download/sim_mathematische-annalen_1884_24/sim_mathematische-annalen_1884_24_djvu.txt	?	-
sim_mathematische-annalen_1884_24_contents	https://archive.org/download/sim_mathematische-annalen_1884_24_contents/sim_mathematische-annalen_1884_24_contents_djvu.txt	?	-
sim_mathematische-annalen_1885_25	https://archive.org/download/sim_mathematische-annalen_1885_25/sim_mathematische-annalen_1885_25_djvu.txt	?	-
sim_mathematische-annalen_1885_25_contents	https://archive.org/download/sim_mathematische-annalen_1885_25_contents/sim_mathematische-annalen_1885_25_contents_djvu.txt	?	-
sim_mathematische-annalen_1886_26	https://archive.org/download/sim_mathematische-annalen_1886_26/sim_mathematische-annalen_1886_26_djvu.txt	?	-
sim_mathematische-annalen_1886_26_contents	https://archive.org/download/sim_mathematische-annalen_1886_26_contents/sim_mathematische-annalen_1886_26_contents_djvu.txt	?	-
sim_mathematische-annalen_1886_27	https://archive.org/download/sim_mathematische-annalen_1886_27/sim_mathematische-annalen_1886_27_djvu.txt	?	-
sim_mathematische-annalen_1886_27_contents	https://archive.org/download/sim_mathematische-annalen_1886_27_contents/sim_mathematische-annalen_1886_27_contents_djvu.txt	?	-
sim_mathematische-annalen_1887_28	https://archive.org/download/sim_mathematische-annalen_1887_28/sim_mathematische-annalen_1887_28_djvu.txt	?	-
sim_mathematische-annalen_1887_28_contents	https://archive.org/download/sim_mathematische-annalen_1887_28_contents/sim_mathematische-annalen_1887_28_contents_djvu.txt	?	-
sim_mathematische-annalen_1887_29	https://archive.org/download/sim_mathematische-annalen_1887_29/sim_mathematische-annalen_1887_29_djvu.txt	?	-
sim_mathematische-annalen_1887_29_contents	https://archive.org/download/sim_mathematische-annalen_1887_29_contents/sim_mathematische-annalen_1887_29_contents_djvu.txt	?	-
sim_mathematische-annalen_1887_30	https://archive.org/download/sim_mathematische-annalen_1887_30/sim_mathematische-annalen_1887_30_djvu.txt	?	-
sim_mathematische-annalen_1887_30_contents	https://archive.org/download/sim_mathematische-annalen_1887_30_contents/sim_mathematische-annalen_1887_30_contents_djvu.txt	?	-
sim_mathematische-annalen_1888-1892_31-40_cumulative-contents	https://archive.org/download/sim_mathematische-annalen_1888-1892_31-40_cumulative-contents/sim_mathematische-annalen_1888-1892_31-40_cumulative-contents_djvu.txt	?	-
sim_mathematische-annalen_1888_31	https://archive.org/download/sim_mathematische-annalen_1888_31/sim_mathematische-annalen_1888_31_djvu.txt	?	-
sim_mathematische-annalen_1888_31_contents	https://archive.org/download/sim_mathematische-annalen_1888_31_contents/sim_mathematische-annalen_1888_31_contents_djvu.txt	?	-
sim_mathematische-annalen_1888_32	https://archive.org/download/sim_mathematische-annalen_1888_32/sim_mathematische-annalen_1888_32_djvu.txt	?	-
sim_mathematische-annalen_1888_32_contents	https://archive.org/download/sim_mathematische-annalen_1888_32_contents/sim_mathematische-annalen_1888_32_contents_djvu.txt	?	-
sim_mathematische-annalen_1889_33	https://archive.org/download/sim_mathematische-annalen_1889_33/sim_mathematische-annalen_1889_33_djvu.txt	?	-
sim_mathematische-annalen_1889_33_contents	https://archive.org/download/sim_mathematische-annalen_1889_33_contents/sim_mathematische-annalen_1889_33_contents_djvu.txt	?	-
sim_mathematische-annalen_1889_34	https://archive.org/download/sim_mathematische-annalen_1889_34/sim_mathematische-annalen_1889_34_djvu.txt	?	-
sim_mathematische-annalen_1889_34_contents	https://archive.org/download/sim_mathematische-annalen_1889_34_contents/sim_mathematische-annalen_1889_34_contents_djvu.txt	?	-
sim_mathematische-annalen_1890_35	https://archive.org/download/sim_mathematische-annalen_1890_35/sim_mathematische-annalen_1890_35_djvu.txt	?	-
sim_mathematische-annalen_1890_35_contents	https://archive.org/download/sim_mathematische-annalen_1890_35_contents/sim_mathematische-annalen_1890_35_contents_djvu.txt	?	-
sim_mathematische-annalen_1890_36	https://archive.org/download/sim_mathematische-annalen_1890_36/sim_mathematische-annalen_1890_36_djvu.txt	?	-
sim_mathematische-annalen_1890_36_contents	https://archive.org/download/sim_mathematische-annalen_1890_36_contents/sim_mathematische-annalen_1890_36_contents_djvu.txt	?	-
sim_mathematische-annalen_1890_37	https://archive.org/download/sim_mathematische-annalen_1890_37/sim_mathematische-annalen_1890_37_djvu.txt	?	-
sim_mathematische-annalen_1890_37_contents	https://archive.org/download/sim_mathematische-annalen_1890_37_contents/sim_mathematische-annalen_1890_37_contents_djvu.txt	?	-
sim_mathematische-annalen_1891_38	https://archive.org/download/sim_mathematische-annalen_1891_38/sim_mathematische-annalen_1891_38_djvu.txt	?	-
sim_mathematische-annalen_1891_38_contents	https://archive.org/download/sim_mathematische-annalen_1891_38_contents/sim_mathematische-annalen_1891_38_contents_djvu.txt	?	-
sim_mathematische-annalen_1891_39	https://archive.org/download/sim_mathematische-annalen_1891_39/sim_mathematische-annalen_1891_39_djvu.txt	?	-
sim_mathematische-annalen_1891_39_contents	https://archive.org/download/sim_mathematische-annalen_1891_39_contents/sim_mathematische-annalen_1891_39_contents_djvu.txt	?	-
sim_mathematische-annalen_1892_40	https://archive.org/download/sim_mathematische-annalen_1892_40/sim_mathematische-annalen_1892_40_djvu.txt	?	-
sim_mathematische-annalen_1892_40_contents	https://archive.org/download/sim_mathematische-annalen_1892_40_contents/sim_mathematische-annalen_1892_40_contents_djvu.txt	?	-
sim_mathematische-annalen_1893-1898_41-50_cumulative-contents	https://archive.org/download/sim_mathematische-annalen_1893-1898_41-50_cumulative-contents/sim_mathematische-annalen_1893-1898_41-50_cumulative-contents_djvu.txt	?	-
sim_mathematische-annalen_1893_41	https://archive.org/download/sim_mathematische-annalen_1893_41/sim_mathematische-annalen_1893_41_djvu.txt	?	-
sim_mathematische-annalen_1893_41_contents	https://archive.org/download/sim_mathematische-annalen_1893_41_contents/sim_mathematische-annalen_1893_41_contents_djvu.txt	?	-
sim_mathematische-annalen_1893_42	https://archive.org/download/sim_mathematische-annalen_1893_42/sim_mathematische-annalen_1893_42_djvu.txt	?	-
sim_mathematische-annalen_1893_42_contents	https://archive.org/download/sim_mathematische-annalen_1893_42_contents/sim_mathematische-annalen_1893_42_contents_djvu.txt	?	-
sim_mathematische-annalen_1893_43	https://archive.org/download/sim_mathematische-annalen_1893_43/sim_mathematische-annalen_1893_43_djvu.txt	?	-
sim_mathematische-annalen_1893_43_contents	https://archive.org/download/sim_mathematische-annalen_1893_43_contents/sim_mathematische-annalen_1893_43_contents_djvu.txt	?	-
sim_mathematische-annalen_1894_44	https://archive.org/download/sim_mathematische-annalen_1894_44/sim_mathematische-annalen_1894_44_djvu.txt	?	-
sim_mathematische-annalen_1894_44_contents	https://archive.org/download/sim_mathematische-annalen_1894_44_contents/sim_mathematische-annalen_1894_44_contents_djvu.txt	?	-
sim_mathematische-annalen_1894_45	https://archive.org/download/sim_mathematische-annalen_1894_45/sim_mathematische-annalen_1894_45_djvu.txt	?	-
sim_mathematische-annalen_1894_45_contents	https://archive.org/download/sim_mathematische-annalen_1894_45_contents/sim_mathematische-annalen_1894_45_contents_djvu.txt	?	-
sim_mathematische-annalen_1895_46	https://archive.org/download/sim_mathematische-annalen_1895_46/sim_mathematische-annalen_1895_46_djvu.txt	?	-
sim_mathematische-annalen_1895_46_contents	https://archive.org/download/sim_mathematische-annalen_1895_46_contents/sim_mathematische-annalen_1895_46_contents_djvu.txt	?	-
sim_mathematische-annalen_1896_47	https://archive.org/download/sim_mathematische-annalen_1896_47/sim_mathematische-annalen_1896_47_djvu.txt	?	-
sim_mathematische-annalen_1896_47_contents	https://archive.org/download/sim_mathematische-annalen_1896_47_contents/sim_mathematische-annalen_1896_47_contents_djvu.txt	?	-
sim_mathematische-annalen_1897_48	https://archive.org/download/sim_mathematische-annalen_1897_48/sim_mathematische-annalen_1897_48_djvu.txt	?	-
sim_mathematische-annalen_1897_48_contents	https://archive.org/download/sim_mathematische-annalen_1897_48_contents/sim_mathematische-annalen_1897_48_contents_djvu.txt	?	-
sim_mathematische-annalen_1897_49	https://archive.org/download/sim_mathematische-annalen_1897_49/sim_mathematische-annalen_1897_49_djvu.txt	?	-
sim_mathematische-annalen_1897_49_contents	https://archive.org/download/sim_mathematische-annalen_1897_49_contents/sim_mathematische-annalen_1897_49_contents_djvu.txt	?	-
sim_mathematische-annalen_1898_50	https://archive.org/download/sim_mathematische-annalen_1898_50/sim_mathematische-annalen_1898_50_djvu.txt	?	-
sim_mathematische-annalen_1898_50_contents	https://archive.org/download/sim_mathematische-annalen_1898_50_contents/sim_mathematische-annalen_1898_50_contents_djvu.txt	?	-
sim_mathematische-annalen_1899-1905_51-60_cumulative-contents	https://archive.org/download/sim_mathematische-annalen_1899-1905_51-60_cumulative-contents/sim_mathematische-annalen_1899-1905_51-60_cumulative-contents_djvu.txt	?	-
sim_mathematische-annalen_1899-1919_51-80_cumulative-index	https://archive.org/download/sim_mathematische-annalen_1899-1919_51-80_cumulative-index/sim_mathematische-annalen_1899-1919_51-80_cumulative-index_djvu.txt	?	-
sim_mathematische-annalen_1899_51	https://archive.org/download/sim_mathematische-annalen_1899_51/sim_mathematische-annalen_1899_51_djvu.txt	?	-
sim_mathematische-annalen_1899_51_contents	https://archive.org/download/sim_mathematische-annalen_1899_51_contents/sim_mathematische-annalen_1899_51_contents_djvu.txt	?	-
sim_mathematische-annalen_1899_52	https://archive.org/download/sim_mathematische-annalen_1899_52/sim_mathematische-annalen_1899_52_djvu.txt	?	-
sim_mathematische-annalen_1899_52_contents	https://archive.org/download/sim_mathematische-annalen_1899_52_contents/sim_mathematische-annalen_1899_52_contents_djvu.txt	?	-
sim_mathematische-annalen_1900_53	https://archive.org/download/sim_mathematische-annalen_1900_53/sim_mathematische-annalen_1900_53_djvu.txt	?	-
sim_mathematische-annalen_1900_53_contents	https://archive.org/download/sim_mathematische-annalen_1900_53_contents/sim_mathematische-annalen_1900_53_contents_djvu.txt	?	-
sim_mathematische-annalen_1901_54	https://archive.org/download/sim_mathematische-annalen_1901_54/sim_mathematische-annalen_1901_54_djvu.txt	?	-
sim_mathematische-annalen_1901_54_contents	https://archive.org/download/sim_mathematische-annalen_1901_54_contents/sim_mathematische-annalen_1901_54_contents_djvu.txt	?	-
sim_mathematische-annalen_1902_55	https://archive.org/download/sim_mathematische-annalen_1902_55/sim_mathematische-annalen_1902_55_djvu.txt	?	-
sim_mathematische-annalen_1902_55_contents	https://archive.org/download/sim_mathematische-annalen_1902_55_contents/sim_mathematische-annalen_1902_55_contents_djvu.txt	?	-
sim_mathematische-annalen_1903_56	https://archive.org/download/sim_mathematische-annalen_1903_56/sim_mathematische-annalen_1903_56_djvu.txt	?	-
sim_mathematische-annalen_1903_56_contents	https://archive.org/download/sim_mathematische-annalen_1903_56_contents/sim_mathematische-annalen_1903_56_contents_djvu.txt	?	-
sim_mathematische-annalen_1903_57	https://archive.org/download/sim_mathematische-annalen_1903_57/sim_mathematische-annalen_1903_57_djvu.txt	?	-
sim_mathematische-annalen_1903_57_contents	https://archive.org/download/sim_mathematische-annalen_1903_57_contents/sim_mathematische-annalen_1903_57_contents_djvu.txt	?	-
sim_mathematische-annalen_1904_58	https://archive.org/download/sim_mathematische-annalen_1904_58/sim_mathematische-annalen_1904_58_djvu.txt	?	-
sim_mathematische-annalen_1904_58_contents	https://archive.org/download/sim_mathematische-annalen_1904_58_contents/sim_mathematische-annalen_1904_58_contents_djvu.txt	?	-
sim_mathematische-annalen_1904_59	https://archive.org/download/sim_mathematische-annalen_1904_59/sim_mathematische-annalen_1904_59_djvu.txt	?	-
sim_mathematische-annalen_1904_59_contents	https://archive.org/download/sim_mathematische-annalen_1904_59_contents/sim_mathematische-annalen_1904_59_contents_djvu.txt	?	-
sim_mathematische-annalen_1905-1911_61-70_cumulative-contents	https://archive.org/download/sim_mathematische-annalen_1905-1911_61-70_cumulative-contents/sim_mathematische-annalen_1905-1911_61-70_cumulative-contents_djvu.txt	?	-
sim_mathematische-annalen_1905_60	https://archive.org/download/sim_mathematische-annalen_1905_60/sim_mathematische-annalen_1905_60_djvu.txt	?	-
sim_mathematische-annalen_1905_60_contents	https://archive.org/download/sim_mathematische-annalen_1905_60_contents/sim_mathematische-annalen_1905_60_contents_djvu.txt	?	-
sim_mathematische-annalen_1905_61	https://archive.org/download/sim_mathematische-annalen_1905_61/sim_mathematische-annalen_1905_61_djvu.txt	?	-
sim_mathematische-annalen_1905_61_contents	https://archive.org/download/sim_mathematische-annalen_1905_61_contents/sim_mathematische-annalen_1905_61_contents_djvu.txt	?	-
sim_mathematische-annalen_1906_62	https://archive.org/download/sim_mathematische-annalen_1906_62/sim_mathematische-annalen_1906_62_djvu.txt	?	-
sim_mathematische-annalen_1906_62_contents	https://archive.org/download/sim_mathematische-annalen_1906_62_contents/sim_mathematische-annalen_1906_62_contents_djvu.txt	?	-
sim_mathematische-annalen_1907_63	https://archive.org/download/sim_mathematische-annalen_1907_63/sim_mathematische-annalen_1907_63_djvu.txt	?	-
sim_mathematische-annalen_1907_64	https://archive.org/download/sim_mathematische-annalen_1907_64/sim_mathematische-annalen_1907_64_djvu.txt	?	-
sim_mathematische-annalen_1908_65	https://archive.org/download/sim_mathematische-annalen_1908_65/sim_mathematische-annalen_1908_65_djvu.txt	?	-
sim_mathematische-annalen_1909_66	https://archive.org/download/sim_mathematische-annalen_1909_66/sim_mathematische-annalen_1909_66_djvu.txt	?	-
sim_mathematische-annalen_1909_67	https://archive.org/download/sim_mathematische-annalen_1909_67/sim_mathematische-annalen_1909_67_djvu.txt	?	-
sim_mathematische-annalen_1910_68	https://archive.org/download/sim_mathematische-annalen_1910_68/sim_mathematische-annalen_1910_68_djvu.txt	?	-
sim_mathematische-annalen_1910_69	https://archive.org/download/sim_mathematische-annalen_1910_69/sim_mathematische-annalen_1910_69_djvu.txt	?	-
sim_mathematische-annalen_1911_70	https://archive.org/download/sim_mathematische-annalen_1911_70/sim_mathematische-annalen_1911_70_djvu.txt	?	-
sim_mathematische-annalen_1912_71	https://archive.org/download/sim_mathematische-annalen_1912_71/sim_mathematische-annalen_1912_71_djvu.txt	?	-
sim_mathematische-annalen_1912_72	https://archive.org/download/sim_mathematische-annalen_1912_72/sim_mathematische-annalen_1912_72_djvu.txt	?	-
sim_mathematische-annalen_1913_73	https://archive.org/download/sim_mathematische-annalen_1913_73/sim_mathematische-annalen_1913_73_djvu.txt	?	-
sim_mathematische-annalen_1913_74	https://archive.org/download/sim_mathematische-annalen_1913_74/sim_mathematische-annalen_1913_74_djvu.txt	?	-
sim_mathematische-annalen_1914_75	https://archive.org/download/sim_mathematische-annalen_1914_75/sim_mathematische-annalen_1914_75_djvu.txt	?	-
sim_mathematische-annalen_1915-1916_77_contents	https://archive.org/download/sim_mathematische-annalen_1915-1916_77_contents/sim_mathematische-annalen_1915-1916_77_contents_djvu.txt	?	-
sim_mathematische-annalen_1915_76	https://archive.org/download/sim_mathematische-annalen_1915_76/sim_mathematische-annalen_1915_76_djvu.txt	?	-
sim_mathematische-annalen_1915_77_1	https://archive.org/download/sim_mathematische-annalen_1915_77_1/sim_mathematische-annalen_1915_77_1_djvu.txt	?	-
sim_mathematische-annalen_1916_77_2	https://archive.org/download/sim_mathematische-annalen_1916_77_2/sim_mathematische-annalen_1916_77_2_djvu.txt	?	-
sim_mathematische-annalen_1916_77_3	https://archive.org/download/sim_mathematische-annalen_1916_77_3/sim_mathematische-annalen_1916_77_3_djvu.txt	?	-
sim_mathematische-annalen_1916_77_4	https://archive.org/download/sim_mathematische-annalen_1916_77_4/sim_mathematische-annalen_1916_77_4_djvu.txt	?	-
sim_mathematische-annalen_1917_78	https://archive.org/download/sim_mathematische-annalen_1917_78/sim_mathematische-annalen_1917_78_djvu.txt	?	-
sim_mathematische-annalen_1918-1919_79_contents	https://archive.org/download/sim_mathematische-annalen_1918-1919_79_contents/sim_mathematische-annalen_1918-1919_79_contents_djvu.txt	?	-
sim_mathematische-annalen_1918_79_1-2	https://archive.org/download/sim_mathematische-annalen_1918_79_1-2/sim_mathematische-annalen_1918_79_1-2_djvu.txt	?	-
sim_mathematische-annalen_1918_79_3	https://archive.org/download/sim_mathematische-annalen_1918_79_3/sim_mathematische-annalen_1918_79_3_djvu.txt	?	-
sim_mathematische-annalen_1919-1921_80_contents	https://archive.org/download/sim_mathematische-annalen_1919-1921_80_contents/sim_mathematische-annalen_1919-1921_80_contents_djvu.txt	?	-
sim_mathematische-annalen_1919_79_4	https://archive.org/download/sim_mathematische-annalen_1919_79_4/sim_mathematische-annalen_1919_79_4_djvu.txt	?	-
sim_mathematische-annalen_1919_80_1	https://archive.org/download/sim_mathematische-annalen_1919_80_1/sim_mathematische-annalen_1919_80_1_djvu.txt	?	-
sim_mathematische-annalen_1920_81	https://archive.org/download/sim_mathematische-annalen_1920_81/sim_mathematische-annalen_1920_81_djvu.txt	?	-
sim_mathematische-annalen_1921_80_2	https://archive.org/download/sim_mathematische-annalen_1921_80_2/sim_mathematische-annalen_1921_80_2_djvu.txt	?	-
sim_mathematische-annalen_1921_82	https://archive.org/download/sim_mathematische-annalen_1921_82/sim_mathematische-annalen_1921_82_djvu.txt	?	-
sim_mathematische-annalen_1921_83	https://archive.org/download/sim_mathematische-annalen_1921_83/sim_mathematische-annalen_1921_83_djvu.txt	?	-
sim_mathematische-annalen_1921_84	https://archive.org/download/sim_mathematische-annalen_1921_84/sim_mathematische-annalen_1921_84_djvu.txt	?	-
sim_mathematische-annalen_1921_84_contents	https://archive.org/download/sim_mathematische-annalen_1921_84_contents/sim_mathematische-annalen_1921_84_contents_djvu.txt	?	-
sim_mathematische-annalen_1922_85	https://archive.org/download/sim_mathematische-annalen_1922_85/sim_mathematische-annalen_1922_85_djvu.txt	?	-
sim_mathematische-annalen_1922_86	https://archive.org/download/sim_mathematische-annalen_1922_86/sim_mathematische-annalen_1922_86_djvu.txt	?	-
sim_mathematische-annalen_1922_87	https://archive.org/download/sim_mathematische-annalen_1922_87/sim_mathematische-annalen_1922_87_djvu.txt	?	-
sim_mathematische-annalen_1923_88	https://archive.org/download/sim_mathematische-annalen_1923_88/sim_mathematische-annalen_1923_88_djvu.txt	?	-
sim_mathematische-annalen_1923_89	https://archive.org/download/sim_mathematische-annalen_1923_89/sim_mathematische-annalen_1923_89_djvu.txt	?	-
sim_mathematische-annalen_1923_90	https://archive.org/download/sim_mathematische-annalen_1923_90/sim_mathematische-annalen_1923_90_djvu.txt	?	-
sim_mathematische-annalen_1924_91	https://archive.org/download/sim_mathematische-annalen_1924_91/sim_mathematische-annalen_1924_91_djvu.txt	?	-
sim_mathematische-annalen_1924_92	https://archive.org/download/sim_mathematische-annalen_1924_92/sim_mathematische-annalen_1924_92_djvu.txt	?	-
sim_mathematische-annalen_1925_93	https://archive.org/download/sim_mathematische-annalen_1925_93/sim_mathematische-annalen_1925_93_djvu.txt	?	-
sim_mathematische-annalen_1925_94	https://archive.org/download/sim_mathematische-annalen_1925_94/sim_mathematische-annalen_1925_94_djvu.txt	?	-
sim_mathematische-annalen_1926_95	https://archive.org/download/sim_mathematische-annalen_1926_95/sim_mathematische-annalen_1926_95_djvu.txt	?	-
sim_mathematische-annalen_1927_96	https://archive.org/download/sim_mathematische-annalen_1927_96/sim_mathematische-annalen_1927_96_djvu.txt	?	-
sim_mathematische-annalen_1927_97	https://archive.org/download/sim_mathematische-annalen_1927_97/sim_mathematische-annalen_1927_97_djvu.txt	?	-
sim_mathematische-annalen_1928_100	https://archive.org/download/sim_mathematische-annalen_1928_100/sim_mathematische-annalen_1928_100_djvu.txt	?	-
sim_mathematische-annalen_1928_98	https://archive.org/download/sim_mathematische-annalen_1928_98/sim_mathematische-annalen_1928_98_djvu.txt	?	-
sim_mathematische-annalen_1928_99	https://archive.org/download/sim_mathematische-annalen_1928_99/sim_mathematische-annalen_1928_99_djvu.txt	?	-
sim_mathematische-annalen_1929-1980_101-250_cumulative-index	https://archive.org/download/sim_mathematische-annalen_1929-1980_101-250_cumulative-index/sim_mathematische-annalen_1929-1980_101-250_cumulative-index_djvu.txt	?	-
sim_mathematische-annalen_1929_101	https://archive.org/download/sim_mathematische-annalen_1929_101/sim_mathematische-annalen_1929_101_djvu.txt	?	-
sim_mathematische-annalen_1930_102	https://archive.org/download/sim_mathematische-annalen_1930_102/sim_mathematische-annalen_1930_102_djvu.txt	?	-
sim_mathematische-annalen_1930_103	https://archive.org/download/sim_mathematische-annalen_1930_103/sim_mathematische-annalen_1930_103_djvu.txt	?	-
sim_mathematische-annalen_1931_104	https://archive.org/download/sim_mathematische-annalen_1931_104/sim_mathematische-annalen_1931_104_djvu.txt	?	-
sim_mathematische-annalen_1931_105	https://archive.org/download/sim_mathematische-annalen_1931_105/sim_mathematische-annalen_1931_105_djvu.txt	?	-
sim_mathematische-annalen_1932_106	https://archive.org/download/sim_mathematische-annalen_1932_106/sim_mathematische-annalen_1932_106_djvu.txt	?	-
sim_mathematische-annalen_1933_107	https://archive.org/download/sim_mathematische-annalen_1933_107/sim_mathematische-annalen_1933_107_djvu.txt	?	-
sim_mathematische-annalen_1933_108	https://archive.org/download/sim_mathematische-annalen_1933_108/sim_mathematische-annalen_1933_108_djvu.txt	?	-
sim_mathematische-annalen_1934_109	https://archive.org/download/sim_mathematische-annalen_1934_109/sim_mathematische-annalen_1934_109_djvu.txt	?	-
sim_mathematische-annalen_1935_110	https://archive.org/download/sim_mathematische-annalen_1935_110/sim_mathematische-annalen_1935_110_djvu.txt	?	-
sim_mathematische-annalen_1935_111	https://archive.org/download/sim_mathematische-annalen_1935_111/sim_mathematische-annalen_1935_111_djvu.txt	?	-
sim_mathematische-annalen_1936_112	https://archive.org/download/sim_mathematische-annalen_1936_112/sim_mathematische-annalen_1936_112_djvu.txt	?	-
sim_mathematische-annalen_1937_113	https://archive.org/download/sim_mathematische-annalen_1937_113/sim_mathematische-annalen_1937_113_djvu.txt	?	-
sim_mathematische-annalen_1937_114	https://archive.org/download/sim_mathematische-annalen_1937_114/sim_mathematische-annalen_1937_114_djvu.txt	?	-
sim_mathematische-annalen_1938_115	https://archive.org/download/sim_mathematische-annalen_1938_115/sim_mathematische-annalen_1938_115_djvu.txt	?	-
