# meyers6_ia: archive.org djvu.txt, query 'title:(meyers grosses konversations-lexikon) AND date:[1902 TO 1909]', window 1902-01-01..1909-12-31; built 2026-10-06 by src.data.ia_catalog
key	url	bytes	checksum
bub_gb_25kPAAAAYAAJ	https://archive.org/download/bub_gb_25kPAAAAYAAJ/bub_gb_25kPAAAAYAAJ_djvu.txt	?	-
bub_gb_3EEWAAAAYAAJ	https://archive.org/download/bub_gb_3EEWAAAAYAAJ/bub_gb_3EEWAAAAYAAJ_djvu.txt	?	-
bub_gb_6lAoAAAAYAAJ	https://archive.org/download/bub_gb_6lAoAAAAYAAJ/bub_gb_6lAoAAAAYAAJ_djvu.txt	?	-
bub_gb_8pFMAAAAMAAJ	https://archive.org/download/bub_gb_8pFMAAAAMAAJ/bub_gb_8pFMAAAAMAAJ_djvu.txt	?	-
bub_gb_9h0jAQAAIAAJ	https://archive.org/download/bub_gb_9h0jAQAAIAAJ/bub_gb_9h0jAQAAIAAJ_djvu.txt	?	-
bub_gb_a0QoAAAAYAAJ	https://archive.org/download/bub_gb_a0QoAAAAYAAJ/bub_gb_a0QoAAAAYAAJ_djvu.txt	?	-
bub_gb_AU8oAAAAYAAJ	https://archive.org/download/bub_gb_AU8oAAAAYAAJ/bub_gb_AU8oAAAAYAAJ_djvu.txt	?	-
bub_gb_BpwPAAAAYAAJ_2	https://archive.org/download/bub_gb_BpwPAAAAYAAJ_2/bub_gb_BpwPAAAAYAAJ_2_djvu.txt	?	-
bub_gb_CYJMAAAAMAAJ	https://archive.org/download/bub_gb_CYJMAAAAMAAJ/bub_gb_CYJMAAAAMAAJ_djvu.txt	?	-
bub_gb_d1sWAAAAYAAJ	https://archive.org/download/bub_gb_d1sWAAAAYAAJ/bub_gb_d1sWAAAAYAAJ_djvu.txt	?	-
bub_gb_dAgjAQAAIAAJ	https://archive.org/download/bub_gb_dAgjAQAAIAAJ/bub_gb_dAgjAQAAIAAJ_djvu.txt	?	-
bub_gb_DEYoAAAAYAAJ_2	https://archive.org/download/bub_gb_DEYoAAAAYAAJ_2/bub_gb_DEYoAAAAYAAJ_2_djvu.txt	?	-
bub_gb_DQ0D5EOiR-cC	https://archive.org/download/bub_gb_DQ0D5EOiR-cC/bub_gb_DQ0D5EOiR-cC_djvu.txt	?	-
bub_gb_F1AoAAAAYAAJ	https://archive.org/download/bub_gb_F1AoAAAAYAAJ/bub_gb_F1AoAAAAYAAJ_djvu.txt	?	-
bub_gb_FlwWAAAAYAAJ	https://archive.org/download/bub_gb_FlwWAAAAYAAJ/bub_gb_FlwWAAAAYAAJ_djvu.txt	?	-
bub_gb_FqIPAAAAYAAJ	https://archive.org/download/bub_gb_FqIPAAAAYAAJ/bub_gb_FqIPAAAAYAAJ_djvu.txt	?	-
bub_gb_iFwWAAAAYAAJ	https://archive.org/download/bub_gb_iFwWAAAAYAAJ/bub_gb_iFwWAAAAYAAJ_djvu.txt	?	-
bub_gb_Jk4oAAAAYAAJ	https://archive.org/download/bub_gb_Jk4oAAAAYAAJ/bub_gb_Jk4oAAAAYAAJ_djvu.txt	?	-
bub_gb_k4NMAAAAMAAJ	https://archive.org/download/bub_gb_k4NMAAAAMAAJ/bub_gb_k4NMAAAAMAAJ_djvu.txt	?	-
bub_gb_KhQjAQAAIAAJ	https://archive.org/download/bub_gb_KhQjAQAAIAAJ/bub_gb_KhQjAQAAIAAJ_djvu.txt	?	-
bub_gb_lEUoAAAAYAAJ	https://archive.org/download/bub_gb_lEUoAAAAYAAJ/bub_gb_lEUoAAAAYAAJ_djvu.txt	?	-
bub_gb_MEAWAAAAYAAJ	https://archive.org/download/bub_gb_MEAWAAAAYAAJ/bub_gb_MEAWAAAAYAAJ_djvu.txt	?	-
bub_gb_nU4oAAAAYAAJ	https://archive.org/download/bub_gb_nU4oAAAAYAAJ/bub_gb_nU4oAAAAYAAJ_djvu.txt	?	-
bub_gb_nU8oAAAAYAAJ_2	https://archive.org/download/bub_gb_nU8oAAAAYAAJ_2/bub_gb_nU8oAAAAYAAJ_2_djvu.txt	?	-
bub_gb_o4dMAAAAMAAJ	https://archive.org/download/bub_gb_o4dMAAAAMAAJ/bub_gb_o4dMAAAAMAAJ_djvu.txt	?	-
bub_gb_OoNMAAAAMAAJ	https://archive.org/download/bub_gb_OoNMAAAAMAAJ/bub_gb_OoNMAAAAMAAJ_djvu.txt	?	-
bub_gb_oyXXtfCEp2sC	https://archive.org/download/bub_gb_oyXXtfCEp2sC/bub_gb_oyXXtfCEp2sC_djvu.txt	?	-
bub_gb_p1sWAAAAYAAJ	https://archive.org/download/bub_gb_p1sWAAAAYAAJ/bub_gb_p1sWAAAAYAAJ_djvu.txt	?	-
bub_gb_q0IWAAAAYAAJ	https://archive.org/download/bub_gb_q0IWAAAAYAAJ/bub_gb_q0IWAAAAYAAJ_djvu.txt	?	-
bub_gb_qBgjAQAAIAAJ	https://archive.org/download/bub_gb_qBgjAQAAIAAJ/bub_gb_qBgjAQAAIAAJ_djvu.txt	?	-
bub_gb_R5kPAAAAYAAJ	https://archive.org/download/bub_gb_R5kPAAAAYAAJ/bub_gb_R5kPAAAAYAAJ_djvu.txt	?	-
bub_gb_RkEWAAAAYAAJ	https://archive.org/download/bub_gb_RkEWAAAAYAAJ/bub_gb_RkEWAAAAYAAJ_djvu.txt	?	-
bub_gb_txMjAQAAIAAJ	https://archive.org/download/bub_gb_txMjAQAAIAAJ/bub_gb_txMjAQAAIAAJ_djvu.txt	?	-
bub_gb_vM9MAAAAMAAJ	https://archive.org/download/bub_gb_vM9MAAAAMAAJ/bub_gb_vM9MAAAAMAAJ_djvu.txt	?	-
bub_gb_vMYGAAAAYAAJ_2	https://archive.org/download/bub_gb_vMYGAAAAYAAJ_2/bub_gb_vMYGAAAAYAAJ_2_djvu.txt	?	-
bub_gb_wkQoAAAAYAAJ	https://archive.org/download/bub_gb_wkQoAAAAYAAJ/bub_gb_wkQoAAAAYAAJ_djvu.txt	?	-
bub_gb_WQcjAQAAIAAJ	https://archive.org/download/bub_gb_WQcjAQAAIAAJ/bub_gb_WQcjAQAAIAAJ_djvu.txt	?	-
bub_gb_X08oAAAAYAAJ	https://archive.org/download/bub_gb_X08oAAAAYAAJ/bub_gb_X08oAAAAYAAJ_djvu.txt	?	-
bub_gb_xEAWAAAAYAAJ	https://archive.org/download/bub_gb_xEAWAAAAYAAJ/bub_gb_xEAWAAAAYAAJ_djvu.txt	?	-
bub_gb_XnUWAAAAYAAJ	https://archive.org/download/bub_gb_XnUWAAAAYAAJ/bub_gb_XnUWAAAAYAAJ_djvu.txt	?	-
bub_gb_Zj4PAAAAYAAJ	https://archive.org/download/bub_gb_Zj4PAAAAYAAJ/bub_gb_Zj4PAAAAYAAJ_djvu.txt	?	-
bub_gb_ZUIWAAAAYAAJ	https://archive.org/download/bub_gb_ZUIWAAAAYAAJ/bub_gb_ZUIWAAAAYAAJ_djvu.txt	?	-
bub_gb_zYBMAAAAMAAJ	https://archive.org/download/bub_gb_zYBMAAAAMAAJ/bub_gb_zYBMAAAAMAAJ_djvu.txt	?	-
meyersgroeskonve0000herm	https://archive.org/download/meyersgroeskonve0000herm/meyersgroeskonve0000herm_djvu.txt	?	-
meyersgroeskonve0000unse	https://archive.org/download/meyersgroeskonve0000unse/meyersgroeskonve0000unse_djvu.txt	?	-
meyersgroeskonve0000unse_l2e2	https://archive.org/download/meyersgroeskonve0000unse_l2e2/meyersgroeskonve0000unse_l2e2_djvu.txt	?	-
meyersgroeskonve0001vari	https://archive.org/download/meyersgroeskonve0001vari/meyersgroeskonve0001vari_djvu.txt	?	-
meyersgroeskonve0003vari	https://archive.org/download/meyersgroeskonve0003vari/meyersgroeskonve0003vari_djvu.txt	?	-
meyersgroeskonve0004unse	https://archive.org/download/meyersgroeskonve0004unse/meyersgroeskonve0004unse_djvu.txt	?	-
meyersgroeskonve0005vari	https://archive.org/download/meyersgroeskonve0005vari/meyersgroeskonve0005vari_djvu.txt	?	-
meyersgroeskonve0006unse	https://archive.org/download/meyersgroeskonve0006unse/meyersgroeskonve0006unse_djvu.txt	?	-
meyersgroeskonve0007unse	https://archive.org/download/meyersgroeskonve0007unse/meyersgroeskonve0007unse_djvu.txt	?	-
meyersgroeskonve0009unse	https://archive.org/download/meyersgroeskonve0009unse/meyersgroeskonve0009unse_djvu.txt	?	-
meyersgroeskonve0010unse	https://archive.org/download/meyersgroeskonve0010unse/meyersgroeskonve0010unse_djvu.txt	?	-
meyersgroeskonve0011unse	https://archive.org/download/meyersgroeskonve0011unse/meyersgroeskonve0011unse_djvu.txt	?	-
meyersgroeskonve0012jose	https://archive.org/download/meyersgroeskonve0012jose/meyersgroeskonve0012jose_djvu.txt	?	-
meyersgroeskonve0013jose	https://archive.org/download/meyersgroeskonve0013jose/meyersgroeskonve0013jose_djvu.txt	?	-
meyersgroeskonve0014jose	https://archive.org/download/meyersgroeskonve0014jose/meyersgroeskonve0014jose_djvu.txt	?	-
meyersgroeskonve0016vari	https://archive.org/download/meyersgroeskonve0016vari/meyersgroeskonve0016vari_djvu.txt	?	-
meyersgroeskonve0017vari	https://archive.org/download/meyersgroeskonve0017vari/meyersgroeskonve0017vari_djvu.txt	?	-
meyersgroeskonve0018jose	https://archive.org/download/meyersgroeskonve0018jose/meyersgroeskonve0018jose_djvu.txt	?	-
meyersgrossesko00meyegoog	https://archive.org/download/meyersgrossesko00meyegoog/meyersgrossesko00meyegoog_djvu.txt	?	-
meyersgrossesko00unkngoog	https://archive.org/download/meyersgrossesko00unkngoog/meyersgrossesko00unkngoog_djvu.txt	?	-
meyersgrossesko01meyegoog	https://archive.org/download/meyersgrossesko01meyegoog/meyersgrossesko01meyegoog_djvu.txt	?	-
meyersgrossesko01unkngoog	https://archive.org/download/meyersgrossesko01unkngoog/meyersgrossesko01unkngoog_djvu.txt	?	-
meyersgrossesko02unkngoog	https://archive.org/download/meyersgrossesko02unkngoog/meyersgrossesko02unkngoog_djvu.txt	?	-
meyersgrossesko03meyegoog	https://archive.org/download/meyersgrossesko03meyegoog/meyersgrossesko03meyegoog_djvu.txt	?	-
meyersgrossesko03unkngoog	https://archive.org/download/meyersgrossesko03unkngoog/meyersgrossesko03unkngoog_djvu.txt	?	-
meyersgrosseskon0336meye	https://archive.org/download/meyersgrosseskon0336meye/meyersgrosseskon0336meye_djvu.txt	?	-
meyersgrosseskon0336meye_0	https://archive.org/download/meyersgrosseskon0336meye_0/meyersgrosseskon0336meye_0_djvu.txt	?	-
meyersgrosseskon0336meye_1	https://archive.org/download/meyersgrosseskon0336meye_1/meyersgrosseskon0336meye_1_djvu.txt	?	-
meyersgrosseskon0336meye_2	https://archive.org/download/meyersgrosseskon0336meye_2/meyersgrosseskon0336meye_2_djvu.txt	?	-
meyersgrosseskon0336meye_3	https://archive.org/download/meyersgrosseskon0336meye_3/meyersgrosseskon0336meye_3_djvu.txt	?	-
meyersgrosseskon0336meye_4	https://archive.org/download/meyersgrosseskon0336meye_4/meyersgrosseskon0336meye_4_djvu.txt	?	-
meyersgrosseskon07unse	https://archive.org/download/meyersgrosseskon07unse/meyersgrosseskon07unse_djvu.txt	?	-
meyersgrosseskon11meye	https://archive.org/download/meyersgrosseskon11meye/meyersgrosseskon11meye_djvu.txt	?	-
meyersgrosseskon12unse	https://archive.org/download/meyersgrosseskon12unse/meyersgrosseskon12unse_djvu.txt	?	-
meyersgrosseskon13meye	https://archive.org/download/meyersgrosseskon13meye/meyersgrosseskon13meye_djvu.txt	?	-
meyersgrosseskon13unse	https://archive.org/download/meyersgrosseskon13unse/meyersgrosseskon13unse_djvu.txt	?	-
meyersgrosseskon16unse	https://archive.org/download/meyersgrosseskon16unse/meyersgrosseskon16unse_djvu.txt	?	-
meyersgrosseskon17meye	https://archive.org/download/meyersgrosseskon17meye/meyersgrosseskon17meye_djvu.txt	?	-
meyersgrosseskon19meye	https://archive.org/download/meyersgrosseskon19meye/meyersgrosseskon19meye_djvu.txt	?	-
