# mwr_ia: archive.org djvu.txt, query 'collection:pub_monthly-weather-review', window 1920-01-01..1939-06-30; built 2026-10-06 by src.data.ia_catalog
key	url	bytes	checksum
sim_monthly-weather-review_1920-01_48_1	https://archive.org/download/sim_monthly-weather-review_1920-01_48_1/sim_monthly-weather-review_1920-01_48_1_djvu.txt	?	-
sim_monthly-weather-review_1920-02_48_2	https://archive.org/download/sim_monthly-weather-review_1920-02_48_2/sim_monthly-weather-review_1920-02_48_2_djvu.txt	?	-
sim_monthly-weather-review_1920-03_48_3	https://archive.org/download/sim_monthly-weather-review_1920-03_48_3/sim_monthly-weather-review_1920-03_48_3_djvu.txt	?	-
sim_monthly-weather-review_1920-04_48_4	https://archive.org/download/sim_monthly-weather-review_1920-04_48_4/sim_monthly-weather-review_1920-04_48_4_djvu.txt	?	-
sim_monthly-weather-review_1920-05_48_5	https://archive.org/download/sim_monthly-weather-review_1920-05_48_5/sim_monthly-weather-review_1920-05_48_5_djvu.txt	?	-
sim_monthly-weather-review_1920-06_48_6	https://archive.org/download/sim_monthly-weather-review_1920-06_48_6/sim_monthly-weather-review_1920-06_48_6_djvu.txt	?	-
sim_monthly-weather-review_1920-07_48_7	https://archive.org/download/sim_monthly-weather-review_1920-07_48_7/sim_monthly-weather-review_1920-07_48_7_djvu.txt	?	-
sim_monthly-weather-review_1920-08_48_8	https://archive.org/download/sim_monthly-weather-review_1920-08_48_8/sim_monthly-weather-review_1920-08_48_8_djvu.txt	?	-
sim_monthly-weather-review_1920-09_48_9	https://archive.org/download/sim_monthly-weather-review_1920-09_48_9/sim_monthly-weather-review_1920-09_48_9_djvu.txt	?	-
sim_monthly-weather-review_1920-10_48_10	https://archive.org/download/sim_monthly-weather-review_1920-10_48_10/sim_monthly-weather-review_1920-10_48_10_djvu.txt	?	-
sim_monthly-weather-review_1920-11_48_11	https://archive.org/download/sim_monthly-weather-review_1920-11_48_11/sim_monthly-weather-review_1920-11_48_11_djvu.txt	?	-
sim_monthly-weather-review_1920-12_48_12	https://archive.org/download/sim_monthly-weather-review_1920-12_48_12/sim_monthly-weather-review_1920-12_48_12_djvu.txt	?	-
sim_monthly-weather-review_1920_48_index	https://archive.org/download/sim_monthly-weather-review_1920_48_index/sim_monthly-weather-review_1920_48_index_djvu.txt	?	-
sim_monthly-weather-review_1920_supplement-16	https://archive.org/download/sim_monthly-weather-review_1920_supplement-16/sim_monthly-weather-review_1920_supplement-16_djvu.txt	?	-
sim_monthly-weather-review_1921-01_49_1	https://archive.org/download/sim_monthly-weather-review_1921-01_49_1/sim_monthly-weather-review_1921-01_49_1_djvu.txt	?	-
sim_monthly-weather-review_1921-02_49_2	https://archive.org/download/sim_monthly-weather-review_1921-02_49_2/sim_monthly-weather-review_1921-02_49_2_djvu.txt	?	-
sim_monthly-weather-review_1921-03_49_3	https://archive.org/download/sim_monthly-weather-review_1921-03_49_3/sim_monthly-weather-review_1921-03_49_3_djvu.txt	?	-
sim_monthly-weather-review_1921-04_49_4	https://archive.org/download/sim_monthly-weather-review_1921-04_49_4/sim_monthly-weather-review_1921-04_49_4_djvu.txt	?	-
sim_monthly-weather-review_1921-05_49_5	https://archive.org/download/sim_monthly-weather-review_1921-05_49_5/sim_monthly-weather-review_1921-05_49_5_djvu.txt	?	-
sim_monthly-weather-review_1921-06_49_6	https://archive.org/download/sim_monthly-weather-review_1921-06_49_6/sim_monthly-weather-review_1921-06_49_6_djvu.txt	?	-
sim_monthly-weather-review_1921-07_49_7	https://archive.org/download/sim_monthly-weather-review_1921-07_49_7/sim_monthly-weather-review_1921-07_49_7_djvu.txt	?	-
sim_monthly-weather-review_1921-08_49_8	https://archive.org/download/sim_monthly-weather-review_1921-08_49_8/sim_monthly-weather-review_1921-08_49_8_djvu.txt	?	-
sim_monthly-weather-review_1921-09_49_9	https://archive.org/download/sim_monthly-weather-review_1921-09_49_9/sim_monthly-weather-review_1921-09_49_9_djvu.txt	?	-
sim_monthly-weather-review_1921-10_49_10	https://archive.org/download/sim_monthly-weather-review_1921-10_49_10/sim_monthly-weather-review_1921-10_49_10_djvu.txt	?	-
sim_monthly-weather-review_1921-11_49_11	https://archive.org/download/sim_monthly-weather-review_1921-11_49_11/sim_monthly-weather-review_1921-11_49_11_djvu.txt	?	-
sim_monthly-weather-review_1921-12_49_12	https://archive.org/download/sim_monthly-weather-review_1921-12_49_12/sim_monthly-weather-review_1921-12_49_12_djvu.txt	?	-
sim_monthly-weather-review_1921_49_index	https://archive.org/download/sim_monthly-weather-review_1921_49_index/sim_monthly-weather-review_1921_49_index_djvu.txt	?	-
sim_monthly-weather-review_1921_supplement-18	https://archive.org/download/sim_monthly-weather-review_1921_supplement-18/sim_monthly-weather-review_1921_supplement-18_djvu.txt	?	-
sim_monthly-weather-review_1922-01_50_1	https://archive.org/download/sim_monthly-weather-review_1922-01_50_1/sim_monthly-weather-review_1922-01_50_1_djvu.txt	?	-
sim_monthly-weather-review_1922-02_50_2	https://archive.org/download/sim_monthly-weather-review_1922-02_50_2/sim_monthly-weather-review_1922-02_50_2_djvu.txt	?	-
sim_monthly-weather-review_1922-03_50_3	https://archive.org/download/sim_monthly-weather-review_1922-03_50_3/sim_monthly-weather-review_1922-03_50_3_djvu.txt	?	-
sim_monthly-weather-review_1922-04_50_4	https://archive.org/download/sim_monthly-weather-review_1922-04_50_4/sim_monthly-weather-review_1922-04_50_4_djvu.txt	?	-
sim_monthly-weather-review_1922-05_50_5	https://archive.org/download/sim_monthly-weather-review_1922-05_50_5/sim_monthly-weather-review_1922-05_50_5_djvu.txt	?	-
sim_monthly-weather-review_1922-06_50_6	https://archive.org/download/sim_monthly-weather-review_1922-06_50_6/sim_monthly-weather-review_1922-06_50_6_djvu.txt	?	-
sim_monthly-weather-review_1922-07_50_7	https://archive.org/download/sim_monthly-weather-review_1922-07_50_7/sim_monthly-weather-review_1922-07_50_7_djvu.txt	?	-
sim_monthly-weather-review_1922-08_50_8	https://archive.org/download/sim_monthly-weather-review_1922-08_50_8/sim_monthly-weather-review_1922-08_50_8_djvu.txt	?	-
sim_monthly-weather-review_1922-09_50_9	https://archive.org/download/sim_monthly-weather-review_1922-09_50_9/sim_monthly-weather-review_1922-09_50_9_djvu.txt	?	-
sim_monthly-weather-review_1922-10_50_10	https://archive.org/download/sim_monthly-weather-review_1922-10_50_10/sim_monthly-weather-review_1922-10_50_10_djvu.txt	?	-
sim_monthly-weather-review_1922-11_50_11	https://archive.org/download/sim_monthly-weather-review_1922-11_50_11/sim_monthly-weather-review_1922-11_50_11_djvu.txt	?	-
sim_monthly-weather-review_1922-12_50_12	https://archive.org/download/sim_monthly-weather-review_1922-12_50_12/sim_monthly-weather-review_1922-12_50_12_djvu.txt	?	-
sim_monthly-weather-review_1922_50_index	https://archive.org/download/sim_monthly-weather-review_1922_50_index/sim_monthly-weather-review_1922_50_index_djvu.txt	?	-
sim_monthly-weather-review_1922_supplement-17	https://archive.org/download/sim_monthly-weather-review_1922_supplement-17/sim_monthly-weather-review_1922_supplement-17_djvu.txt	?	-
sim_monthly-weather-review_1922_supplement-20	https://archive.org/download/sim_monthly-weather-review_1922_supplement-20/sim_monthly-weather-review_1922_supplement-20_djvu.txt	?	-
sim_monthly-weather-review_1922_supplement-21	https://archive.org/download/sim_monthly-weather-review_1922_supplement-21/sim_monthly-weather-review_1922_supplement-21_djvu.txt	?	-
sim_monthly-weather-review_1923-01_51_1	https://archive.org/download/sim_monthly-weather-review_1923-01_51_1/sim_monthly-weather-review_1923-01_51_1_djvu.txt	?	-
sim_monthly-weather-review_1923-02_51_2	https://archive.org/download/sim_monthly-weather-review_1923-02_51_2/sim_monthly-weather-review_1923-02_51_2_djvu.txt	?	-
sim_monthly-weather-review_1923-03_51_3	https://archive.org/download/sim_monthly-weather-review_1923-03_51_3/sim_monthly-weather-review_1923-03_51_3_djvu.txt	?	-
sim_monthly-weather-review_1923-04_51_4	https://archive.org/download/sim_monthly-weather-review_1923-04_51_4/sim_monthly-weather-review_1923-04_51_4_djvu.txt	?	-
sim_monthly-weather-review_1923-05_51_5	https://archive.org/download/sim_monthly-weather-review_1923-05_51_5/sim_monthly-weather-review_1923-05_51_5_djvu.txt	?	-
sim_monthly-weather-review_1923-06_51_6	https://archive.org/download/sim_monthly-weather-review_1923-06_51_6/sim_monthly-weather-review_1923-06_51_6_djvu.txt	?	-
sim_monthly-weather-review_1923-07_51_7	https://archive.org/download/sim_monthly-weather-review_1923-07_51_7/sim_monthly-weather-review_1923-07_51_7_djvu.txt	?	-
sim_monthly-weather-review_1923-08_51_8	https://archive.org/download/sim_monthly-weather-review_1923-08_51_8/sim_monthly-weather-review_1923-08_51_8_djvu.txt	?	-
sim_monthly-weather-review_1923-09_51_9	https://archive.org/download/sim_monthly-weather-review_1923-09_51_9/sim_monthly-weather-review_1923-09_51_9_djvu.txt	?	-
sim_monthly-weather-review_1923-10_51_10	https://archive.org/download/sim_monthly-weather-review_1923-10_51_10/sim_monthly-weather-review_1923-10_51_10_djvu.txt	?	-
sim_monthly-weather-review_1923-11_51_11	https://archive.org/download/sim_monthly-weather-review_1923-11_51_11/sim_monthly-weather-review_1923-11_51_11_djvu.txt	?	-
sim_monthly-weather-review_1923-12_51_12	https://archive.org/download/sim_monthly-weather-review_1923-12_51_12/sim_monthly-weather-review_1923-12_51_12_djvu.txt	?	-
sim_monthly-weather-review_1923_51_index	https://archive.org/download/sim_monthly-weather-review_1923_51_index/sim_monthly-weather-review_1923_51_index_djvu.txt	?	-
sim_monthly-weather-review_1923_supplement-19	https://archive.org/download/sim_monthly-weather-review_1923_supplement-19/sim_monthly-weather-review_1923_supplement-19_djvu.txt	?	-
sim_monthly-weather-review_1923_supplement-22	https://archive.org/download/sim_monthly-weather-review_1923_supplement-22/sim_monthly-weather-review_1923_supplement-22_djvu.txt	?	-
sim_monthly-weather-review_1923_supplement-23	https://archive.org/download/sim_monthly-weather-review_1923_supplement-23/sim_monthly-weather-review_1923_supplement-23_djvu.txt	?	-
sim_monthly-weather-review_1924-01_52_1	https://archive.org/download/sim_monthly-weather-review_1924-01_52_1/sim_monthly-weather-review_1924-01_52_1_djvu.txt	?	-
sim_monthly-weather-review_1924-02_52_2	https://archive.org/download/sim_monthly-weather-review_1924-02_52_2/sim_monthly-weather-review_1924-02_52_2_djvu.txt	?	-
sim_monthly-weather-review_1924-03_52_3	https://archive.org/download/sim_monthly-weather-review_1924-03_52_3/sim_monthly-weather-review_1924-03_52_3_djvu.txt	?	-
sim_monthly-weather-review_1924-04_52_4	https://archive.org/download/sim_monthly-weather-review_1924-04_52_4/sim_monthly-weather-review_1924-04_52_4_djvu.txt	?	-
sim_monthly-weather-review_1924-05_52_5	https://archive.org/download/sim_monthly-weather-review_1924-05_52_5/sim_monthly-weather-review_1924-05_52_5_djvu.txt	?	-
sim_monthly-weather-review_1924-06_52_6	https://archive.org/download/sim_monthly-weather-review_1924-06_52_6/sim_monthly-weather-review_1924-06_52_6_djvu.txt	?	-
sim_monthly-weather-review_1924-07_52_7	https://archive.org/download/sim_monthly-weather-review_1924-07_52_7/sim_monthly-weather-review_1924-07_52_7_djvu.txt	?	-
sim_monthly-weather-review_1924-08_52_8	https://archive.org/download/sim_monthly-weather-review_1924-08_52_8/sim_monthly-weather-review_1924-08_52_8_djvu.txt	?	-
sim_monthly-weather-review_1924-09_52_9	https://archive.org/download/sim_monthly-weather-review_1924-09_52_9/sim_monthly-weather-review_1924-09_52_9_djvu.txt	?	-
sim_monthly-weather-review_1924-10_52_10	https://archive.org/download/sim_monthly-weather-review_1924-10_52_10/sim_monthly-weather-review_1924-10_52_10_djvu.txt	?	-
sim_monthly-weather-review_1924-11_52_11	https://archive.org/download/sim_monthly-weather-review_1924-11_52_11/sim_monthly-weather-review_1924-11_52_11_djvu.txt	?	-
sim_monthly-weather-review_1924-12_52_12	https://archive.org/download/sim_monthly-weather-review_1924-12_52_12/sim_monthly-weather-review_1924-12_52_12_djvu.txt	?	-
sim_monthly-weather-review_1924_52_index-contents	https://archive.org/download/sim_monthly-weather-review_1924_52_index-contents/sim_monthly-weather-review_1924_52_index-contents_djvu.txt	?	-
sim_monthly-weather-review_1924_supplement-24	https://archive.org/download/sim_monthly-weather-review_1924_supplement-24/sim_monthly-weather-review_1924_supplement-24_djvu.txt	?	-
sim_monthly-weather-review_1925-01_53_1	https://archive.org/download/sim_monthly-weather-review_1925-01_53_1/sim_monthly-weather-review_1925-01_53_1_djvu.txt	?	-
sim_monthly-weather-review_1925-02_53_2	https://archive.org/download/sim_monthly-weather-review_1925-02_53_2/sim_monthly-weather-review_1925-02_53_2_djvu.txt	?	-
sim_monthly-weather-review_1925-03_53_3	https://archive.org/download/sim_monthly-weather-review_1925-03_53_3/sim_monthly-weather-review_1925-03_53_3_djvu.txt	?	-
sim_monthly-weather-review_1925-04_53_4	https://archive.org/download/sim_monthly-weather-review_1925-04_53_4/sim_monthly-weather-review_1925-04_53_4_djvu.txt	?	-
sim_monthly-weather-review_1925-05_53_5	https://archive.org/download/sim_monthly-weather-review_1925-05_53_5/sim_monthly-weather-review_1925-05_53_5_djvu.txt	?	-
sim_monthly-weather-review_1925-06_53_6	https://archive.org/download/sim_monthly-weather-review_1925-06_53_6/sim_monthly-weather-review_1925-06_53_6_djvu.txt	?	-
sim_monthly-weather-review_1925-07_53_7	https://archive.org/download/sim_monthly-weather-review_1925-07_53_7/sim_monthly-weather-review_1925-07_53_7_djvu.txt	?	-
sim_monthly-weather-review_1925-08_53_8	https://archive.org/download/sim_monthly-weather-review_1925-08_53_8/sim_monthly-weather-review_1925-08_53_8_djvu.txt	?	-
sim_monthly-weather-review_1925-09_53_9	https://archive.org/download/sim_monthly-weather-review_1925-09_53_9/sim_monthly-weather-review_1925-09_53_9_djvu.txt	?	-
sim_monthly-weather-review_1925-10_53_10	https://archive.org/download/sim_monthly-weather-review_1925-10_53_10/sim_monthly-weather-review_1925-10_53_10_djvu.txt	?	-
sim_monthly-weather-review_1925-11_53_11	https://archive.org/download/sim_monthly-weather-review_1925-11_53_11/sim_monthly-weather-review_1925-11_53_11_djvu.txt	?	-
sim_monthly-weather-review_1925-12_53_12	https://archive.org/download/sim_monthly-weather-review_1925-12_53_12/sim_monthly-weather-review_1925-12_53_12_djvu.txt	?	-
sim_monthly-weather-review_1925_53_index-contents	https://archive.org/download/sim_monthly-weather-review_1925_53_index-contents/sim_monthly-weather-review_1925_53_index-contents_djvu.txt	?	-
sim_monthly-weather-review_1925_supplement-25	https://archive.org/download/sim_monthly-weather-review_1925_supplement-25/sim_monthly-weather-review_1925_supplement-25_djvu.txt	?	-
sim_monthly-weather-review_1926-01_54_1	https://archive.org/download/sim_monthly-weather-review_1926-01_54_1/sim_monthly-weather-review_1926-01_54_1_djvu.txt	?	-
sim_monthly-weather-review_1926-02_54_2	https://archive.org/download/sim_monthly-weather-review_1926-02_54_2/sim_monthly-weather-review_1926-02_54_2_djvu.txt	?	-
sim_monthly-weather-review_1926-03_54_3	https://archive.org/download/sim_monthly-weather-review_1926-03_54_3/sim_monthly-weather-review_1926-03_54_3_djvu.txt	?	-
sim_monthly-weather-review_1926-04_54_4	https://archive.org/download/sim_monthly-weather-review_1926-04_54_4/sim_monthly-weather-review_1926-04_54_4_djvu.txt	?	-
sim_monthly-weather-review_1926-05_54_5	https://archive.org/download/sim_monthly-weather-review_1926-05_54_5/sim_monthly-weather-review_1926-05_54_5_djvu.txt	?	-
sim_monthly-weather-review_1926-06_54_6	https://archive.org/download/sim_monthly-weather-review_1926-06_54_6/sim_monthly-weather-review_1926-06_54_6_djvu.txt	?	-
sim_monthly-weather-review_1926-07_54_7	https://archive.org/download/sim_monthly-weather-review_1926-07_54_7/sim_monthly-weather-review_1926-07_54_7_djvu.txt	?	-
sim_monthly-weather-review_1926-08_54_8	https://archive.org/download/sim_monthly-weather-review_1926-08_54_8/sim_monthly-weather-review_1926-08_54_8_djvu.txt	?	-
sim_monthly-weather-review_1926-09_54_9	https://archive.org/download/sim_monthly-weather-review_1926-09_54_9/sim_monthly-weather-review_1926-09_54_9_djvu.txt	?	-
sim_monthly-weather-review_1926-10_54_10	https://archive.org/download/sim_monthly-weather-review_1926-10_54_10/sim_monthly-weather-review_1926-10_54_10_djvu.txt	?	-
sim_monthly-weather-review_1926-11_54_11	https://archive.org/download/sim_monthly-weather-review_1926-11_54_11/sim_monthly-weather-review_1926-11_54_11_djvu.txt	?	-
sim_monthly-weather-review_1926-12_54_12	https://archive.org/download/sim_monthly-weather-review_1926-12_54_12/sim_monthly-weather-review_1926-12_54_12_djvu.txt	?	-
sim_monthly-weather-review_1926_54_index-contents	https://archive.org/download/sim_monthly-weather-review_1926_54_index-contents/sim_monthly-weather-review_1926_54_index-contents_djvu.txt	?	-
sim_monthly-weather-review_1926_supplement-26	https://archive.org/download/sim_monthly-weather-review_1926_supplement-26/sim_monthly-weather-review_1926_supplement-26_djvu.txt	?	-
sim_monthly-weather-review_1926_supplement-27	https://archive.org/download/sim_monthly-weather-review_1926_supplement-27/sim_monthly-weather-review_1926_supplement-27_djvu.txt	?	-
sim_monthly-weather-review_1927-01_55_1	https://archive.org/download/sim_monthly-weather-review_1927-01_55_1/sim_monthly-weather-review_1927-01_55_1_djvu.txt	?	-
sim_monthly-weather-review_1927-02_55_2	https://archive.org/download/sim_monthly-weather-review_1927-02_55_2/sim_monthly-weather-review_1927-02_55_2_djvu.txt	?	-
sim_monthly-weather-review_1927-03_55_3	https://archive.org/download/sim_monthly-weather-review_1927-03_55_3/sim_monthly-weather-review_1927-03_55_3_djvu.txt	?	-
sim_monthly-weather-review_1927-04_55_4	https://archive.org/download/sim_monthly-weather-review_1927-04_55_4/sim_monthly-weather-review_1927-04_55_4_djvu.txt	?	-
sim_monthly-weather-review_1927-05_55_5	https://archive.org/download/sim_monthly-weather-review_1927-05_55_5/sim_monthly-weather-review_1927-05_55_5_djvu.txt	?	-
sim_monthly-weather-review_1927-06_55_6	https://archive.org/download/sim_monthly-weather-review_1927-06_55_6/sim_monthly-weather-review_1927-06_55_6_djvu.txt	?	-
sim_monthly-weather-review_1927-07_55_7	https://archive.org/download/sim_monthly-weather-review_1927-07_55_7/sim_monthly-weather-review_1927-07_55_7_djvu.txt	?	-
sim_monthly-weather-review_1927-08_55_8	https://archive.org/download/sim_monthly-weather-review_1927-08_55_8/sim_monthly-weather-review_1927-08_55_8_djvu.txt	?	-
sim_monthly-weather-review_1927-09_55_9	https://archive.org/download/sim_monthly-weather-review_1927-09_55_9/sim_monthly-weather-review_1927-09_55_9_djvu.txt	?	-
sim_monthly-weather-review_1927-10_55_10	https://archive.org/download/sim_monthly-weather-review_1927-10_55_10/sim_monthly-weather-review_1927-10_55_10_djvu.txt	?	-
sim_monthly-weather-review_1927-11_55_11	https://archive.org/download/sim_monthly-weather-review_1927-11_55_11/sim_monthly-weather-review_1927-11_55_11_djvu.txt	?	-
sim_monthly-weather-review_1927-12_55_12	https://archive.org/download/sim_monthly-weather-review_1927-12_55_12/sim_monthly-weather-review_1927-12_55_12_djvu.txt	?	-
sim_monthly-weather-review_1927_55_index-contents	https://archive.org/download/sim_monthly-weather-review_1927_55_index-contents/sim_monthly-weather-review_1927_55_index-contents_djvu.txt	?	-
sim_monthly-weather-review_1927_supplement-28	https://archive.org/download/sim_monthly-weather-review_1927_supplement-28/sim_monthly-weather-review_1927_supplement-28_djvu.txt	?	-
sim_monthly-weather-review_1927_supplement-29	https://archive.org/download/sim_monthly-weather-review_1927_supplement-29/sim_monthly-weather-review_1927_supplement-29_djvu.txt	?	-
sim_monthly-weather-review_1928-01_56_1	https://archive.org/download/sim_monthly-weather-review_1928-01_56_1/sim_monthly-weather-review_1928-01_56_1_djvu.txt	?	-
sim_monthly-weather-review_1928-02_56_2	https://archive.org/download/sim_monthly-weather-review_1928-02_56_2/sim_monthly-weather-review_1928-02_56_2_djvu.txt	?	-
sim_monthly-weather-review_1928-03_56_3	https://archive.org/download/sim_monthly-weather-review_1928-03_56_3/sim_monthly-weather-review_1928-03_56_3_djvu.txt	?	-
sim_monthly-weather-review_1928-04_56_4	https://archive.org/download/sim_monthly-weather-review_1928-04_56_4/sim_monthly-weather-review_1928-04_56_4_djvu.txt	?	-
sim_monthly-weather-review_1928-05_56_5	https://archive.org/download/sim_monthly-weather-review_1928-05_56_5/sim_monthly-weather-review_1928-05_56_5_djvu.txt	?	-
sim_monthly-weather-review_1928-06_56_6	https://archive.org/download/sim_monthly-weather-review_1928-06_56_6/sim_monthly-weather-review_1928-06_56_6_djvu.txt	?	-
sim_monthly-weather-review_1928-07_56_7	https://archive.org/download/sim_monthly-weather-review_1928-07_56_7/sim_monthly-weather-review_1928-07_56_7_djvu.txt	?	-
sim_monthly-weather-review_1928-08_56_8	https://archive.org/download/sim_monthly-weather-review_1928-08_56_8/sim_monthly-weather-review_1928-08_56_8_djvu.txt	?	-
sim_monthly-weather-review_1928-09_56_9	https://archive.org/download/sim_monthly-weather-review_1928-09_56_9/sim_monthly-weather-review_1928-09_56_9_djvu.txt	?	-
sim_monthly-weather-review_1928-10_56_10	https://archive.org/download/sim_monthly-weather-review_1928-10_56_10/sim_monthly-weather-review_1928-10_56_10_djvu.txt	?	-
sim_monthly-weather-review_1928-11_56_11	https://archive.org/download/sim_monthly-weather-review_1928-11_56_11/sim_monthly-weather-review_1928-11_56_11_djvu.txt	?	-
sim_monthly-weather-review_1928-12_56_12	https://archive.org/download/sim_monthly-weather-review_1928-12_56_12/sim_monthly-weather-review_1928-12_56_12_djvu.txt	?	-
sim_monthly-weather-review_1928_56_index-contents	https://archive.org/download/sim_monthly-weather-review_1928_56_index-contents/sim_monthly-weather-review_1928_56_index-contents_djvu.txt	?	-
sim_monthly-weather-review_1928_supplement-30	https://archive.org/download/sim_monthly-weather-review_1928_supplement-30/sim_monthly-weather-review_1928_supplement-30_djvu.txt	?	-
sim_monthly-weather-review_1928_supplement-31	https://archive.org/download/sim_monthly-weather-review_1928_supplement-31/sim_monthly-weather-review_1928_supplement-31_djvu.txt	?	-
sim_monthly-weather-review_1929-01_57_1	https://archive.org/download/sim_monthly-weather-review_1929-01_57_1/sim_monthly-weather-review_1929-01_57_1_djvu.txt	?	-
sim_monthly-weather-review_1929-02_57_2	https://archive.org/download/sim_monthly-weather-review_1929-02_57_2/sim_monthly-weather-review_1929-02_57_2_djvu.txt	?	-
sim_monthly-weather-review_1929-03_57_3	https://archive.org/download/sim_monthly-weather-review_1929-03_57_3/sim_monthly-weather-review_1929-03_57_3_djvu.txt	?	-
sim_monthly-weather-review_1929-04_57_4	https://archive.org/download/sim_monthly-weather-review_1929-04_57_4/sim_monthly-weather-review_1929-04_57_4_djvu.txt	?	-
sim_monthly-weather-review_1929-05_57_5	https://archive.org/download/sim_monthly-weather-review_1929-05_57_5/sim_monthly-weather-review_1929-05_57_5_djvu.txt	?	-
sim_monthly-weather-review_1929-06_57_6	https://archive.org/download/sim_monthly-weather-review_1929-06_57_6/sim_monthly-weather-review_1929-06_57_6_djvu.txt	?	-
sim_monthly-weather-review_1929-07_57_7	https://archive.org/download/sim_monthly-weather-review_1929-07_57_7/sim_monthly-weather-review_1929-07_57_7_djvu.txt	?	-
sim_monthly-weather-review_1929-08_57_8	https://archive.org/download/sim_monthly-weather-review_1929-08_57_8/sim_monthly-weather-review_1929-08_57_8_djvu.txt	?	-
sim_monthly-weather-review_1929-09_57_9	https://archive.org/download/sim_monthly-weather-review_1929-09_57_9/sim_monthly-weather-review_1929-09_57_9_djvu.txt	?	-
sim_monthly-weather-review_1929-10_57_10	https://archive.org/download/sim_monthly-weather-review_1929-10_57_10/sim_monthly-weather-review_1929-10_57_10_djvu.txt	?	-
sim_monthly-weather-review_1929-11_57_11	https://archive.org/download/sim_monthly-weather-review_1929-11_57_11/sim_monthly-weather-review_1929-11_57_11_djvu.txt	?	-
sim_monthly-weather-review_1929-12_57_12	https://archive.org/download/sim_monthly-weather-review_1929-12_57_12/sim_monthly-weather-review_1929-12_57_12_djvu.txt	?	-
sim_monthly-weather-review_1929_57_index-contents	https://archive.org/download/sim_monthly-weather-review_1929_57_index-contents/sim_monthly-weather-review_1929_57_index-contents_djvu.txt	?	-
sim_monthly-weather-review_1929_supplement-32	https://archive.org/download/sim_monthly-weather-review_1929_supplement-32/sim_monthly-weather-review_1929_supplement-32_djvu.txt	?	-
sim_monthly-weather-review_1930-01_58_1	https://archive.org/download/sim_monthly-weather-review_1930-01_58_1/sim_monthly-weather-review_1930-01_58_1_djvu.txt	?	-
sim_monthly-weather-review_1930-02_58_2	https://archive.org/download/sim_monthly-weather-review_1930-02_58_2/sim_monthly-weather-review_1930-02_58_2_djvu.txt	?	-
sim_monthly-weather-review_1930-03_58_3	https://archive.org/download/sim_monthly-weather-review_1930-03_58_3/sim_monthly-weather-review_1930-03_58_3_djvu.txt	?	-
sim_monthly-weather-review_1930-04_58_4	https://archive.org/download/sim_monthly-weather-review_1930-04_58_4/sim_monthly-weather-review_1930-04_58_4_djvu.txt	?	-
sim_monthly-weather-review_1930-05_58_5	https://archive.org/download/sim_monthly-weather-review_1930-05_58_5/sim_monthly-weather-review_1930-05_58_5_djvu.txt	?	-
sim_monthly-weather-review_1930-06_58_6	https://archive.org/download/sim_monthly-weather-review_1930-06_58_6/sim_monthly-weather-review_1930-06_58_6_djvu.txt	?	-
sim_monthly-weather-review_1930-07_58_7	https://archive.org/download/sim_monthly-weather-review_1930-07_58_7/sim_monthly-weather-review_1930-07_58_7_djvu.txt	?	-
sim_monthly-weather-review_1930-08_58_8	https://archive.org/download/sim_monthly-weather-review_1930-08_58_8/sim_monthly-weather-review_1930-08_58_8_djvu.txt	?	-
sim_monthly-weather-review_1930-09_58_9	https://archive.org/download/sim_monthly-weather-review_1930-09_58_9/sim_monthly-weather-review_1930-09_58_9_djvu.txt	?	-
sim_monthly-weather-review_1930-10_58_10	https://archive.org/download/sim_monthly-weather-review_1930-10_58_10/sim_monthly-weather-review_1930-10_58_10_djvu.txt	?	-
sim_monthly-weather-review_1930-11_58_11	https://archive.org/download/sim_monthly-weather-review_1930-11_58_11/sim_monthly-weather-review_1930-11_58_11_djvu.txt	?	-
sim_monthly-weather-review_1930-12_58_12	https://archive.org/download/sim_monthly-weather-review_1930-12_58_12/sim_monthly-weather-review_1930-12_58_12_djvu.txt	?	-
sim_monthly-weather-review_1930_58_index-contents	https://archive.org/download/sim_monthly-weather-review_1930_58_index-contents/sim_monthly-weather-review_1930_58_index-contents_djvu.txt	?	-
sim_monthly-weather-review_1930_supplement-33	https://archive.org/download/sim_monthly-weather-review_1930_supplement-33/sim_monthly-weather-review_1930_supplement-33_djvu.txt	?	-
sim_monthly-weather-review_1930_supplement-34	https://archive.org/download/sim_monthly-weather-review_1930_supplement-34/sim_monthly-weather-review_1930_supplement-34_djvu.txt	?	-
sim_monthly-weather-review_1931-01_59_1	https://archive.org/download/sim_monthly-weather-review_1931-01_59_1/sim_monthly-weather-review_1931-01_59_1_djvu.txt	?	-
sim_monthly-weather-review_1931-02_59_2	https://archive.org/download/sim_monthly-weather-review_1931-02_59_2/sim_monthly-weather-review_1931-02_59_2_djvu.txt	?	-
sim_monthly-weather-review_1931-03_59_3	https://archive.org/download/sim_monthly-weather-review_1931-03_59_3/sim_monthly-weather-review_1931-03_59_3_djvu.txt	?	-
sim_monthly-weather-review_1931-04_59_4	https://archive.org/download/sim_monthly-weather-review_1931-04_59_4/sim_monthly-weather-review_1931-04_59_4_djvu.txt	?	-
sim_monthly-weather-review_1931-05_59_5	https://archive.org/download/sim_monthly-weather-review_1931-05_59_5/sim_monthly-weather-review_1931-05_59_5_djvu.txt	?	-
sim_monthly-weather-review_1931-06_59_6	https://archive.org/download/sim_monthly-weather-review_1931-06_59_6/sim_monthly-weather-review_1931-06_59_6_djvu.txt	?	-
sim_monthly-weather-review_1931-07_59_7	https://archive.org/download/sim_monthly-weather-review_1931-07_59_7/sim_monthly-weather-review_1931-07_59_7_djvu.txt	?	-
sim_monthly-weather-review_1931-08_59_8	https://archive.org/download/sim_monthly-weather-review_1931-08_59_8/sim_monthly-weather-review_1931-08_59_8_djvu.txt	?	-
sim_monthly-weather-review_1931-09_59_9	https://archive.org/download/sim_monthly-weather-review_1931-09_59_9/sim_monthly-weather-review_1931-09_59_9_djvu.txt	?	-
sim_monthly-weather-review_1931-10_59_10	https://archive.org/download/sim_monthly-weather-review_1931-10_59_10/sim_monthly-weather-review_1931-10_59_10_djvu.txt	?	-
sim_monthly-weather-review_1931-11_59_11	https://archive.org/download/sim_monthly-weather-review_1931-11_59_11/sim_monthly-weather-review_1931-11_59_11_djvu.txt	?	-
sim_monthly-weather-review_1931-12_59_12	https://archive.org/download/sim_monthly-weather-review_1931-12_59_12/sim_monthly-weather-review_1931-12_59_12_djvu.txt	?	-
sim_monthly-weather-review_1931_59_index-contents	https://archive.org/download/sim_monthly-weather-review_1931_59_index-contents/sim_monthly-weather-review_1931_59_index-contents_djvu.txt	?	-
sim_monthly-weather-review_1932-01_60_1	https://archive.org/download/sim_monthly-weather-review_1932-01_60_1/sim_monthly-weather-review_1932-01_60_1_djvu.txt	?	-
sim_monthly-weather-review_1932-02_60_2	https://archive.org/download/sim_monthly-weather-review_1932-02_60_2/sim_monthly-weather-review_1932-02_60_2_djvu.txt	?	-
sim_monthly-weather-review_1932-03_60_3	https://archive.org/download/sim_monthly-weather-review_1932-03_60_3/sim_monthly-weather-review_1932-03_60_3_djvu.txt	?	-
sim_monthly-weather-review_1932-04_60_4	https://archive.org/download/sim_monthly-weather-review_1932-04_60_4/sim_monthly-weather-review_1932-04_60_4_djvu.txt	?	-
sim_monthly-weather-review_1932-05_60_5	https://archive.org/download/sim_monthly-weather-review_1932-05_60_5/sim_monthly-weather-review_1932-05_60_5_djvu.txt	?	-
sim_monthly-weather-review_1932-06_60_6	https://archive.org/download/sim_monthly-weather-review_1932-06_60_6/sim_monthly-weather-review_1932-06_60_6_djvu.txt	?	-
sim_monthly-weather-review_1932-07_60_7	https://archive.org/download/sim_monthly-weather-review_1932-07_60_7/sim_monthly-weather-review_1932-07_60_7_djvu.txt	?	-
sim_monthly-weather-review_1932-08_60_8	https://archive.org/download/sim_monthly-weather-review_1932-08_60_8/sim_monthly-weather-review_1932-08_60_8_djvu.txt	?	-
sim_monthly-weather-review_1932-09_60_9	https://archive.org/download/sim_monthly-weather-review_1932-09_60_9/sim_monthly-weather-review_1932-09_60_9_djvu.txt	?	-
sim_monthly-weather-review_1932-10_60_10	https://archive.org/download/sim_monthly-weather-review_1932-10_60_10/sim_monthly-weather-review_1932-10_60_10_djvu.txt	?	-
sim_monthly-weather-review_1932-11_60_11	https://archive.org/download/sim_monthly-weather-review_1932-11_60_11/sim_monthly-weather-review_1932-11_60_11_djvu.txt	?	-
sim_monthly-weather-review_1932-12_60_12	https://archive.org/download/sim_monthly-weather-review_1932-12_60_12/sim_monthly-weather-review_1932-12_60_12_djvu.txt	?	-
sim_monthly-weather-review_1932_60_index-contents	https://archive.org/download/sim_monthly-weather-review_1932_60_index-contents/sim_monthly-weather-review_1932_60_index-contents_djvu.txt	?	-
sim_monthly-weather-review_1933-01_61_1	https://archive.org/download/sim_monthly-weather-review_1933-01_61_1/sim_monthly-weather-review_1933-01_61_1_djvu.txt	?	-
sim_monthly-weather-review_1933-02_61_2	https://archive.org/download/sim_monthly-weather-review_1933-02_61_2/sim_monthly-weather-review_1933-02_61_2_djvu.txt	?	-
sim_monthly-weather-review_1933-03_61_3	https://archive.org/download/sim_monthly-weather-review_1933-03_61_3/sim_monthly-weather-review_1933-03_61_3_djvu.txt	?	-
sim_monthly-weather-review_1933-04_61_4	https://archive.org/download/sim_monthly-weather-review_1933-04_61_4/sim_monthly-weather-review_1933-04_61_4_djvu.txt	?	-
sim_monthly-weather-review_1933-05_61_5	https://archive.org/download/sim_monthly-weather-review_1933-05_61_5/sim_monthly-weather-review_1933-05_61_5_djvu.txt	?	-
sim_monthly-weather-review_1933-06_61_6	https://archive.org/download/sim_monthly-weather-review_1933-06_61_6/sim_monthly-weather-review_1933-06_61_6_djvu.txt	?	-
sim_monthly-weather-review_1933-07_61_7	https://archive.org/download/sim_monthly-weather-review_1933-07_61_7/sim_monthly-weather-review_1933-07_61_7_djvu.txt	?	-
sim_monthly-weather-review_1933-08_61_8	https://archive.org/download/sim_monthly-weather-review_1933-08_61_8/sim_monthly-weather-review_1933-08_61_8_djvu.txt	?	-
sim_monthly-weather-review_1933-09_61_9	https://archive.org/download/sim_monthly-weather-review_1933-09_61_9/sim_monthly-weather-review_1933-09_61_9_djvu.txt	?	-
sim_monthly-weather-review_1933-10_61_10	https://archive.org/download/sim_monthly-weather-review_1933-10_61_10/sim_monthly-weather-review_1933-10_61_10_djvu.txt	?	-
sim_monthly-weather-review_1933-11_61_11	https://archive.org/download/sim_monthly-weather-review_1933-11_61_11/sim_monthly-weather-review_1933-11_61_11_djvu.txt	?	-
sim_monthly-weather-review_1933-12_61_12	https://archive.org/download/sim_monthly-weather-review_1933-12_61_12/sim_monthly-weather-review_1933-12_61_12_djvu.txt	?	-
sim_monthly-weather-review_1933_61_index-contents	https://archive.org/download/sim_monthly-weather-review_1933_61_index-contents/sim_monthly-weather-review_1933_61_index-contents_djvu.txt	?	-
sim_monthly-weather-review_1933_supplement-35	https://archive.org/download/sim_monthly-weather-review_1933_supplement-35/sim_monthly-weather-review_1933_supplement-35_djvu.txt	?	-
sim_monthly-weather-review_1934-01_62_1	https://archive.org/download/sim_monthly-weather-review_1934-01_62_1/sim_monthly-weather-review_1934-01_62_1_djvu.txt	?	-
sim_monthly-weather-review_1934-02_62_2	https://archive.org/download/sim_monthly-weather-review_1934-02_62_2/sim_monthly-weather-review_1934-02_62_2_djvu.txt	?	-
sim_monthly-weather-review_1934-03_62_3	https://archive.org/download/sim_monthly-weather-review_1934-03_62_3/sim_monthly-weather-review_1934-03_62_3_djvu.txt	?	-
sim_monthly-weather-review_1934-04_62_4	https://archive.org/download/sim_monthly-weather-review_1934-04_62_4/sim_monthly-weather-review_1934-04_62_4_djvu.txt	?	-
sim_monthly-weather-review_1934-05_62_5	https://archive.org/download/sim_monthly-weather-review_1934-05_62_5/sim_monthly-weather-review_1934-05_62_5_djvu.txt	?	-
sim_monthly-weather-review_1934-06_62_6	https://archive.org/download/sim_monthly-weather-review_1934-06_62_6/sim_monthly-weather-review_1934-06_62_6_djvu.txt	?	-
sim_monthly-weather-review_1934-07_62_7	https://archive.org/download/sim_monthly-weather-review_1934-07_62_7/sim_monthly-weather-review_1934-07_62_7_djvu.txt	?	-
sim_monthly-weather-review_1934-08_62_8	https://archive.org/download/sim_monthly-weather-review_1934-08_62_8/sim_monthly-weather-review_1934-08_62_8_djvu.txt	?	-
sim_monthly-weather-review_1934-09_62_9	https://archive.org/download/sim_monthly-weather-review_1934-09_62_9/sim_monthly-weather-review_1934-09_62_9_djvu.txt	?	-
sim_monthly-weather-review_1934-10_62_10	https://archive.org/download/sim_monthly-weather-review_1934-10_62_10/sim_monthly-weather-review_1934-10_62_10_djvu.txt	?	-
sim_monthly-weather-review_1934-11_62_11	https://archive.org/download/sim_monthly-weather-review_1934-11_62_11/sim_monthly-weather-review_1934-11_62_11_djvu.txt	?	-
sim_monthly-weather-review_1934-12_62_12	https://archive.org/download/sim_monthly-weather-review_1934-12_62_12/sim_monthly-weather-review_1934-12_62_12_djvu.txt	?	-
sim_monthly-weather-review_1934_62_index-contents	https://archive.org/download/sim_monthly-weather-review_1934_62_index-contents/sim_monthly-weather-review_1934_62_index-contents_djvu.txt	?	-
sim_monthly-weather-review_1935-01_63_1	https://archive.org/download/sim_monthly-weather-review_1935-01_63_1/sim_monthly-weather-review_1935-01_63_1_djvu.txt	?	-
sim_monthly-weather-review_1935-02_63_2	https://archive.org/download/sim_monthly-weather-review_1935-02_63_2/sim_monthly-weather-review_1935-02_63_2_djvu.txt	?	-
sim_monthly-weather-review_1935-03_63_3	https://archive.org/download/sim_monthly-weather-review_1935-03_63_3/sim_monthly-weather-review_1935-03_63_3_djvu.txt	?	-
sim_monthly-weather-review_1935-04_63_4	https://archive.org/download/sim_monthly-weather-review_1935-04_63_4/sim_monthly-weather-review_1935-04_63_4_djvu.txt	?	-
sim_monthly-weather-review_1935-05_63_5	https://archive.org/download/sim_monthly-weather-review_1935-05_63_5/sim_monthly-weather-review_1935-05_63_5_djvu.txt	?	-
sim_monthly-weather-review_1935-06_63_6	https://archive.org/download/sim_monthly-weather-review_1935-06_63_6/sim_monthly-weather-review_1935-06_63_6_djvu.txt	?	-
sim_monthly-weather-review_1935-07_63_7	https://archive.org/download/sim_monthly-weather-review_1935-07_63_7/sim_monthly-weather-review_1935-07_63_7_djvu.txt	?	-
sim_monthly-weather-review_1935-08_63_8	https://archive.org/download/sim_monthly-weather-review_1935-08_63_8/sim_monthly-weather-review_1935-08_63_8_djvu.txt	?	-
sim_monthly-weather-review_1935-09_63_9	https://archive.org/download/sim_monthly-weather-review_1935-09_63_9/sim_monthly-weather-review_1935-09_63_9_djvu.txt	?	-
sim_monthly-weather-review_1935-10_63_10	https://archive.org/download/sim_monthly-weather-review_1935-10_63_10/sim_monthly-weather-review_1935-10_63_10_djvu.txt	?	-
sim_monthly-weather-review_1935-11_63_11	https://archive.org/download/sim_monthly-weather-review_1935-11_63_11/sim_monthly-weather-review_1935-11_63_11_djvu.txt	?	-
sim_monthly-weather-review_1935-12_63_12	https://archive.org/download/sim_monthly-weather-review_1935-12_63_12/sim_monthly-weather-review_1935-12_63_12_djvu.txt	?	-
sim_monthly-weather-review_1935_63_index-contents	https://archive.org/download/sim_monthly-weather-review_1935_63_index-contents/sim_monthly-weather-review_1935_63_index-contents_djvu.txt	?	-
sim_monthly-weather-review_1936-01_64_1	https://archive.org/download/sim_monthly-weather-review_1936-01_64_1/sim_monthly-weather-review_1936-01_64_1_djvu.txt	?	-
sim_monthly-weather-review_1936-02_64_2	https://archive.org/download/sim_monthly-weather-review_1936-02_64_2/sim_monthly-weather-review_1936-02_64_2_djvu.txt	?	-
sim_monthly-weather-review_1936-03_64_3	https://archive.org/download/sim_monthly-weather-review_1936-03_64_3/sim_monthly-weather-review_1936-03_64_3_djvu.txt	?	-
sim_monthly-weather-review_1936-04_64_4	https://archive.org/download/sim_monthly-weather-review_1936-04_64_4/sim_monthly-weather-review_1936-04_64_4_djvu.txt	?	-
sim_monthly-weather-review_1936-05_64_5	https://archive.org/download/sim_monthly-weather-review_1936-05_64_5/sim_monthly-weather-review_1936-05_64_5_djvu.txt	?	-
sim_monthly-weather-review_1936-06_64_6	https://archive.org/download/sim_monthly-weather-review_1936-06_64_6/sim_monthly-weather-review_1936-06_64_6_djvu.txt	?	-
sim_monthly-weather-review_1936-07_64_7	https://archive.org/download/sim_monthly-weather-review_1936-07_64_7/sim_monthly-weather-review_1936-07_64_7_djvu.txt	?	-
sim_monthly-weather-review_1936-08_64_8	https://archive.org/download/sim_monthly-weather-review_1936-08_64_8/sim_monthly-weather-review_1936-08_64_8_djvu.txt	?	-
sim_monthly-weather-review_1936-09_64_9	https://archive.org/download/sim_monthly-weather-review_1936-09_64_9/sim_monthly-weather-review_1936-09_64_9_djvu.txt	?	-
sim_monthly-weather-review_1936-10_64_10	https://archive.org/download/sim_monthly-weather-review_1936-10_64_10/sim_monthly-weather-review_1936-10_64_10_djvu.txt	?	-
sim_monthly-weather-review_1936-11_64_11	https://archive.org/download/sim_monthly-weather-review_1936-11_64_11/sim_monthly-weather-review_1936-11_64_11_djvu.txt	?	-
sim_monthly-weather-review_1936-12_64_12	https://archive.org/download/sim_monthly-weather-review_1936-12_64_12/sim_monthly-weather-review_1936-12_64_12_djvu.txt	?	-
sim_monthly-weather-review_1936_64_index-contents	https://archive.org/download/sim_monthly-weather-review_1936_64_index-contents/sim_monthly-weather-review_1936_64_index-contents_djvu.txt	?	-
sim_monthly-weather-review_1937-01_65_1	https://archive.org/download/sim_monthly-weather-review_1937-01_65_1/sim_monthly-weather-review_1937-01_65_1_djvu.txt	?	-
sim_monthly-weather-review_1937-02_65_2	https://archive.org/download/sim_monthly-weather-review_1937-02_65_2/sim_monthly-weather-review_1937-02_65_2_djvu.txt	?	-
sim_monthly-weather-review_1937-03_65_3	https://archive.org/download/sim_monthly-weather-review_1937-03_65_3/sim_monthly-weather-review_1937-03_65_3_djvu.txt	?	-
sim_monthly-weather-review_1937-04_65_4	https://archive.org/download/sim_monthly-weather-review_1937-04_65_4/sim_monthly-weather-review_1937-04_65_4_djvu.txt	?	-
sim_monthly-weather-review_1937-05_65_5	https://archive.org/download/sim_monthly-weather-review_1937-05_65_5/sim_monthly-weather-review_1937-05_65_5_djvu.txt	?	-
sim_monthly-weather-review_1937-06_65_6	https://archive.org/download/sim_monthly-weather-review_1937-06_65_6/sim_monthly-weather-review_1937-06_65_6_djvu.txt	?	-
sim_monthly-weather-review_1937-07_65_7	https://archive.org/download/sim_monthly-weather-review_1937-07_65_7/sim_monthly-weather-review_1937-07_65_7_djvu.txt	?	-
sim_monthly-weather-review_1937-08_65_8	https://archive.org/download/sim_monthly-weather-review_1937-08_65_8/sim_monthly-weather-review_1937-08_65_8_djvu.txt	?	-
sim_monthly-weather-review_1937-09_65_9	https://archive.org/download/sim_monthly-weather-review_1937-09_65_9/sim_monthly-weather-review_1937-09_65_9_djvu.txt	?	-
sim_monthly-weather-review_1937-10_65_10	https://archive.org/download/sim_monthly-weather-review_1937-10_65_10/sim_monthly-weather-review_1937-10_65_10_djvu.txt	?	-
sim_monthly-weather-review_1937-11_65_11	https://archive.org/download/sim_monthly-weather-review_1937-11_65_11/sim_monthly-weather-review_1937-11_65_11_djvu.txt	?	-
sim_monthly-weather-review_1937-12_65_12	https://archive.org/download/sim_monthly-weather-review_1937-12_65_12/sim_monthly-weather-review_1937-12_65_12_djvu.txt	?	-
sim_monthly-weather-review_1937_65_index-contents	https://archive.org/download/sim_monthly-weather-review_1937_65_index-contents/sim_monthly-weather-review_1937_65_index-contents_djvu.txt	?	-
sim_monthly-weather-review_1937_supplement-36	https://archive.org/download/sim_monthly-weather-review_1937_supplement-36/sim_monthly-weather-review_1937_supplement-36_djvu.txt	?	-
sim_monthly-weather-review_1938-01_66_1	https://archive.org/download/sim_monthly-weather-review_1938-01_66_1/sim_monthly-weather-review_1938-01_66_1_djvu.txt	?	-
sim_monthly-weather-review_1938-02_66_2	https://archive.org/download/sim_monthly-weather-review_1938-02_66_2/sim_monthly-weather-review_1938-02_66_2_djvu.txt	?	-
sim_monthly-weather-review_1938-03_66_3	https://archive.org/download/sim_monthly-weather-review_1938-03_66_3/sim_monthly-weather-review_1938-03_66_3_djvu.txt	?	-
sim_monthly-weather-review_1938-04_66_4	https://archive.org/download/sim_monthly-weather-review_1938-04_66_4/sim_monthly-weather-review_1938-04_66_4_djvu.txt	?	-
sim_monthly-weather-review_1938-05_66_5	https://archive.org/download/sim_monthly-weather-review_1938-05_66_5/sim_monthly-weather-review_1938-05_66_5_djvu.txt	?	-
sim_monthly-weather-review_1938-06_66_6	https://archive.org/download/sim_monthly-weather-review_1938-06_66_6/sim_monthly-weather-review_1938-06_66_6_djvu.txt	?	-
sim_monthly-weather-review_1938-07_66_7	https://archive.org/download/sim_monthly-weather-review_1938-07_66_7/sim_monthly-weather-review_1938-07_66_7_djvu.txt	?	-
sim_monthly-weather-review_1938-08_66_8	https://archive.org/download/sim_monthly-weather-review_1938-08_66_8/sim_monthly-weather-review_1938-08_66_8_djvu.txt	?	-
sim_monthly-weather-review_1938-09_66_9	https://archive.org/download/sim_monthly-weather-review_1938-09_66_9/sim_monthly-weather-review_1938-09_66_9_djvu.txt	?	-
sim_monthly-weather-review_1938-10_66_10	https://archive.org/download/sim_monthly-weather-review_1938-10_66_10/sim_monthly-weather-review_1938-10_66_10_djvu.txt	?	-
sim_monthly-weather-review_1938-11_66_11	https://archive.org/download/sim_monthly-weather-review_1938-11_66_11/sim_monthly-weather-review_1938-11_66_11_djvu.txt	?	-
sim_monthly-weather-review_1938-12_66_12	https://archive.org/download/sim_monthly-weather-review_1938-12_66_12/sim_monthly-weather-review_1938-12_66_12_djvu.txt	?	-
sim_monthly-weather-review_1938_66_index-contents	https://archive.org/download/sim_monthly-weather-review_1938_66_index-contents/sim_monthly-weather-review_1938_66_index-contents_djvu.txt	?	-
sim_monthly-weather-review_1938_supplement-37	https://archive.org/download/sim_monthly-weather-review_1938_supplement-37/sim_monthly-weather-review_1938_supplement-37_djvu.txt	?	-
sim_monthly-weather-review_1938_supplement-38	https://archive.org/download/sim_monthly-weather-review_1938_supplement-38/sim_monthly-weather-review_1938_supplement-38_djvu.txt	?	-
sim_monthly-weather-review_1939-01_67_1	https://archive.org/download/sim_monthly-weather-review_1939-01_67_1/sim_monthly-weather-review_1939-01_67_1_djvu.txt	?	-
sim_monthly-weather-review_1939-02_67_2	https://archive.org/download/sim_monthly-weather-review_1939-02_67_2/sim_monthly-weather-review_1939-02_67_2_djvu.txt	?	-
sim_monthly-weather-review_1939-03_67_3	https://archive.org/download/sim_monthly-weather-review_1939-03_67_3/sim_monthly-weather-review_1939-03_67_3_djvu.txt	?	-
sim_monthly-weather-review_1939-04_67_4	https://archive.org/download/sim_monthly-weather-review_1939-04_67_4/sim_monthly-weather-review_1939-04_67_4_djvu.txt	?	-
sim_monthly-weather-review_1939-05_67_5	https://archive.org/download/sim_monthly-weather-review_1939-05_67_5/sim_monthly-weather-review_1939-05_67_5_djvu.txt	?	-
sim_monthly-weather-review_1939-06_67_6	https://archive.org/download/sim_monthly-weather-review_1939-06_67_6/sim_monthly-weather-review_1939-06_67_6_djvu.txt	?	-
