# nature_ia: archive.org djvu.txt, query 'identifier:nature*lock OR identifier:nature*lockgoog', window 1869-01-01..1930-12-31; built 2026-10-06 by src.data.ia_catalog
key	url	bytes	checksum
nature10219181919lock	https://archive.org/download/nature10219181919lock/nature10219181919lock_djvu.txt	?	-
nature1101922lock	https://archive.org/download/nature1101922lock/nature1101922lock_djvu.txt	?	-
nature1111923lock	https://archive.org/download/nature1111923lock/nature1111923lock_djvu.txt	?	-
nature1118741875lock	https://archive.org/download/nature1118741875lock/nature1118741875lock_djvu.txt	?	-
nature161877lock	https://archive.org/download/nature161877lock/nature161877lock_djvu.txt	?	-
nature2118791880lock	https://archive.org/download/nature2118791880lock/nature2118791880lock_djvu.txt	?	-
nature21870lock	https://archive.org/download/nature21870lock/nature21870lock_djvu.txt	?	-
nature221880lock	https://archive.org/download/nature221880lock/nature221880lock_djvu.txt	?	-
nature2318801881lock	https://archive.org/download/nature2318801881lock/nature2318801881lock_djvu.txt	?	-
nature241881lock	https://archive.org/download/nature241881lock/nature241881lock_djvu.txt	?	-
nature2518811882lock	https://archive.org/download/nature2518811882lock/nature2518811882lock_djvu.txt	?	-
nature261882lock	https://archive.org/download/nature261882lock/nature261882lock_djvu.txt	?	-
nature2718821883lock	https://archive.org/download/nature2718821883lock/nature2718821883lock_djvu.txt	?	-
nature281883lock	https://archive.org/download/nature281883lock/nature281883lock_djvu.txt	?	-
nature2918831884lock	https://archive.org/download/nature2918831884lock/nature2918831884lock_djvu.txt	?	-
nature301884lock	https://archive.org/download/nature301884lock/nature301884lock_djvu.txt	?	-
nature3118841885lock	https://archive.org/download/nature3118841885lock/nature3118841885lock_djvu.txt	?	-
nature318701871lock	https://archive.org/download/nature318701871lock/nature318701871lock_djvu.txt	?	-
nature321885lock	https://archive.org/download/nature321885lock/nature321885lock_djvu.txt	?	-
nature3318851886lock	https://archive.org/download/nature3318851886lock/nature3318851886lock_djvu.txt	?	-
nature341886lock	https://archive.org/download/nature341886lock/nature341886lock_djvu.txt	?	-
nature3518861887lock	https://archive.org/download/nature3518861887lock/nature3518861887lock_djvu.txt	?	-
nature41871lock	https://archive.org/download/nature41871lock/nature41871lock_djvu.txt	?	-
nature518711872lock	https://archive.org/download/nature518711872lock/nature518711872lock_djvu.txt	?	-
nature541896lock	https://archive.org/download/nature541896lock/nature541896lock_djvu.txt	?	-
nature5518961897lock	https://archive.org/download/nature5518961897lock/nature5518961897lock_djvu.txt	?	-
nature5918981899lock	https://archive.org/download/nature5918981899lock/nature5918981899lock_djvu.txt	?	-
nature601899lock	https://archive.org/download/nature601899lock/nature601899lock_djvu.txt	?	-
nature61872lock	https://archive.org/download/nature61872lock/nature61872lock_djvu.txt	?	-
nature641901lock	https://archive.org/download/nature641901lock/nature641901lock_djvu.txt	?	-
nature6519011902lock	https://archive.org/download/nature6519011902lock/nature6519011902lock_djvu.txt	?	-
nature661902lock	https://archive.org/download/nature661902lock/nature661902lock_djvu.txt	?	-
nature6719021903lock	https://archive.org/download/nature6719021903lock/nature6719021903lock_djvu.txt	?	-
nature6919031904lock	https://archive.org/download/nature6919031904lock/nature6919031904lock_djvu.txt	?	-
nature701904lock	https://archive.org/download/nature701904lock/nature701904lock_djvu.txt	?	-
nature7119041905lock	https://archive.org/download/nature7119041905lock/nature7119041905lock_djvu.txt	?	-
nature721905lock	https://archive.org/download/nature721905lock/nature721905lock_djvu.txt	?	-
nature7319051906lock	https://archive.org/download/nature7319051906lock/nature7319051906lock_djvu.txt	?	-
nature741906lock	https://archive.org/download/nature741906lock/nature741906lock_djvu.txt	?	-
nature7519061907lock	https://archive.org/download/nature7519061907lock/nature7519061907lock_djvu.txt	?	-
nature761907lock	https://archive.org/download/nature761907lock/nature761907lock_djvu.txt	?	-
nature7719071908lock	https://archive.org/download/nature7719071908lock/nature7719071908lock_djvu.txt	?	-
nature7818721873lock	https://archive.org/download/nature7818721873lock/nature7818721873lock_djvu.txt	?	-
nature781908lock	https://archive.org/download/nature781908lock/nature781908lock_djvu.txt	?	-
nature7919081909lock	https://archive.org/download/nature7919081909lock/nature7919081909lock_djvu.txt	?	-
nature801909lock	https://archive.org/download/nature801909lock/nature801909lock_djvu.txt	?	-
nature811909lock	https://archive.org/download/nature811909lock/nature811909lock_djvu.txt	?	-
nature8219091910lock	https://archive.org/download/nature8219091910lock/nature8219091910lock_djvu.txt	?	-
nature841910lock	https://archive.org/download/nature841910lock/nature841910lock_djvu.txt	?	-
nature871911lock	https://archive.org/download/nature871911lock/nature871911lock_djvu.txt	?	-
nature891912lock	https://archive.org/download/nature891912lock/nature891912lock_djvu.txt	?	-
nature9019121913lock	https://archive.org/download/nature9019121913lock/nature9019121913lock_djvu.txt	?	-
nature91018731874lock	https://archive.org/download/nature91018731874lock/nature91018731874lock_djvu.txt	?	-
nature911913lock	https://archive.org/download/nature911913lock/nature911913lock_djvu.txt	?	-
nature9219131914lock	https://archive.org/download/nature9219131914lock/nature9219131914lock_djvu.txt	?	-
nature931914lock	https://archive.org/download/nature931914lock/nature931914lock_djvu.txt	?	-
nature951915lock	https://archive.org/download/nature951915lock/nature951915lock_djvu.txt	?	-
nature9819161917lock	https://archive.org/download/nature9819161917lock/nature9819161917lock_djvu.txt	?	-
nature_118691870lock	https://archive.org/download/nature_118691870lock/nature_118691870lock_djvu.txt	?	-
