# nbs_papers_ia: archive.org djvu.txt, query 'collection:NBSScientificPapers', window 1900-01-01..1938-12-31; built 2026-10-06 by src.data.ia_catalog
key	url	bytes	checksum
aberrationsoflon19587unse	https://archive.org/download/aberrationsoflon19587unse/aberrationsoflon19587unse_djvu.txt	?	-
accuratemeasurem19173unse	https://archive.org/download/accuratemeasurem19173unse/accuratemeasurem19173unse_djvu.txt	?	-
actionofcharredp18445davi	https://archive.org/download/actionofcharredp18445davi/actionofcharredp18445davi_djvu.txt	?	-
adjustmentofpara1636unse	https://archive.org/download/adjustmentofpara1636unse/adjustmentofpara1636unse_djvu.txt	?	-
airforcesoncircu16489unse	https://archive.org/download/airforcesoncircu16489unse/airforcesoncircu16489unse_djvu.txt	?	-
airplaneantennac15199cork	https://archive.org/download/airplaneantennac15199cork/airplaneantennac15199cork_djvu.txt	?	-
alternatingcurre19731hick	https://archive.org/download/alternatingcurre19731hick/alternatingcurre19731hick_djvu.txt	?	-
alternatingcurre20277snow	https://archive.org/download/alternatingcurre20277snow/alternatingcurre20277snow_djvu.txt	?	-
analysisofdental21209swan	https://archive.org/download/analysisofdental21209swan/analysisofdental21209swan_djvu.txt	?	-
apparatusfordete18513fisc	https://archive.org/download/apparatusfordete18513fisc/apparatusfordete18513fisc_djvu.txt	?	-
applicationofint19357unse	https://archive.org/download/applicationofint19357unse/applicationofint19357unse_djvu.txt	?	-
arcspectraofgado18695kies	https://archive.org/download/arcspectraofgado18695kies/arcspectraofgado18695kies_djvu.txt	?	-
atomictheorylowv1630foot	https://archive.org/download/atomictheorylowv1630foot/atomictheorylowv1630foot_djvu.txt	?	-
bureauofstandard17529kols	https://archive.org/download/bureauofstandard17529kols/bureauofstandard17529kols_djvu.txt	?	-
characteristicso16759unse	https://archive.org/download/characteristicso16759unse/characteristicso16759unse_djvu.txt	?	-
characteristicso17471mohl	https://archive.org/download/characteristicso17471mohl/characteristicso17471mohl_djvu.txt	?	-
compositionpurif18655unse	https://archive.org/download/compositionpurif18655unse/compositionpurif18655unse_djvu.txt	?	-
concerninganneal15537tool	https://archive.org/download/concerninganneal15537tool/concerninganneal15537tool_djvu.txt	?	-
constantsofradia15529unse	https://archive.org/download/constantsofradia15529unse/constantsofradia15529unse_djvu.txt	?	-
constitutionmeta15105meri	https://archive.org/download/constitutionmeta15105meri/constitutionmeta15105meri_djvu.txt	?	-
contrastsensibil15679unse	https://archive.org/download/contrastsensibil15679unse/contrastsensibil15679unse_djvu.txt	?	-
criticalpotentia20167mohl	https://archive.org/download/criticalpotentia20167mohl/criticalpotentia20167mohl_djvu.txt	?	-
criticalrangesof16195scot	https://archive.org/download/criticalrangesof16195scot/criticalrangesof16195scot_djvu.txt	?	-
decarburizationo18327unse	https://archive.org/download/decarburizationo18327unse/decarburizationo18327unse_djvu.txt	?	-
decreaseinultra15120cobl	https://archive.org/download/decreaseinultra15120cobl/decreaseinultra15120cobl_djvu.txt	?	-
dependenceofinpu15367mill	https://archive.org/download/dependenceofinpu15367mill/dependenceofinpu15367mill_djvu.txt	?	-
determinationofc19347unse	https://archive.org/download/determinationofc19347unse/determinationofc19347unse_djvu.txt	?	-
directiveradiotr19116unse	https://archive.org/download/directiveradiotr19116unse/directiveradiotr19116unse_djvu.txt	?	-
directivetyperad19281unse	https://archive.org/download/directivetyperad19281unse/directivetyperad19281unse_djvu.txt	?	-
distributionofen1563cobl	https://archive.org/download/distributionofen1563cobl/distributionofen1563cobl_djvu.txt	?	-
doublepolarizati16125jack	https://archive.org/download/doublepolarizati16125jack/doublepolarizati16125jack_djvu.txt	?	-
effectofrateofco17657unse	https://archive.org/download/effectofrateofco17657unse/effectofrateofco17657unse_djvu.txt	?	-
effectofrateofte15911unse	https://archive.org/download/effectofrateofte15911unse/effectofrateofte15911unse_djvu.txt	?	-
effectofstresson19681unse	https://archive.org/download/effectofstresson19681unse/effectofstresson19681unse_djvu.txt	?	-
effectofwearonma20339sanf	https://archive.org/download/effectofwearonma20339sanf/effectofwearonma20339sanf_djvu.txt	?	-
effectsofdistrib17521unse	https://archive.org/download/effectsofdistrib17521unse/effectsofdistrib17521unse_djvu.txt	?	-
effluxofgasesthr1557buck	https://archive.org/download/effluxofgasesthr1557buck/effluxofgasesthr1557buck_djvu.txt	?	-
electromotivefor1762vina	https://archive.org/download/electromotivefor1762vina/electromotivefor1762vina_djvu.txt	?	-
electrontubeampl18345lowe	https://archive.org/download/electrontubeampl18345lowe/electrontubeampl18345lowe_djvu.txt	?	-
electrontubetran1625hull	https://archive.org/download/electrontubetran1625hull/electrontubetran1625hull_djvu.txt	?	-
equilibriumcondi15353cain	https://archive.org/download/equilibriumcondi15353cain/equilibriumcondi15353cain_djvu.txt	?	-
establishmentofr21179joll	https://archive.org/download/establishmentofr21179joll/establishmentofr21179joll_djvu.txt	?	-
experimentalstud21951davi	https://archive.org/download/experimentalstud21951davi/experimentalstud21951davi_djvu.txt	?	-
fieldradiatedfro17589unse	https://archive.org/download/fieldradiatedfro17589unse/fieldradiatedfro17589unse_djvu.txt	?	-
flowcalorimeterf20119osbo	https://archive.org/download/flowcalorimeterf20119osbo/flowcalorimeterf20119osbo_djvu.txt	?	-
formulaetablescu19541unse	https://archive.org/download/formulaetablescu19541unse/formulaetablescu19541unse_djvu.txt	?	-
formulaetablesfo18737unse	https://archive.org/download/formulaetablesfo18737unse/formulaetablesfo18737unse_djvu.txt	?	-
furthertestsofst18535cobl	https://archive.org/download/furthertestsofst18535cobl/furthertestsofst18535cobl_djvu.txt	?	-
gasesinmetals1de18499jord	https://archive.org/download/gasesinmetals1de18499jord/gasesinmetals1de18499jord_djvu.txt	?	-
gasesinmetalsiid20445jord	https://archive.org/download/gasesinmetalsiid20445jord/gasesinmetalsiid20445jord_djvu.txt	?	-
gravitationalani19307unse	https://archive.org/download/gravitationalani19307unse/gravitationalani19307unse_djvu.txt	?	-
heattreatmentofd15271meri	https://archive.org/download/heattreatmentofd15271meri/heattreatmentofd15271meri_djvu.txt	?	-
highfrequencyres1756unse	https://archive.org/download/highfrequencyres1756unse/highfrequencyres1756unse_djvu.txt	?	-
improvedmethodfo17607clar	https://archive.org/download/improvedmethodfo17607clar/improvedmethodfo17607clar_djvu.txt	?	-
improvedtypeofwa20111stro	https://archive.org/download/improvedtypeofwa20111stro/improvedtypeofwa20111stro_djvu.txt	?	-
infraredtransmis16701cobl	https://archive.org/download/infraredtransmis16701cobl/infraredtransmis16701cobl_djvu.txt	?	-
integrationmetho16931unse	https://archive.org/download/integrationmetho16931unse/integrationmetho16931unse_djvu.txt	?	-
intercrystalline16215rawd	https://archive.org/download/intercrystalline16215rawd/intercrystalline16215rawd_djvu.txt	?	-
interferencemeth17677pete	https://archive.org/download/interferencemeth17677pete/interferencemeth17677pete_djvu.txt	?	-
interferometerme19273megg	https://archive.org/download/interferometerme19273megg/interferometerme19273megg_djvu.txt	?	-
investigationofp19325gilc	https://archive.org/download/investigationofp19325gilc/investigationofp19325gilc_djvu.txt	?	-
investigationson20194megg	https://archive.org/download/investigationson20194megg/investigationson20194megg_djvu.txt	?	-
ionizationresona15723mohl	https://archive.org/download/ionizationresona15723mohl/ionizationresona15723mohl_djvu.txt	?	-
ionizationresona1666unse	https://archive.org/download/ionizationresona1666unse/ionizationresona1666unse_djvu.txt	?	-
locationofflawsi15219unse	https://archive.org/download/locationofflawsi15219unse/locationofflawsi15219unse_djvu.txt	?	-
magneticproperti18609unse	https://archive.org/download/magneticproperti18609unse/magneticproperti18609unse_djvu.txt	?	-
magneticreluctiv16739unse	https://archive.org/download/magneticreluctiv16739unse/magneticreluctiv16739unse_djvu.txt	?	-
magnetictestingo15625unse	https://archive.org/download/magnetictestingo15625unse/magnetictestingo15625unse_djvu.txt	?	-
mathematicaltheo1740sils	https://archive.org/download/mathematicaltheo1740sils/mathematicaltheo1740sils_djvu.txt	?	-
measurementofcol1822prie	https://archive.org/download/measurementofcol1822prie/measurementofcol1822prie_djvu.txt	?	-
measurementofdif16421unse	https://archive.org/download/measurementofdif16421unse/measurementofdif16421unse_djvu.txt	?	-
measurementofhys16281chen	https://archive.org/download/measurementofhys16281chen/measurementofhys16281chen_djvu.txt	?	-
measurementoflow19297unse	https://archive.org/download/measurementoflow19297unse/measurementoflow19297unse_djvu.txt	?	-
measurementofsou19105unse	https://archive.org/download/measurementofsou19105unse/measurementofsou19105unse_djvu.txt	?	-
measurementsofin20635pete	https://archive.org/download/measurementsofin20635pete/measurementsofin20635pete_djvu.txt	?	-
measurementsofwa1525unse	https://archive.org/download/measurementsofwa1525unse/measurementsofwa1525unse_djvu.txt	?	-
measurementsonth1644pete	https://archive.org/download/measurementsonth1644pete/measurementsonth1644pete_djvu.txt	?	-
measurementsonth21123soud	https://archive.org/download/measurementsonth21123soud/measurementsonth21123soud_djvu.txt	?	-
metallographicet16641rawd	https://archive.org/download/metallographicet16641rawd/metallographicet16641rawd_djvu.txt	?	-
metallographicet17635rawd	https://archive.org/download/metallographicet17635rawd/metallographicet17635rawd_djvu.txt	?	-
metallographicet20527groe	https://archive.org/download/metallographicet20527groe/metallographicet20527groe_djvu.txt	?	-
methodofdetermin20476kenn	https://archive.org/download/methodofdetermin20476kenn/methodofdetermin20476kenn_djvu.txt	?	-
methodofstudying20153holl	https://archive.org/download/methodofstudying20153holl/methodofstudying20153holl_djvu.txt	?	-
methodsforcomput15617cobl	https://archive.org/download/methodsforcomput15617cobl/methodsforcomput15617cobl_djvu.txt	?	-
methodsofmeasuri19397dell	https://archive.org/download/methodsofmeasuri19397dell/methodsofmeasuri19397dell_djvu.txt	?	-
microstructureof15519rawd	https://archive.org/download/microstructureof15519rawd/microstructureof15519rawd_djvu.txt	?	-
newcadmiumvapora16455bate	https://archive.org/download/newcadmiumvapora16455bate/newcadmiumvapora16455bate_djvu.txt	?	-
newformofvibrati16374agne	https://archive.org/download/newformofvibrati16374agne/newformofvibrati16374agne_djvu.txt	?	-
newformsofins15unse	https://archive.org/download/newformsofins15unse/newformsofins15unse_djvu.txt	?	-
newformsofinstru15unse	https://archive.org/download/newformsofinstru15unse/newformsofinstru15unse_djvu.txt	?	-
newinterferencea2022pete	https://archive.org/download/newinterferencea2022pete/newinterferencea2022pete_djvu.txt	?	-
newinterferentia15669unse	https://archive.org/download/newinterferentia15669unse/newinterferentia15669unse_djvu.txt	?	-
newmethodformeas17798davi	https://archive.org/download/newmethodformeas17798davi/newmethodformeas17798davi_djvu.txt	?	-
newmicrophotomet1629megg	https://archive.org/download/newmicrophotomet1629megg/newmicrophotomet1629megg_djvu.txt	?	-
newspectropyrhel16233unse	https://archive.org/download/newspectropyrhel16233unse/newspectropyrhel16233unse_djvu.txt	?	-
nonflammableliqu2061kano	https://archive.org/download/nonflammableliqu2061kano/nonflammableliqu2061kano_djvu.txt	?	-
nonintermittents20345davi	https://archive.org/download/nonintermittents20345davi/nonintermittents20345davi_djvu.txt	?	-
noteonpreparatio17567clar	https://archive.org/download/noteonpreparatio17567clar/noteonpreparatio17567clar_djvu.txt	?	-
notesonstandardw18185megg	https://archive.org/download/notesonstandardw18185megg/notesonstandardw18185megg_djvu.txt	?	-
operationofmodul17377unse	https://archive.org/download/operationofmodul17377unse/operationofmodul17377unse_djvu.txt	?	-
originofquenchin20399scot	https://archive.org/download/originofquenchin20399scot/originofquenchin20399scot_djvu.txt	?	-
outputcharacteri15497hull	https://archive.org/download/outputcharacteri15497hull/outputcharacteri15497hull_djvu.txt	?	-
oxygencontentbyl15259cain	https://archive.org/download/oxygencontentbyl15259cain/oxygencontentbyl15259cain_djvu.txt	?	-
permeabilityofru1632unse	https://archive.org/download/permeabilityofru1632unse/permeabilityofru1632unse_djvu.txt	?	-
photoelectricspe15325unse	https://archive.org/download/photoelectricspe15325unse/photoelectricspe15325unse_djvu.txt	?	-
photographicmeth1643unse	https://archive.org/download/photographicmeth1643unse/photographicmeth1643unse_djvu.txt	?	-
piezoelectricmet18257karc	https://archive.org/download/piezoelectricmet18257karc/piezoelectricmet18257karc_djvu.txt	?	-
portablevacuumth17187cobl	https://archive.org/download/portablevacuumth17187cobl/portablevacuumth17187cobl_djvu.txt	?	-
positivenegative16595unse	https://archive.org/download/positivenegative16595unse/positivenegative16595unse_djvu.txt	?	-
practicalspectro18235megg	https://archive.org/download/practicalspectro18235megg/practicalspectro18235megg_djvu.txt	?	-
preliminarydeter15314scha	https://archive.org/download/preliminarydeter15314scha/preliminarydeter15314scha_djvu.txt	?	-
preliminarydeter1531scha	https://archive.org/download/preliminarydeter1531scha/preliminarydeter1531scha_djvu.txt	?	-
preparationofgal17227clar	https://archive.org/download/preparationofgal17227clar/preparationofgal17227clar_djvu.txt	?	-
preparationoflev20587jack	https://archive.org/download/preparationoflev20587jack/preparationoflev20587jack_djvu.txt	?	-
preparationprope18411nevi	https://archive.org/download/preparationprope18411nevi/preparationprope18411nevi_djvu.txt	?	-
preparationprope18637unse	https://archive.org/download/preparationprope18637unse/preparationprope18637unse_djvu.txt	?	-
preparationrefle15653walt	https://archive.org/download/preparationrefle15653walt/preparationrefle15653walt_djvu.txt	?	-
presentstatusofc17748cobl	https://archive.org/download/presentstatusofc17748cobl/presentstatusofc17748cobl_djvu.txt	?	-
primaryradiofreq19445unse	https://archive.org/download/primaryradiofreq19445unse/primaryradiofreq19445unse_djvu.txt	?	-
principlegoverni21191wenn	https://archive.org/download/principlegoverni21191wenn/principlegoverni21191wenn_djvu.txt	?	-
principlesofradi15435dell	https://archive.org/download/principlesofradi15435dell/principlesofradi15435dell_djvu.txt	?	-
productionofliqu17277cook	https://archive.org/download/productionofliqu17277cook/productionofliqu17277cook_djvu.txt	?	-
purezincatnormal20661free	https://archive.org/download/purezincatnormal20661free/purezincatnormal20661free_djvu.txt	?	-
quantitativestud19419joll	https://archive.org/download/quantitativestud19419joll/quantitativestud19419joll_djvu.txt	?	-
radiofrequencyam18335lowe	https://archive.org/download/radiofrequencyam18335lowe/radiofrequencyam18335lowe_djvu.txt	?	-
radiometricinves19641cobl	https://archive.org/download/radiometricinves19641cobl/radiometricinves19641cobl_djvu.txt	?	-
recentmodificati17496slig	https://archive.org/download/recentmodificati17496slig/recentmodificati17496slig_djvu.txt	?	-
redeterminationo19263unse	https://archive.org/download/redeterminationo19263unse/redeterminationo19263unse_djvu.txt	?	-
reflectingpowero15215cobl	https://archive.org/download/reflectingpowero15215cobl/reflectingpowero15215cobl_djvu.txt	?	-
reflectingpowero16249cobl	https://archive.org/download/reflectingpowero16249cobl/reflectingpowero16249cobl_djvu.txt	?	-
relationconnect15212hers	https://archive.org/download/relationconnect15212hers/relationconnect15212hers_djvu.txt	?	-
relationofhighte1652unse	https://archive.org/download/relationofhighte1652unse/relationofhighte1652unse_djvu.txt	?	-
relationofvoltag15659unse	https://archive.org/download/relationofvoltag15659unse/relationofvoltag15659unse_djvu.txt	?	-
relativespectral1637unse	https://archive.org/download/relativespectral1637unse/relativespectral1637unse_djvu.txt	?	-
resonancepotenti1672mohl	https://archive.org/download/resonancepotenti1672mohl/resonancepotenti1672mohl_djvu.txt	?	-
reviewofliteratu21141blan	https://archive.org/download/reviewofliteratu21141blan/reviewofliteratu21141blan_djvu.txt	?	-
scientificpape15unse	https://archive.org/download/scientificpape15unse/scientificpape15unse_djvu.txt	?	-
scientificpaper15unse	https://archive.org/download/scientificpaper15unse/scientificpaper15unse_djvu.txt	?	-
scientificpaper16unse	https://archive.org/download/scientificpaper16unse/scientificpaper16unse_djvu.txt	?	-
scientificpaper17unse	https://archive.org/download/scientificpaper17unse/scientificpaper17unse_djvu.txt	?	-
scientificpaper18unse	https://archive.org/download/scientificpaper18unse/scientificpaper18unse_djvu.txt	?	-
scientificpaper20unse	https://archive.org/download/scientificpaper20unse/scientificpaper20unse_djvu.txt	?	-
scientificpapers16unse	https://archive.org/download/scientificpapers16unse/scientificpapers16unse_djvu.txt	?	-
scientificpapers17uns	https://archive.org/download/scientificpapers17uns/scientificpapers17uns_djvu.txt	?	-
scientificpapers17unse	https://archive.org/download/scientificpapers17unse/scientificpapers17unse_djvu.txt	?	-
scientificpapers18unse	https://archive.org/download/scientificpapers18unse/scientificpapers18unse_djvu.txt	?	-
scientificpapers19uns	https://archive.org/download/scientificpapers19uns/scientificpapers19uns_djvu.txt	?	-
scientificpapers19unse	https://archive.org/download/scientificpapers19unse/scientificpapers19unse_djvu.txt	?	-
scientificpapers20unse	https://archive.org/download/scientificpapers20unse/scientificpapers20unse_djvu.txt	?	-
scientificpapers21unse	https://archive.org/download/scientificpapers21unse/scientificpapers21unse_djvu.txt	?	-
sensitometryofph18112davi	https://archive.org/download/sensitometryofph18112davi/sensitometryofph18112davi_djvu.txt	?	-
seriesinarcspect19113unse	https://archive.org/download/seriesinarcspect19113unse/seriesinarcspect19113unse_djvu.txt	?	-
shieldedresistor20489sils	https://archive.org/download/shieldedresistor20489sils/shieldedresistor20489sils_djvu.txt	?	-
shorttestsforset21659pien	https://archive.org/download/shorttestsforset21659pien/shorttestsforset21659pien_djvu.txt	?	-
simpleportablein171tayl	https://archive.org/download/simpleportablein171tayl/simpleportablein171tayl_djvu.txt	?	-
simplificationof15101unse	https://archive.org/download/simplificationof15101unse/simplificationof15101unse_djvu.txt	?	-
solubilityofdext17715jack	https://archive.org/download/solubilityofdext17715jack/solubilityofdext17715jack_djvu.txt	?	-
someopticalphoto15121unse	https://archive.org/download/someopticalphoto15121unse/someopticalphoto15121unse_djvu.txt	?	-
sparkphotography2023quay	https://archive.org/download/sparkphotography2023quay/sparkphotography2023quay_djvu.txt	?	-
specialcamerafor20515davi	https://archive.org/download/specialcamerafor20515davi/specialcamerafor20515davi_djvu.txt	?	-
specificheatofsu20651osbo	https://archive.org/download/specificheatofsu20651osbo/specificheatofsu20651osbo_djvu.txt	?	-
specificvolumeof17287unse	https://archive.org/download/specificvolumeof17287unse/specificvolumeof17287unse_djvu.txt	?	-
specificvolumeof18707unse	https://archive.org/download/specificvolumeof18707unse/specificvolumeof18707unse_djvu.txt	?	-
spectracriticalp19463unse	https://archive.org/download/spectracriticalp19463unse/spectracriticalp19463unse_djvu.txt	?	-
spectraldistribu17231unse	https://archive.org/download/spectraldistribu17231unse/spectraldistribu17231unse_djvu.txt	?	-
spectralphotoele15231cobl	https://archive.org/download/spectralphotoele15231cobl/spectralphotoele15231cobl_djvu.txt	?	-
spectraltransmis18121gibs	https://archive.org/download/spectraltransmis18121gibs/spectraltransmis18121gibs_djvu.txt	?	-
spectraofargonkr17193megg	https://archive.org/download/spectraofargonkr17193megg/spectraofargonkr17193megg_djvu.txt	?	-
spectrophotoelec16253cobl	https://archive.org/download/spectrophotoelec16253cobl/spectrophotoelec16253cobl_djvu.txt	?	-
spectrophotoelec17179cobl	https://archive.org/download/spectrophotoelec17179cobl/spectrophotoelec17179cobl_djvu.txt	?	-
spectrophotoelec18265cobl	https://archive.org/download/spectrophotoelec18265cobl/spectrophotoelec18265cobl_djvu.txt	?	-
spectrophotoelec18353cobl	https://archive.org/download/spectrophotoelec18353cobl/spectrophotoelec18353cobl_djvu.txt	?	-
spectrophotoelec18489cobl	https://archive.org/download/spectrophotoelec18489cobl/spectrophotoelec18489cobl_djvu.txt	?	-
spectroradiometr17267unse	https://archive.org/download/spectroradiometr17267unse/spectroradiometr17267unse_djvu.txt	?	-
spectroradiometr19231unse	https://archive.org/download/spectroradiometr19231unse/spectroradiometr19231unse_djvu.txt	?	-
sphericalaberrat18559unse	https://archive.org/download/sphericalaberrat18559unse/sphericalaberrat18559unse_djvu.txt	?	-
standardisedmeth15185wilh	https://archive.org/download/standardisedmeth15185wilh/standardisedmeth15185wilh_djvu.txt	?	-
standardizationo15163muel	https://archive.org/download/standardizationo15163muel/standardizationo15163muel_djvu.txt	?	-
stellarradiomete17725unse	https://archive.org/download/stellarradiomete17725unse/stellarradiomete17725unse_djvu.txt	?	-
striinopticalgla1541unse	https://archive.org/download/striinopticalgla1541unse/striinopticalgla1541unse_djvu.txt	?	-
structureoffucos18527clar	https://archive.org/download/structureoffucos18527clar/structureoffucos18527clar_djvu.txt	?	-
structureofmarte18373rawd	https://archive.org/download/structureofmarte18373rawd/structureofmarte18373rawd_djvu.txt	?	-
studiesincolorse1735walt	https://archive.org/download/studiesincolorse1735walt/studiesincolorse1735walt_djvu.txt	?	-
studyofradiosign19193unse	https://archive.org/download/studyofradiosign19193unse/studyofradiosign19193unse_djvu.txt	?	-
studyofrelationb16557unse	https://archive.org/download/studyofrelationb16557unse/studyofrelationb16557unse_djvu.txt	?	-
tablesforcalcula18451grov	https://archive.org/download/tablesforcalcula18451grov/tablesforcalcula18451grov_djvu.txt	?	-
tablesforcalcula2011grov	https://archive.org/download/tablesforcalcula2011grov/tablesforcalcula2011grov_djvu.txt	?	-
temperatureestim20371cobl	https://archive.org/download/temperatureestim20371cobl/temperatureestim20371cobl_djvu.txt	?	-
testingofmagneti16273sanf	https://archive.org/download/testingofmagneti16273sanf/testingofmagneti16273sanf_djvu.txt	?	-
theoryconstructi18281rosa	https://archive.org/download/theoryconstructi18281rosa/theoryconstructi18281rosa_djvu.txt	?	-
theoryinterpreta20193buck	https://archive.org/download/theoryinterpreta20193buck/theoryinterpreta20193buck_djvu.txt	?	-
theoryofdetermin19487unse	https://archive.org/download/theoryofdetermin19487unse/theoryofdetermin19487unse_djvu.txt	?	-
thermalexpansion15387unse	https://archive.org/download/thermalexpansion15387unse/thermalexpansion15387unse_djvu.txt	?	-
thermalexpansion17497soud	https://archive.org/download/thermalexpansion17497soud/thermalexpansion17497soud_djvu.txt	?	-
thermalexpansion17611soud	https://archive.org/download/thermalexpansion17611soud/thermalexpansion17611soud_djvu.txt	?	-
thermalexpansion17911hidn	https://archive.org/download/thermalexpansion17911hidn/thermalexpansion17911hidn_djvu.txt	?	-
thermalexpansion19429unse	https://archive.org/download/thermalexpansion19429unse/thermalexpansion19429unse_djvu.txt	?	-
thermalexpansion19697hidn	https://archive.org/download/thermalexpansion19697hidn/thermalexpansion19697hidn_djvu.txt	?	-
thermalexpansion20483hidn	https://archive.org/download/thermalexpansion20483hidn/thermalexpansion20483hidn_djvu.txt	?	-
thermalphysicalc16537scot	https://archive.org/download/thermalphysicalc16537scot/thermalphysicalc16537scot_djvu.txt	?	-
thermoelectricac19375unse	https://archive.org/download/thermoelectricac19375unse/thermoelectricac19375unse_djvu.txt	?	-
transmissionabso21376eckh	https://archive.org/download/transmissionabso21376eckh/transmissionabso21376eckh_djvu.txt	?	-
turbiditystandar15693well	https://archive.org/download/turbiditystandar15693well/turbiditystandar15693well_djvu.txt	?	-
twocommonfailure1640unse	https://archive.org/download/twocommonfailure1640unse/twocommonfailure1640unse_djvu.txt	?	-
ultravioletrefle19577cobl	https://archive.org/download/ultravioletrefle19577cobl/ultravioletrefle19577cobl_djvu.txt	?	-
unicontrolhighfr21253dunm	https://archive.org/download/unicontrolhighfr21253dunm/unicontrolhighfr21253dunm_djvu.txt	?	-
useofammoniumper16715rawd	https://archive.org/download/useofammoniumper16715rawd/useofammoniumper16715rawd_djvu.txt	?	-
useofmodifiedros15317scot	https://archive.org/download/useofmodifiedros15317scot/useofmodifiedros15317scot_djvu.txt	?	-
useofulbrichtsph17203karr	https://archive.org/download/useofulbrichtsph17203karr/useofulbrichtsph17203karr_djvu.txt	?	-
vaporpressureofa1613unse	https://archive.org/download/vaporpressureofa1613unse/vaporpressureofa1613unse_djvu.txt	?	-
variationindirec15419unse	https://archive.org/download/variationindirec15419unse/variationindirec15419unse_djvu.txt	?	-
variationofresid16291unse	https://archive.org/download/variationofresid16291unse/variationofresid16291unse_djvu.txt	?	-
variousphotoelec18585cobl	https://archive.org/download/variousphotoelec18585cobl/variousphotoelec18585cobl_djvu.txt	?	-
visibilityofradi19131unse	https://archive.org/download/visibilityofradi19131unse/visibilityofradi19131unse_djvu.txt	?	-
wavelengthmeasur17161unse	https://archive.org/download/wavelengthmeasur17161unse/wavelengthmeasur17161unse_djvu.txt	?	-
wavelengthmeasur18201kies	https://archive.org/download/wavelengthmeasur18201kies/wavelengthmeasur18201kies_djvu.txt	?	-
wavelengthslonge16517unse	https://archive.org/download/wavelengthslonge16517unse/wavelengthslonge16517unse_djvu.txt	?	-
wavelengthslonge17317unse	https://archive.org/download/wavelengthslonge17317unse/wavelengthslonge17317unse_djvu.txt	?	-
windpressuresons20697dryd	https://archive.org/download/windpressuresons20697dryd/windpressuresons20697dryd_djvu.txt	?	-
