# nbs_jres_ia: archive.org djvu.txt, query 'collection:pub_united-states-national-bureau-of-standards-journal', window 1928-01-01..1939-06-30; built 2026-10-06 by src.data.ia_catalog
key	url	bytes	checksum
sim_united-states-national-bureau-of-standards-journal_1928-07_1_1	https://archive.org/download/sim_united-states-national-bureau-of-standards-journal_1928-07_1_1/sim_united-states-national-bureau-of-standards-journal_1928-07_1_1_djvu.txt	?	-
sim_united-states-national-bureau-of-standards-journal_1928-08_1_2	https://archive.org/download/sim_united-states-national-bureau-of-standards-journal_1928-08_1_2/sim_united-states-national-bureau-of-standards-journal_1928-08_1_2_djvu.txt	?	-
sim_united-states-national-bureau-of-standards-journal_1928-09_1_3	https://archive.org/download/sim_united-states-national-bureau-of-standards-journal_1928-09_1_3/sim_united-states-national-bureau-of-standards-journal_1928-09_1_3_djvu.txt	?	-
sim_united-states-national-bureau-of-standards-journal_1928-10_1_4	https://archive.org/download/sim_united-states-national-bureau-of-standards-journal_1928-10_1_4/sim_united-states-national-bureau-of-standards-journal_1928-10_1_4_djvu.txt	?	-
sim_united-states-national-bureau-of-standards-journal_1928-11_1_5	https://archive.org/download/sim_united-states-national-bureau-of-standards-journal_1928-11_1_5/sim_united-states-national-bureau-of-standards-journal_1928-11_1_5_djvu.txt	?	-
sim_united-states-national-bureau-of-standards-journal_1928-12_1_6	https://archive.org/download/sim_united-states-national-bureau-of-standards-journal_1928-12_1_6/sim_united-states-national-bureau-of-standards-journal_1928-12_1_6_djvu.txt	?	-
sim_united-states-national-bureau-of-standards-journal_1929-01_2_1	https://archive.org/download/sim_united-states-national-bureau-of-standards-journal_1929-01_2_1/sim_united-states-national-bureau-of-standards-journal_1929-01_2_1_djvu.txt	?	-
sim_united-states-national-bureau-of-standards-journal_1929-02_2_2	https://archive.org/download/sim_united-states-national-bureau-of-standards-journal_1929-02_2_2/sim_united-states-national-bureau-of-standards-journal_1929-02_2_2_djvu.txt	?	-
sim_united-states-national-bureau-of-standards-journal_1929-03_2_3	https://archive.org/download/sim_united-states-national-bureau-of-standards-journal_1929-03_2_3/sim_united-states-national-bureau-of-standards-journal_1929-03_2_3_djvu.txt	?	-
sim_united-states-national-bureau-of-standards-journal_1929-04_2_4	https://archive.org/download/sim_united-states-national-bureau-of-standards-journal_1929-04_2_4/sim_united-states-national-bureau-of-standards-journal_1929-04_2_4_djvu.txt	?	-
sim_united-states-national-bureau-of-standards-journal_1929-05_2_5	https://archive.org/download/sim_united-states-national-bureau-of-standards-journal_1929-05_2_5/sim_united-states-national-bureau-of-standards-journal_1929-05_2_5_djvu.txt	?	-
sim_united-states-national-bureau-of-standards-journal_1929-06_2_6	https://archive.org/download/sim_united-states-national-bureau-of-standards-journal_1929-06_2_6/sim_united-states-national-bureau-of-standards-journal_1929-06_2_6_djvu.txt	?	-
sim_united-states-national-bureau-of-standards-journal_1929-07_3_1	https://archive.org/download/sim_united-states-national-bureau-of-standards-journal_1929-07_3_1/sim_united-states-national-bureau-of-standards-journal_1929-07_3_1_djvu.txt	?	-
sim_united-states-national-bureau-of-standards-journal_1929-08_3_2	https://archive.org/download/sim_united-states-national-bureau-of-standards-journal_1929-08_3_2/sim_united-states-national-bureau-of-standards-journal_1929-08_3_2_djvu.txt	?	-
sim_united-states-national-bureau-of-standards-journal_1929-09_3_3	https://archive.org/download/sim_united-states-national-bureau-of-standards-journal_1929-09_3_3/sim_united-states-national-bureau-of-standards-journal_1929-09_3_3_djvu.txt	?	-
sim_united-states-national-bureau-of-standards-journal_1929-10_3_4	https://archive.org/download/sim_united-states-national-bureau-of-standards-journal_1929-10_3_4/sim_united-states-national-bureau-of-standards-journal_1929-10_3_4_djvu.txt	?	-
sim_united-states-national-bureau-of-standards-journal_1929-11_3_5	https://archive.org/download/sim_united-states-national-bureau-of-standards-journal_1929-11_3_5/sim_united-states-national-bureau-of-standards-journal_1929-11_3_5_djvu.txt	?	-
sim_united-states-national-bureau-of-standards-journal_1929-12_3_6	https://archive.org/download/sim_united-states-national-bureau-of-standards-journal_1929-12_3_6/sim_united-states-national-bureau-of-standards-journal_1929-12_3_6_djvu.txt	?	-
sim_united-states-national-bureau-of-standards-journal_1930-01_4_1	https://archive.org/download/sim_united-states-national-bureau-of-standards-journal_1930-01_4_1/sim_united-states-national-bureau-of-standards-journal_1930-01_4_1_djvu.txt	?	-
sim_united-states-national-bureau-of-standards-journal_1930-02_4_2	https://archive.org/download/sim_united-states-national-bureau-of-standards-journal_1930-02_4_2/sim_united-states-national-bureau-of-standards-journal_1930-02_4_2_djvu.txt	?	-
sim_united-states-national-bureau-of-standards-journal_1930-03_4_3	https://archive.org/download/sim_united-states-national-bureau-of-standards-journal_1930-03_4_3/sim_united-states-national-bureau-of-standards-journal_1930-03_4_3_djvu.txt	?	-
sim_united-states-national-bureau-of-standards-journal_1930-04_4_4	https://archive.org/download/sim_united-states-national-bureau-of-standards-journal_1930-04_4_4/sim_united-states-national-bureau-of-standards-journal_1930-04_4_4_djvu.txt	?	-
sim_united-states-national-bureau-of-standards-journal_1930-05_4_5	https://archive.org/download/sim_united-states-national-bureau-of-standards-journal_1930-05_4_5/sim_united-states-national-bureau-of-standards-journal_1930-05_4_5_djvu.txt	?	-
sim_united-states-national-bureau-of-standards-journal_1930-06_4_6	https://archive.org/download/sim_united-states-national-bureau-of-standards-journal_1930-06_4_6/sim_united-states-national-bureau-of-standards-journal_1930-06_4_6_djvu.txt	?	-
sim_united-states-national-bureau-of-standards-journal_1930-07_5_1	https://archive.org/download/sim_united-states-national-bureau-of-standards-journal_1930-07_5_1/sim_united-states-national-bureau-of-standards-journal_1930-07_5_1_djvu.txt	?	-
sim_united-states-national-bureau-of-standards-journal_1930-08_5_2	https://archive.org/download/sim_united-states-national-bureau-of-standards-journal_1930-08_5_2/sim_united-states-national-bureau-of-standards-journal_1930-08_5_2_djvu.txt	?	-
sim_united-states-national-bureau-of-standards-journal_1930-09_5_3	https://archive.org/download/sim_united-states-national-bureau-of-standards-journal_1930-09_5_3/sim_united-states-national-bureau-of-standards-journal_1930-09_5_3_djvu.txt	?	-
sim_united-states-national-bureau-of-standards-journal_1930-10_5_4	https://archive.org/download/sim_united-states-national-bureau-of-standards-journal_1930-10_5_4/sim_united-states-national-bureau-of-standards-journal_1930-10_5_4_djvu.txt	?	-
sim_united-states-national-bureau-of-standards-journal_1930-11_5_5	https://archive.org/download/sim_united-states-national-bureau-of-standards-journal_1930-11_5_5/sim_united-states-national-bureau-of-standards-journal_1930-11_5_5_djvu.txt	?	-
sim_united-states-national-bureau-of-standards-journal_1930-12_5_6	https://archive.org/download/sim_united-states-national-bureau-of-standards-journal_1930-12_5_6/sim_united-states-national-bureau-of-standards-journal_1930-12_5_6_djvu.txt	?	-
sim_united-states-national-bureau-of-standards-journal_1931-01_6_1	https://archive.org/download/sim_united-states-national-bureau-of-standards-journal_1931-01_6_1/sim_united-states-national-bureau-of-standards-journal_1931-01_6_1_djvu.txt	?	-
sim_united-states-national-bureau-of-standards-journal_1931-02_6_2	https://archive.org/download/sim_united-states-national-bureau-of-standards-journal_1931-02_6_2/sim_united-states-national-bureau-of-standards-journal_1931-02_6_2_djvu.txt	?	-
sim_united-states-national-bureau-of-standards-journal_1931-03_6_3	https://archive.org/download/sim_united-states-national-bureau-of-standards-journal_1931-03_6_3/sim_united-states-national-bureau-of-standards-journal_1931-03_6_3_djvu.txt	?	-
sim_united-states-national-bureau-of-standards-journal_1931-04_6_4	https://archive.org/download/sim_united-states-national-bureau-of-standards-journal_1931-04_6_4/sim_united-states-national-bureau-of-standards-journal_1931-04_6_4_djvu.txt	?	-
sim_united-states-national-bureau-of-standards-journal_1931-05_6_5	https://archive.org/download/sim_united-states-national-bureau-of-standards-journal_1931-05_6_5/sim_united-states-national-bureau-of-standards-journal_1931-05_6_5_djvu.txt	?	-
sim_united-states-national-bureau-of-standards-journal_1931-06_6_6	https://archive.org/download/sim_united-states-national-bureau-of-standards-journal_1931-06_6_6/sim_united-states-national-bureau-of-standards-journal_1931-06_6_6_djvu.txt	?	-
sim_united-states-national-bureau-of-standards-journal_1931-07_7_1	https://archive.org/download/sim_united-states-national-bureau-of-standards-journal_1931-07_7_1/sim_united-states-national-bureau-of-standards-journal_1931-07_7_1_djvu.txt	?	-
sim_united-states-national-bureau-of-standards-journal_1931-08_7_2	https://archive.org/download/sim_united-states-national-bureau-of-standards-journal_1931-08_7_2/sim_united-states-national-bureau-of-standards-journal_1931-08_7_2_djvu.txt	?	-
sim_united-states-national-bureau-of-standards-journal_1931-09_7_3	https://archive.org/download/sim_united-states-national-bureau-of-standards-journal_1931-09_7_3/sim_united-states-national-bureau-of-standards-journal_1931-09_7_3_djvu.txt	?	-
sim_united-states-national-bureau-of-standards-journal_1931-10_7_4	https://archive.org/download/sim_united-states-national-bureau-of-standards-journal_1931-10_7_4/sim_united-states-national-bureau-of-standards-journal_1931-10_7_4_djvu.txt	?	-
sim_united-states-national-bureau-of-standards-journal_1931-11_7_5	https://archive.org/download/sim_united-states-national-bureau-of-standards-journal_1931-11_7_5/sim_united-states-national-bureau-of-standards-journal_1931-11_7_5_djvu.txt	?	-
sim_united-states-national-bureau-of-standards-journal_1931-12_7_6	https://archive.org/download/sim_united-states-national-bureau-of-standards-journal_1931-12_7_6/sim_united-states-national-bureau-of-standards-journal_1931-12_7_6_djvu.txt	?	-
sim_united-states-national-bureau-of-standards-journal_1932-01_8_1	https://archive.org/download/sim_united-states-national-bureau-of-standards-journal_1932-01_8_1/sim_united-states-national-bureau-of-standards-journal_1932-01_8_1_djvu.txt	?	-
sim_united-states-national-bureau-of-standards-journal_1932-02_8_2	https://archive.org/download/sim_united-states-national-bureau-of-standards-journal_1932-02_8_2/sim_united-states-national-bureau-of-standards-journal_1932-02_8_2_djvu.txt	?	-
sim_united-states-national-bureau-of-standards-journal_1932-03_8_3	https://archive.org/download/sim_united-states-national-bureau-of-standards-journal_1932-03_8_3/sim_united-states-national-bureau-of-standards-journal_1932-03_8_3_djvu.txt	?	-
sim_united-states-national-bureau-of-standards-journal_1932-04_8_4	https://archive.org/download/sim_united-states-national-bureau-of-standards-journal_1932-04_8_4/sim_united-states-national-bureau-of-standards-journal_1932-04_8_4_djvu.txt	?	-
sim_united-states-national-bureau-of-standards-journal_1932-05_8_5	https://archive.org/download/sim_united-states-national-bureau-of-standards-journal_1932-05_8_5/sim_united-states-national-bureau-of-standards-journal_1932-05_8_5_djvu.txt	?	-
sim_united-states-national-bureau-of-standards-journal_1932-06_8_6	https://archive.org/download/sim_united-states-national-bureau-of-standards-journal_1932-06_8_6/sim_united-states-national-bureau-of-standards-journal_1932-06_8_6_djvu.txt	?	-
sim_united-states-national-bureau-of-standards-journal_1932-07_9_1	https://archive.org/download/sim_united-states-national-bureau-of-standards-journal_1932-07_9_1/sim_united-states-national-bureau-of-standards-journal_1932-07_9_1_djvu.txt	?	-
sim_united-states-national-bureau-of-standards-journal_1932-08_9_2	https://archive.org/download/sim_united-states-national-bureau-of-standards-journal_1932-08_9_2/sim_united-states-national-bureau-of-standards-journal_1932-08_9_2_djvu.txt	?	-
sim_united-states-national-bureau-of-standards-journal_1932-09_9_3	https://archive.org/download/sim_united-states-national-bureau-of-standards-journal_1932-09_9_3/sim_united-states-national-bureau-of-standards-journal_1932-09_9_3_djvu.txt	?	-
sim_united-states-national-bureau-of-standards-journal_1932-10_9_4	https://archive.org/download/sim_united-states-national-bureau-of-standards-journal_1932-10_9_4/sim_united-states-national-bureau-of-standards-journal_1932-10_9_4_djvu.txt	?	-
sim_united-states-national-bureau-of-standards-journal_1932-11_9_5	https://archive.org/download/sim_united-states-national-bureau-of-standards-journal_1932-11_9_5/sim_united-states-national-bureau-of-standards-journal_1932-11_9_5_djvu.txt	?	-
sim_united-states-national-bureau-of-standards-journal_1932-12_9_6	https://archive.org/download/sim_united-states-national-bureau-of-standards-journal_1932-12_9_6/sim_united-states-national-bureau-of-standards-journal_1932-12_9_6_djvu.txt	?	-
sim_united-states-national-bureau-of-standards-journal_1933-01_10_1	https://archive.org/download/sim_united-states-national-bureau-of-standards-journal_1933-01_10_1/sim_united-states-national-bureau-of-standards-journal_1933-01_10_1_djvu.txt	?	-
sim_united-states-national-bureau-of-standards-journal_1933-02_10_2	https://archive.org/download/sim_united-states-national-bureau-of-standards-journal_1933-02_10_2/sim_united-states-national-bureau-of-standards-journal_1933-02_10_2_djvu.txt	?	-
sim_united-states-national-bureau-of-standards-journal_1933-03_10_3	https://archive.org/download/sim_united-states-national-bureau-of-standards-journal_1933-03_10_3/sim_united-states-national-bureau-of-standards-journal_1933-03_10_3_djvu.txt	?	-
sim_united-states-national-bureau-of-standards-journal_1933-04_10_4	https://archive.org/download/sim_united-states-national-bureau-of-standards-journal_1933-04_10_4/sim_united-states-national-bureau-of-standards-journal_1933-04_10_4_djvu.txt	?	-
sim_united-states-national-bureau-of-standards-journal_1933-05_10_5	https://archive.org/download/sim_united-states-national-bureau-of-standards-journal_1933-05_10_5/sim_united-states-national-bureau-of-standards-journal_1933-05_10_5_djvu.txt	?	-
sim_united-states-national-bureau-of-standards-journal_1933-06_10_6	https://archive.org/download/sim_united-states-national-bureau-of-standards-journal_1933-06_10_6/sim_united-states-national-bureau-of-standards-journal_1933-06_10_6_djvu.txt	?	-
sim_united-states-national-bureau-of-standards-journal_1933-07_11_1	https://archive.org/download/sim_united-states-national-bureau-of-standards-journal_1933-07_11_1/sim_united-states-national-bureau-of-standards-journal_1933-07_11_1_djvu.txt	?	-
sim_united-states-national-bureau-of-standards-journal_1933-08_11_2	https://archive.org/download/sim_united-states-national-bureau-of-standards-journal_1933-08_11_2/sim_united-states-national-bureau-of-standards-journal_1933-08_11_2_djvu.txt	?	-
sim_united-states-national-bureau-of-standards-journal_1933-09_11_3	https://archive.org/download/sim_united-states-national-bureau-of-standards-journal_1933-09_11_3/sim_united-states-national-bureau-of-standards-journal_1933-09_11_3_djvu.txt	?	-
sim_united-states-national-bureau-of-standards-journal_1933-10_11_4	https://archive.org/download/sim_united-states-national-bureau-of-standards-journal_1933-10_11_4/sim_united-states-national-bureau-of-standards-journal_1933-10_11_4_djvu.txt	?	-
sim_united-states-national-bureau-of-standards-journal_1933-11_11_5	https://archive.org/download/sim_united-states-national-bureau-of-standards-journal_1933-11_11_5/sim_united-states-national-bureau-of-standards-journal_1933-11_11_5_djvu.txt	?	-
sim_united-states-national-bureau-of-standards-journal_1933-12_11_6	https://archive.org/download/sim_united-states-national-bureau-of-standards-journal_1933-12_11_6/sim_united-states-national-bureau-of-standards-journal_1933-12_11_6_djvu.txt	?	-
sim_united-states-national-bureau-of-standards-journal_1934-01_12_1	https://archive.org/download/sim_united-states-national-bureau-of-standards-journal_1934-01_12_1/sim_united-states-national-bureau-of-standards-journal_1934-01_12_1_djvu.txt	?	-
sim_united-states-national-bureau-of-standards-journal_1934-02_12_2	https://archive.org/download/sim_united-states-national-bureau-of-standards-journal_1934-02_12_2/sim_united-states-national-bureau-of-standards-journal_1934-02_12_2_djvu.txt	?	-
sim_united-states-national-bureau-of-standards-journal_1934-03_12_3	https://archive.org/download/sim_united-states-national-bureau-of-standards-journal_1934-03_12_3/sim_united-states-national-bureau-of-standards-journal_1934-03_12_3_djvu.txt	?	-
sim_united-states-national-bureau-of-standards-journal_1934-04_12_4	https://archive.org/download/sim_united-states-national-bureau-of-standards-journal_1934-04_12_4/sim_united-states-national-bureau-of-standards-journal_1934-04_12_4_djvu.txt	?	-
sim_united-states-national-bureau-of-standards-journal_1934-05_12_5	https://archive.org/download/sim_united-states-national-bureau-of-standards-journal_1934-05_12_5/sim_united-states-national-bureau-of-standards-journal_1934-05_12_5_djvu.txt	?	-
sim_united-states-national-bureau-of-standards-journal_1934-06_12_6	https://archive.org/download/sim_united-states-national-bureau-of-standards-journal_1934-06_12_6/sim_united-states-national-bureau-of-standards-journal_1934-06_12_6_djvu.txt	?	-
sim_united-states-national-bureau-of-standards-journal_1934-07_13_1	https://archive.org/download/sim_united-states-national-bureau-of-standards-journal_1934-07_13_1/sim_united-states-national-bureau-of-standards-journal_1934-07_13_1_djvu.txt	?	-
sim_united-states-national-bureau-of-standards-journal_1934-08_13_2	https://archive.org/download/sim_united-states-national-bureau-of-standards-journal_1934-08_13_2/sim_united-states-national-bureau-of-standards-journal_1934-08_13_2_djvu.txt	?	-
sim_united-states-national-bureau-of-standards-journal_1934-09_13_3	https://archive.org/download/sim_united-states-national-bureau-of-standards-journal_1934-09_13_3/sim_united-states-national-bureau-of-standards-journal_1934-09_13_3_djvu.txt	?	-
sim_united-states-national-bureau-of-standards-journal_1934-10_13_4	https://archive.org/download/sim_united-states-national-bureau-of-standards-journal_1934-10_13_4/sim_united-states-national-bureau-of-standards-journal_1934-10_13_4_djvu.txt	?	-
sim_united-states-national-bureau-of-standards-journal_1934-11_13_5	https://archive.org/download/sim_united-states-national-bureau-of-standards-journal_1934-11_13_5/sim_united-states-national-bureau-of-standards-journal_1934-11_13_5_djvu.txt	?	-
sim_united-states-national-bureau-of-standards-journal_1934-12_13_6	https://archive.org/download/sim_united-states-national-bureau-of-standards-journal_1934-12_13_6/sim_united-states-national-bureau-of-standards-journal_1934-12_13_6_djvu.txt	?	-
sim_united-states-national-bureau-of-standards-journal_1934_12_index	https://archive.org/download/sim_united-states-national-bureau-of-standards-journal_1934_12_index/sim_united-states-national-bureau-of-standards-journal_1934_12_index_djvu.txt	?	-
sim_united-states-national-bureau-of-standards-journal_1935-01_14_1	https://archive.org/download/sim_united-states-national-bureau-of-standards-journal_1935-01_14_1/sim_united-states-national-bureau-of-standards-journal_1935-01_14_1_djvu.txt	?	-
sim_united-states-national-bureau-of-standards-journal_1935-02_14_2	https://archive.org/download/sim_united-states-national-bureau-of-standards-journal_1935-02_14_2/sim_united-states-national-bureau-of-standards-journal_1935-02_14_2_djvu.txt	?	-
sim_united-states-national-bureau-of-standards-journal_1935-03_14_3	https://archive.org/download/sim_united-states-national-bureau-of-standards-journal_1935-03_14_3/sim_united-states-national-bureau-of-standards-journal_1935-03_14_3_djvu.txt	?	-
sim_united-states-national-bureau-of-standards-journal_1935-04_14_4	https://archive.org/download/sim_united-states-national-bureau-of-standards-journal_1935-04_14_4/sim_united-states-national-bureau-of-standards-journal_1935-04_14_4_djvu.txt	?	-
sim_united-states-national-bureau-of-standards-journal_1935-05_14_5	https://archive.org/download/sim_united-states-national-bureau-of-standards-journal_1935-05_14_5/sim_united-states-national-bureau-of-standards-journal_1935-05_14_5_djvu.txt	?	-
sim_united-states-national-bureau-of-standards-journal_1935-06_14_6	https://archive.org/download/sim_united-states-national-bureau-of-standards-journal_1935-06_14_6/sim_united-states-national-bureau-of-standards-journal_1935-06_14_6_djvu.txt	?	-
sim_united-states-national-bureau-of-standards-journal_1935-07_15_1	https://archive.org/download/sim_united-states-national-bureau-of-standards-journal_1935-07_15_1/sim_united-states-national-bureau-of-standards-journal_1935-07_15_1_djvu.txt	?	-
sim_united-states-national-bureau-of-standards-journal_1935-08_15_2	https://archive.org/download/sim_united-states-national-bureau-of-standards-journal_1935-08_15_2/sim_united-states-national-bureau-of-standards-journal_1935-08_15_2_djvu.txt	?	-
sim_united-states-national-bureau-of-standards-journal_1935-09_15_3	https://archive.org/download/sim_united-states-national-bureau-of-standards-journal_1935-09_15_3/sim_united-states-national-bureau-of-standards-journal_1935-09_15_3_djvu.txt	?	-
sim_united-states-national-bureau-of-standards-journal_1935-10_15_4	https://archive.org/download/sim_united-states-national-bureau-of-standards-journal_1935-10_15_4/sim_united-states-national-bureau-of-standards-journal_1935-10_15_4_djvu.txt	?	-
sim_united-states-national-bureau-of-standards-journal_1935-11_15_5	https://archive.org/download/sim_united-states-national-bureau-of-standards-journal_1935-11_15_5/sim_united-states-national-bureau-of-standards-journal_1935-11_15_5_djvu.txt	?	-
sim_united-states-national-bureau-of-standards-journal_1935-12_15_6	https://archive.org/download/sim_united-states-national-bureau-of-standards-journal_1935-12_15_6/sim_united-states-national-bureau-of-standards-journal_1935-12_15_6_djvu.txt	?	-
sim_united-states-national-bureau-of-standards-journal_1936-01_16_1	https://archive.org/download/sim_united-states-national-bureau-of-standards-journal_1936-01_16_1/sim_united-states-national-bureau-of-standards-journal_1936-01_16_1_djvu.txt	?	-
sim_united-states-national-bureau-of-standards-journal_1936-02_16_2	https://archive.org/download/sim_united-states-national-bureau-of-standards-journal_1936-02_16_2/sim_united-states-national-bureau-of-standards-journal_1936-02_16_2_djvu.txt	?	-
sim_united-states-national-bureau-of-standards-journal_1936-03_16_3	https://archive.org/download/sim_united-states-national-bureau-of-standards-journal_1936-03_16_3/sim_united-states-national-bureau-of-standards-journal_1936-03_16_3_djvu.txt	?	-
sim_united-states-national-bureau-of-standards-journal_1936-04_16_4	https://archive.org/download/sim_united-states-national-bureau-of-standards-journal_1936-04_16_4/sim_united-states-national-bureau-of-standards-journal_1936-04_16_4_djvu.txt	?	-
sim_united-states-national-bureau-of-standards-journal_1936-05_16_5	https://archive.org/download/sim_united-states-national-bureau-of-standards-journal_1936-05_16_5/sim_united-states-national-bureau-of-standards-journal_1936-05_16_5_djvu.txt	?	-
sim_united-states-national-bureau-of-standards-journal_1936-06_16_6	https://archive.org/download/sim_united-states-national-bureau-of-standards-journal_1936-06_16_6/sim_united-states-national-bureau-of-standards-journal_1936-06_16_6_djvu.txt	?	-
sim_united-states-national-bureau-of-standards-journal_1936-07_17_1	https://archive.org/download/sim_united-states-national-bureau-of-standards-journal_1936-07_17_1/sim_united-states-national-bureau-of-standards-journal_1936-07_17_1_djvu.txt	?	-
sim_united-states-national-bureau-of-standards-journal_1936-08_17_2	https://archive.org/download/sim_united-states-national-bureau-of-standards-journal_1936-08_17_2/sim_united-states-national-bureau-of-standards-journal_1936-08_17_2_djvu.txt	?	-
sim_united-states-national-bureau-of-standards-journal_1936-09_17_3	https://archive.org/download/sim_united-states-national-bureau-of-standards-journal_1936-09_17_3/sim_united-states-national-bureau-of-standards-journal_1936-09_17_3_djvu.txt	?	-
sim_united-states-national-bureau-of-standards-journal_1936-10_17_4	https://archive.org/download/sim_united-states-national-bureau-of-standards-journal_1936-10_17_4/sim_united-states-national-bureau-of-standards-journal_1936-10_17_4_djvu.txt	?	-
sim_united-states-national-bureau-of-standards-journal_1936-11_17_5	https://archive.org/download/sim_united-states-national-bureau-of-standards-journal_1936-11_17_5/sim_united-states-national-bureau-of-standards-journal_1936-11_17_5_djvu.txt	?	-
sim_united-states-national-bureau-of-standards-journal_1936-12_17_6	https://archive.org/download/sim_united-states-national-bureau-of-standards-journal_1936-12_17_6/sim_united-states-national-bureau-of-standards-journal_1936-12_17_6_djvu.txt	?	-
sim_united-states-national-bureau-of-standards-journal_1937-01_18_1	https://archive.org/download/sim_united-states-national-bureau-of-standards-journal_1937-01_18_1/sim_united-states-national-bureau-of-standards-journal_1937-01_18_1_djvu.txt	?	-
sim_united-states-national-bureau-of-standards-journal_1937-02_18_2	https://archive.org/download/sim_united-states-national-bureau-of-standards-journal_1937-02_18_2/sim_united-states-national-bureau-of-standards-journal_1937-02_18_2_djvu.txt	?	-
sim_united-states-national-bureau-of-standards-journal_1937-03_18_3	https://archive.org/download/sim_united-states-national-bureau-of-standards-journal_1937-03_18_3/sim_united-states-national-bureau-of-standards-journal_1937-03_18_3_djvu.txt	?	-
sim_united-states-national-bureau-of-standards-journal_1937-04_18_4	https://archive.org/download/sim_united-states-national-bureau-of-standards-journal_1937-04_18_4/sim_united-states-national-bureau-of-standards-journal_1937-04_18_4_djvu.txt	?	-
sim_united-states-national-bureau-of-standards-journal_1937-05_18_5	https://archive.org/download/sim_united-states-national-bureau-of-standards-journal_1937-05_18_5/sim_united-states-national-bureau-of-standards-journal_1937-05_18_5_djvu.txt	?	-
sim_united-states-national-bureau-of-standards-journal_1937-06_18_6	https://archive.org/download/sim_united-states-national-bureau-of-standards-journal_1937-06_18_6/sim_united-states-national-bureau-of-standards-journal_1937-06_18_6_djvu.txt	?	-
sim_united-states-national-bureau-of-standards-journal_1937-07_19_1	https://archive.org/download/sim_united-states-national-bureau-of-standards-journal_1937-07_19_1/sim_united-states-national-bureau-of-standards-journal_1937-07_19_1_djvu.txt	?	-
sim_united-states-national-bureau-of-standards-journal_1937-08_19_2	https://archive.org/download/sim_united-states-national-bureau-of-standards-journal_1937-08_19_2/sim_united-states-national-bureau-of-standards-journal_1937-08_19_2_djvu.txt	?	-
sim_united-states-national-bureau-of-standards-journal_1937-09_19_3	https://archive.org/download/sim_united-states-national-bureau-of-standards-journal_1937-09_19_3/sim_united-states-national-bureau-of-standards-journal_1937-09_19_3_djvu.txt	?	-
sim_united-states-national-bureau-of-standards-journal_1937-10_19_4	https://archive.org/download/sim_united-states-national-bureau-of-standards-journal_1937-10_19_4/sim_united-states-national-bureau-of-standards-journal_1937-10_19_4_djvu.txt	?	-
sim_united-states-national-bureau-of-standards-journal_1937-11_19_5	https://archive.org/download/sim_united-states-national-bureau-of-standards-journal_1937-11_19_5/sim_united-states-national-bureau-of-standards-journal_1937-11_19_5_djvu.txt	?	-
sim_united-states-national-bureau-of-standards-journal_1937-12_19_6	https://archive.org/download/sim_united-states-national-bureau-of-standards-journal_1937-12_19_6/sim_united-states-national-bureau-of-standards-journal_1937-12_19_6_djvu.txt	?	-
sim_united-states-national-bureau-of-standards-journal_1938-01_20_1	https://archive.org/download/sim_united-states-national-bureau-of-standards-journal_1938-01_20_1/sim_united-states-national-bureau-of-standards-journal_1938-01_20_1_djvu.txt	?	-
sim_united-states-national-bureau-of-standards-journal_1938-02_20_2	https://archive.org/download/sim_united-states-national-bureau-of-standards-journal_1938-02_20_2/sim_united-states-national-bureau-of-standards-journal_1938-02_20_2_djvu.txt	?	-
sim_united-states-national-bureau-of-standards-journal_1938-03_20_3	https://archive.org/download/sim_united-states-national-bureau-of-standards-journal_1938-03_20_3/sim_united-states-national-bureau-of-standards-journal_1938-03_20_3_djvu.txt	?	-
sim_united-states-national-bureau-of-standards-journal_1938-04_20_4	https://archive.org/download/sim_united-states-national-bureau-of-standards-journal_1938-04_20_4/sim_united-states-national-bureau-of-standards-journal_1938-04_20_4_djvu.txt	?	-
sim_united-states-national-bureau-of-standards-journal_1938-05_20_5	https://archive.org/download/sim_united-states-national-bureau-of-standards-journal_1938-05_20_5/sim_united-states-national-bureau-of-standards-journal_1938-05_20_5_djvu.txt	?	-
sim_united-states-national-bureau-of-standards-journal_1938-06_20_6	https://archive.org/download/sim_united-states-national-bureau-of-standards-journal_1938-06_20_6/sim_united-states-national-bureau-of-standards-journal_1938-06_20_6_djvu.txt	?	-
sim_united-states-national-bureau-of-standards-journal_1938-07_21_1	https://archive.org/download/sim_united-states-national-bureau-of-standards-journal_1938-07_21_1/sim_united-states-national-bureau-of-standards-journal_1938-07_21_1_djvu.txt	?	-
sim_united-states-national-bureau-of-standards-journal_1938-08_21_2	https://archive.org/download/sim_united-states-national-bureau-of-standards-journal_1938-08_21_2/sim_united-states-national-bureau-of-standards-journal_1938-08_21_2_djvu.txt	?	-
sim_united-states-national-bureau-of-standards-journal_1938-09_21_3	https://archive.org/download/sim_united-states-national-bureau-of-standards-journal_1938-09_21_3/sim_united-states-national-bureau-of-standards-journal_1938-09_21_3_djvu.txt	?	-
sim_united-states-national-bureau-of-standards-journal_1938-10_21_4	https://archive.org/download/sim_united-states-national-bureau-of-standards-journal_1938-10_21_4/sim_united-states-national-bureau-of-standards-journal_1938-10_21_4_djvu.txt	?	-
sim_united-states-national-bureau-of-standards-journal_1938-11_21_5	https://archive.org/download/sim_united-states-national-bureau-of-standards-journal_1938-11_21_5/sim_united-states-national-bureau-of-standards-journal_1938-11_21_5_djvu.txt	?	-
sim_united-states-national-bureau-of-standards-journal_1938-12_21_6	https://archive.org/download/sim_united-states-national-bureau-of-standards-journal_1938-12_21_6/sim_united-states-national-bureau-of-standards-journal_1938-12_21_6_djvu.txt	?	-
sim_united-states-national-bureau-of-standards-journal_1938_21_index	https://archive.org/download/sim_united-states-national-bureau-of-standards-journal_1938_21_index/sim_united-states-national-bureau-of-standards-journal_1938_21_index_djvu.txt	?	-
sim_united-states-national-bureau-of-standards-journal_1939-01_22_1	https://archive.org/download/sim_united-states-national-bureau-of-standards-journal_1939-01_22_1/sim_united-states-national-bureau-of-standards-journal_1939-01_22_1_djvu.txt	?	-
sim_united-states-national-bureau-of-standards-journal_1939-02_22_2	https://archive.org/download/sim_united-states-national-bureau-of-standards-journal_1939-02_22_2/sim_united-states-national-bureau-of-standards-journal_1939-02_22_2_djvu.txt	?	-
sim_united-states-national-bureau-of-standards-journal_1939-03_22_3	https://archive.org/download/sim_united-states-national-bureau-of-standards-journal_1939-03_22_3/sim_united-states-national-bureau-of-standards-journal_1939-03_22_3_djvu.txt	?	-
sim_united-states-national-bureau-of-standards-journal_1939-04_22_4	https://archive.org/download/sim_united-states-national-bureau-of-standards-journal_1939-04_22_4/sim_united-states-national-bureau-of-standards-journal_1939-04_22_4_djvu.txt	?	-
sim_united-states-national-bureau-of-standards-journal_1939-05_22_5	https://archive.org/download/sim_united-states-national-bureau-of-standards-journal_1939-05_22_5/sim_united-states-national-bureau-of-standards-journal_1939-05_22_5_djvu.txt	?	-
sim_united-states-national-bureau-of-standards-journal_1939-06_22_6	https://archive.org/download/sim_united-states-national-bureau-of-standards-journal_1939-06_22_6/sim_united-states-national-bureau-of-standards-journal_1939-06_22_6_djvu.txt	?	-
sim_united-states-national-bureau-of-standards-journal_january-june-1929_2_index	https://archive.org/download/sim_united-states-national-bureau-of-standards-journal_january-june-1929_2_index/sim_united-states-national-bureau-of-standards-journal_january-june-1929_2_index_djvu.txt	?	-
sim_united-states-national-bureau-of-standards-journal_january-june-1930_4_index	https://archive.org/download/sim_united-states-national-bureau-of-standards-journal_january-june-1930_4_index/sim_united-states-national-bureau-of-standards-journal_january-june-1930_4_index_djvu.txt	?	-
sim_united-states-national-bureau-of-standards-journal_january-june-1931_6_index	https://archive.org/download/sim_united-states-national-bureau-of-standards-journal_january-june-1931_6_index/sim_united-states-national-bureau-of-standards-journal_january-june-1931_6_index_djvu.txt	?	-
sim_united-states-national-bureau-of-standards-journal_january-june-1932_8_index	https://archive.org/download/sim_united-states-national-bureau-of-standards-journal_january-june-1932_8_index/sim_united-states-national-bureau-of-standards-journal_january-june-1932_8_index_djvu.txt	?	-
sim_united-states-national-bureau-of-standards-journal_january-june-1933_10_index	https://archive.org/download/sim_united-states-national-bureau-of-standards-journal_january-june-1933_10_index/sim_united-states-national-bureau-of-standards-journal_january-june-1933_10_index_djvu.txt	?	-
sim_united-states-national-bureau-of-standards-journal_january-june-1935_14_index	https://archive.org/download/sim_united-states-national-bureau-of-standards-journal_january-june-1935_14_index/sim_united-states-national-bureau-of-standards-journal_january-june-1935_14_index_djvu.txt	?	-
sim_united-states-national-bureau-of-standards-journal_january-june-1936_16_index	https://archive.org/download/sim_united-states-national-bureau-of-standards-journal_january-june-1936_16_index/sim_united-states-national-bureau-of-standards-journal_january-june-1936_16_index_djvu.txt	?	-
sim_united-states-national-bureau-of-standards-journal_january-june-1937_18_index	https://archive.org/download/sim_united-states-national-bureau-of-standards-journal_january-june-1937_18_index/sim_united-states-national-bureau-of-standards-journal_january-june-1937_18_index_djvu.txt	?	-
sim_united-states-national-bureau-of-standards-journal_january-june-1938_20_index	https://archive.org/download/sim_united-states-national-bureau-of-standards-journal_january-june-1938_20_index/sim_united-states-national-bureau-of-standards-journal_january-june-1938_20_index_djvu.txt	?	-
sim_united-states-national-bureau-of-standards-journal_july-december-1928_1_index	https://archive.org/download/sim_united-states-national-bureau-of-standards-journal_july-december-1928_1_index/sim_united-states-national-bureau-of-standards-journal_july-december-1928_1_index_djvu.txt	?	-
sim_united-states-national-bureau-of-standards-journal_july-december-1929_3_contents	https://archive.org/download/sim_united-states-national-bureau-of-standards-journal_july-december-1929_3_contents/sim_united-states-national-bureau-of-standards-journal_july-december-1929_3_contents_djvu.txt	?	-
sim_united-states-national-bureau-of-standards-journal_july-december-1930_5_index	https://archive.org/download/sim_united-states-national-bureau-of-standards-journal_july-december-1930_5_index/sim_united-states-national-bureau-of-standards-journal_july-december-1930_5_index_djvu.txt	?	-
sim_united-states-national-bureau-of-standards-journal_july-december-1931_7_index	https://archive.org/download/sim_united-states-national-bureau-of-standards-journal_july-december-1931_7_index/sim_united-states-national-bureau-of-standards-journal_july-december-1931_7_index_djvu.txt	?	-
sim_united-states-national-bureau-of-standards-journal_july-december-1932_9_index	https://archive.org/download/sim_united-states-national-bureau-of-standards-journal_july-december-1932_9_index/sim_united-states-national-bureau-of-standards-journal_july-december-1932_9_index_djvu.txt	?	-
sim_united-states-national-bureau-of-standards-journal_july-december-1933_11_index	https://archive.org/download/sim_united-states-national-bureau-of-standards-journal_july-december-1933_11_index/sim_united-states-national-bureau-of-standards-journal_july-december-1933_11_index_djvu.txt	?	-
sim_united-states-national-bureau-of-standards-journal_july-december-1934_13_index	https://archive.org/download/sim_united-states-national-bureau-of-standards-journal_july-december-1934_13_index/sim_united-states-national-bureau-of-standards-journal_july-december-1934_13_index_djvu.txt	?	-
sim_united-states-national-bureau-of-standards-journal_july-december-1935_15_index	https://archive.org/download/sim_united-states-national-bureau-of-standards-journal_july-december-1935_15_index/sim_united-states-national-bureau-of-standards-journal_july-december-1935_15_index_djvu.txt	?	-
sim_united-states-national-bureau-of-standards-journal_july-december-1936_17_index	https://archive.org/download/sim_united-states-national-bureau-of-standards-journal_july-december-1936_17_index/sim_united-states-national-bureau-of-standards-journal_july-december-1936_17_index_djvu.txt	?	-
sim_united-states-national-bureau-of-standards-journal_july-december-1937_19_index	https://archive.org/download/sim_united-states-national-bureau-of-standards-journal_july-december-1937_19_index/sim_united-states-national-bureau-of-standards-journal_july-december-1937_19_index_djvu.txt	?	-
