# pnas_ia: archive.org djvu.txt, query 'collection:pub_proceedings-of-the-national-academy-of-sciences-usa', window 1923-01-01..1939-06-30; built 2026-10-06 by src.data.ia_catalog
key	url	bytes	checksum
sim_proceedings-of-the-national-academy-of-sciences-usa_1923-01-15_9_1	https://archive.org/download/sim_proceedings-of-the-national-academy-of-sciences-usa_1923-01-15_9_1/sim_proceedings-of-the-national-academy-of-sciences-usa_1923-01-15_9_1_djvu.txt	?	-
sim_proceedings-of-the-national-academy-of-sciences-usa_1923-02-15_9_2	https://archive.org/download/sim_proceedings-of-the-national-academy-of-sciences-usa_1923-02-15_9_2/sim_proceedings-of-the-national-academy-of-sciences-usa_1923-02-15_9_2_djvu.txt	?	-
sim_proceedings-of-the-national-academy-of-sciences-usa_1923-03-15_9_3	https://archive.org/download/sim_proceedings-of-the-national-academy-of-sciences-usa_1923-03-15_9_3/sim_proceedings-of-the-national-academy-of-sciences-usa_1923-03-15_9_3_djvu.txt	?	-
sim_proceedings-of-the-national-academy-of-sciences-usa_1923-04-15_9_4	https://archive.org/download/sim_proceedings-of-the-national-academy-of-sciences-usa_1923-04-15_9_4/sim_proceedings-of-the-national-academy-of-sciences-usa_1923-04-15_9_4_djvu.txt	?	-
sim_proceedings-of-the-national-academy-of-sciences-usa_1923-05-15_9_5	https://archive.org/download/sim_proceedings-of-the-national-academy-of-sciences-usa_1923-05-15_9_5/sim_proceedings-of-the-national-academy-of-sciences-usa_1923-05-15_9_5_djvu.txt	?	-
sim_proceedings-of-the-national-academy-of-sciences-usa_1923-06-15_9_6	https://archive.org/download/sim_proceedings-of-the-national-academy-of-sciences-usa_1923-06-15_9_6/sim_proceedings-of-the-national-academy-of-sciences-usa_1923-06-15_9_6_djvu.txt	?	-
sim_proceedings-of-the-national-academy-of-sciences-usa_1923-07-15_9_7	https://archive.org/download/sim_proceedings-of-the-national-academy-of-sciences-usa_1923-07-15_9_7/sim_proceedings-of-the-national-academy-of-sciences-usa_1923-07-15_9_7_djvu.txt	?	-
sim_proceedings-of-the-national-academy-of-sciences-usa_1923-08-15_9_8	https://archive.org/download/sim_proceedings-of-the-national-academy-of-sciences-usa_1923-08-15_9_8/sim_proceedings-of-the-national-academy-of-sciences-usa_1923-08-15_9_8_djvu.txt	?	-
sim_proceedings-of-the-national-academy-of-sciences-usa_1923-09-15_9_9	https://archive.org/download/sim_proceedings-of-the-national-academy-of-sciences-usa_1923-09-15_9_9/sim_proceedings-of-the-national-academy-of-sciences-usa_1923-09-15_9_9_djvu.txt	?	-
sim_proceedings-of-the-national-academy-of-sciences-usa_1923-10-15_9_10	https://archive.org/download/sim_proceedings-of-the-national-academy-of-sciences-usa_1923-10-15_9_10/sim_proceedings-of-the-national-academy-of-sciences-usa_1923-10-15_9_10_djvu.txt	?	-
sim_proceedings-of-the-national-academy-of-sciences-usa_1923-11-15_9_11	https://archive.org/download/sim_proceedings-of-the-national-academy-of-sciences-usa_1923-11-15_9_11/sim_proceedings-of-the-national-academy-of-sciences-usa_1923-11-15_9_11_djvu.txt	?	-
sim_proceedings-of-the-national-academy-of-sciences-usa_1923-12-15_9_12	https://archive.org/download/sim_proceedings-of-the-national-academy-of-sciences-usa_1923-12-15_9_12/sim_proceedings-of-the-national-academy-of-sciences-usa_1923-12-15_9_12_djvu.txt	?	-
sim_proceedings-of-the-national-academy-of-sciences-usa_1923_9_contents	https://archive.org/download/sim_proceedings-of-the-national-academy-of-sciences-usa_1923_9_contents/sim_proceedings-of-the-national-academy-of-sciences-usa_1923_9_contents_djvu.txt	?	-
sim_proceedings-of-the-national-academy-of-sciences-usa_1923_9_index	https://archive.org/download/sim_proceedings-of-the-national-academy-of-sciences-usa_1923_9_index/sim_proceedings-of-the-national-academy-of-sciences-usa_1923_9_index_djvu.txt	?	-
sim_proceedings-of-the-national-academy-of-sciences-usa_1924-01-15_10_1	https://archive.org/download/sim_proceedings-of-the-national-academy-of-sciences-usa_1924-01-15_10_1/sim_proceedings-of-the-national-academy-of-sciences-usa_1924-01-15_10_1_djvu.txt	?	-
sim_proceedings-of-the-national-academy-of-sciences-usa_1924-02-15_10_2	https://archive.org/download/sim_proceedings-of-the-national-academy-of-sciences-usa_1924-02-15_10_2/sim_proceedings-of-the-national-academy-of-sciences-usa_1924-02-15_10_2_djvu.txt	?	-
sim_proceedings-of-the-national-academy-of-sciences-usa_1924-03-15_10_3	https://archive.org/download/sim_proceedings-of-the-national-academy-of-sciences-usa_1924-03-15_10_3/sim_proceedings-of-the-national-academy-of-sciences-usa_1924-03-15_10_3_djvu.txt	?	-
sim_proceedings-of-the-national-academy-of-sciences-usa_1924-04-15_10_4	https://archive.org/download/sim_proceedings-of-the-national-academy-of-sciences-usa_1924-04-15_10_4/sim_proceedings-of-the-national-academy-of-sciences-usa_1924-04-15_10_4_djvu.txt	?	-
sim_proceedings-of-the-national-academy-of-sciences-usa_1924-05-15_10_5	https://archive.org/download/sim_proceedings-of-the-national-academy-of-sciences-usa_1924-05-15_10_5/sim_proceedings-of-the-national-academy-of-sciences-usa_1924-05-15_10_5_djvu.txt	?	-
sim_proceedings-of-the-national-academy-of-sciences-usa_1924-06-15_10_6	https://archive.org/download/sim_proceedings-of-the-national-academy-of-sciences-usa_1924-06-15_10_6/sim_proceedings-of-the-national-academy-of-sciences-usa_1924-06-15_10_6_djvu.txt	?	-
sim_proceedings-of-the-national-academy-of-sciences-usa_1924-07-15_10_7	https://archive.org/download/sim_proceedings-of-the-national-academy-of-sciences-usa_1924-07-15_10_7/sim_proceedings-of-the-national-academy-of-sciences-usa_1924-07-15_10_7_djvu.txt	?	-
sim_proceedings-of-the-national-academy-of-sciences-usa_1924-08-15_10_8	https://archive.org/download/sim_proceedings-of-the-national-academy-of-sciences-usa_1924-08-15_10_8/sim_proceedings-of-the-national-academy-of-sciences-usa_1924-08-15_10_8_djvu.txt	?	-
sim_proceedings-of-the-national-academy-of-sciences-usa_1924-09-15_10_9	https://archive.org/download/sim_proceedings-of-the-national-academy-of-sciences-usa_1924-09-15_10_9/sim_proceedings-of-the-national-academy-of-sciences-usa_1924-09-15_10_9_djvu.txt	?	-
sim_proceedings-of-the-national-academy-of-sciences-usa_1924-10-15_10_10	https://archive.org/download/sim_proceedings-of-the-national-academy-of-sciences-usa_1924-10-15_10_10/sim_proceedings-of-the-national-academy-of-sciences-usa_1924-10-15_10_10_djvu.txt	?	-
sim_proceedings-of-the-national-academy-of-sciences-usa_1924-11-15_10_11	https://archive.org/download/sim_proceedings-of-the-national-academy-of-sciences-usa_1924-11-15_10_11/sim_proceedings-of-the-national-academy-of-sciences-usa_1924-11-15_10_11_djvu.txt	?	-
sim_proceedings-of-the-national-academy-of-sciences-usa_1924-12-15_10_12	https://archive.org/download/sim_proceedings-of-the-national-academy-of-sciences-usa_1924-12-15_10_12/sim_proceedings-of-the-national-academy-of-sciences-usa_1924-12-15_10_12_djvu.txt	?	-
sim_proceedings-of-the-national-academy-of-sciences-usa_1924_10_contents	https://archive.org/download/sim_proceedings-of-the-national-academy-of-sciences-usa_1924_10_contents/sim_proceedings-of-the-national-academy-of-sciences-usa_1924_10_contents_djvu.txt	?	-
sim_proceedings-of-the-national-academy-of-sciences-usa_1924_10_index	https://archive.org/download/sim_proceedings-of-the-national-academy-of-sciences-usa_1924_10_index/sim_proceedings-of-the-national-academy-of-sciences-usa_1924_10_index_djvu.txt	?	-
sim_proceedings-of-the-national-academy-of-sciences-usa_1925-01-15_11_1	https://archive.org/download/sim_proceedings-of-the-national-academy-of-sciences-usa_1925-01-15_11_1/sim_proceedings-of-the-national-academy-of-sciences-usa_1925-01-15_11_1_djvu.txt	?	-
sim_proceedings-of-the-national-academy-of-sciences-usa_1925-02-15_11_2	https://archive.org/download/sim_proceedings-of-the-national-academy-of-sciences-usa_1925-02-15_11_2/sim_proceedings-of-the-national-academy-of-sciences-usa_1925-02-15_11_2_djvu.txt	?	-
sim_proceedings-of-the-national-academy-of-sciences-usa_1925-03-15_11_3	https://archive.org/download/sim_proceedings-of-the-national-academy-of-sciences-usa_1925-03-15_11_3/sim_proceedings-of-the-national-academy-of-sciences-usa_1925-03-15_11_3_djvu.txt	?	-
sim_proceedings-of-the-national-academy-of-sciences-usa_1925-04-15_11_4	https://archive.org/download/sim_proceedings-of-the-national-academy-of-sciences-usa_1925-04-15_11_4/sim_proceedings-of-the-national-academy-of-sciences-usa_1925-04-15_11_4_djvu.txt	?	-
sim_proceedings-of-the-national-academy-of-sciences-usa_1925-05-15_11_5	https://archive.org/download/sim_proceedings-of-the-national-academy-of-sciences-usa_1925-05-15_11_5/sim_proceedings-of-the-national-academy-of-sciences-usa_1925-05-15_11_5_djvu.txt	?	-
sim_proceedings-of-the-national-academy-of-sciences-usa_1925-06-15_11_6	https://archive.org/download/sim_proceedings-of-the-national-academy-of-sciences-usa_1925-06-15_11_6/sim_proceedings-of-the-national-academy-of-sciences-usa_1925-06-15_11_6_djvu.txt	?	-
sim_proceedings-of-the-national-academy-of-sciences-usa_1925-07-15_11_7	https://archive.org/download/sim_proceedings-of-the-national-academy-of-sciences-usa_1925-07-15_11_7/sim_proceedings-of-the-national-academy-of-sciences-usa_1925-07-15_11_7_djvu.txt	?	-
sim_proceedings-of-the-national-academy-of-sciences-usa_1925-08-15_11_8	https://archive.org/download/sim_proceedings-of-the-national-academy-of-sciences-usa_1925-08-15_11_8/sim_proceedings-of-the-national-academy-of-sciences-usa_1925-08-15_11_8_djvu.txt	?	-
sim_proceedings-of-the-national-academy-of-sciences-usa_1925-09-15_11_9	https://archive.org/download/sim_proceedings-of-the-national-academy-of-sciences-usa_1925-09-15_11_9/sim_proceedings-of-the-national-academy-of-sciences-usa_1925-09-15_11_9_djvu.txt	?	-
sim_proceedings-of-the-national-academy-of-sciences-usa_1925-10-15_11_10	https://archive.org/download/sim_proceedings-of-the-national-academy-of-sciences-usa_1925-10-15_11_10/sim_proceedings-of-the-national-academy-of-sciences-usa_1925-10-15_11_10_djvu.txt	?	-
sim_proceedings-of-the-national-academy-of-sciences-usa_1925-11-15_11_11	https://archive.org/download/sim_proceedings-of-the-national-academy-of-sciences-usa_1925-11-15_11_11/sim_proceedings-of-the-national-academy-of-sciences-usa_1925-11-15_11_11_djvu.txt	?	-
sim_proceedings-of-the-national-academy-of-sciences-usa_1925-12-15_11_12	https://archive.org/download/sim_proceedings-of-the-national-academy-of-sciences-usa_1925-12-15_11_12/sim_proceedings-of-the-national-academy-of-sciences-usa_1925-12-15_11_12_djvu.txt	?	-
sim_proceedings-of-the-national-academy-of-sciences-usa_1925_11_contents	https://archive.org/download/sim_proceedings-of-the-national-academy-of-sciences-usa_1925_11_contents/sim_proceedings-of-the-national-academy-of-sciences-usa_1925_11_contents_djvu.txt	?	-
sim_proceedings-of-the-national-academy-of-sciences-usa_1925_11_index	https://archive.org/download/sim_proceedings-of-the-national-academy-of-sciences-usa_1925_11_index/sim_proceedings-of-the-national-academy-of-sciences-usa_1925_11_index_djvu.txt	?	-
sim_proceedings-of-the-national-academy-of-sciences-usa_1926-01-15_12_1	https://archive.org/download/sim_proceedings-of-the-national-academy-of-sciences-usa_1926-01-15_12_1/sim_proceedings-of-the-national-academy-of-sciences-usa_1926-01-15_12_1_djvu.txt	?	-
sim_proceedings-of-the-national-academy-of-sciences-usa_1926-02-15_12_2	https://archive.org/download/sim_proceedings-of-the-national-academy-of-sciences-usa_1926-02-15_12_2/sim_proceedings-of-the-national-academy-of-sciences-usa_1926-02-15_12_2_djvu.txt	?	-
sim_proceedings-of-the-national-academy-of-sciences-usa_1926-03-15_12_3	https://archive.org/download/sim_proceedings-of-the-national-academy-of-sciences-usa_1926-03-15_12_3/sim_proceedings-of-the-national-academy-of-sciences-usa_1926-03-15_12_3_djvu.txt	?	-
sim_proceedings-of-the-national-academy-of-sciences-usa_1926-04-15_12_4	https://archive.org/download/sim_proceedings-of-the-national-academy-of-sciences-usa_1926-04-15_12_4/sim_proceedings-of-the-national-academy-of-sciences-usa_1926-04-15_12_4_djvu.txt	?	-
sim_proceedings-of-the-national-academy-of-sciences-usa_1926-05-15_12_5	https://archive.org/download/sim_proceedings-of-the-national-academy-of-sciences-usa_1926-05-15_12_5/sim_proceedings-of-the-national-academy-of-sciences-usa_1926-05-15_12_5_djvu.txt	?	-
sim_proceedings-of-the-national-academy-of-sciences-usa_1926-06-15_12_6	https://archive.org/download/sim_proceedings-of-the-national-academy-of-sciences-usa_1926-06-15_12_6/sim_proceedings-of-the-national-academy-of-sciences-usa_1926-06-15_12_6_djvu.txt	?	-
sim_proceedings-of-the-national-academy-of-sciences-usa_1926-07-15_12_7	https://archive.org/download/sim_proceedings-of-the-national-academy-of-sciences-usa_1926-07-15_12_7/sim_proceedings-of-the-national-academy-of-sciences-usa_1926-07-15_12_7_djvu.txt	?	-
sim_proceedings-of-the-national-academy-of-sciences-usa_1926-08-15_12_8	https://archive.org/download/sim_proceedings-of-the-national-academy-of-sciences-usa_1926-08-15_12_8/sim_proceedings-of-the-national-academy-of-sciences-usa_1926-08-15_12_8_djvu.txt	?	-
sim_proceedings-of-the-national-academy-of-sciences-usa_1926-09-15_12_9	https://archive.org/download/sim_proceedings-of-the-national-academy-of-sciences-usa_1926-09-15_12_9/sim_proceedings-of-the-national-academy-of-sciences-usa_1926-09-15_12_9_djvu.txt	?	-
sim_proceedings-of-the-national-academy-of-sciences-usa_1926-10-15_12_10	https://archive.org/download/sim_proceedings-of-the-national-academy-of-sciences-usa_1926-10-15_12_10/sim_proceedings-of-the-national-academy-of-sciences-usa_1926-10-15_12_10_djvu.txt	?	-
sim_proceedings-of-the-national-academy-of-sciences-usa_1926-11-15_12_11	https://archive.org/download/sim_proceedings-of-the-national-academy-of-sciences-usa_1926-11-15_12_11/sim_proceedings-of-the-national-academy-of-sciences-usa_1926-11-15_12_11_djvu.txt	?	-
sim_proceedings-of-the-national-academy-of-sciences-usa_1926-12-15_12_12	https://archive.org/download/sim_proceedings-of-the-national-academy-of-sciences-usa_1926-12-15_12_12/sim_proceedings-of-the-national-academy-of-sciences-usa_1926-12-15_12_12_djvu.txt	?	-
sim_proceedings-of-the-national-academy-of-sciences-usa_1926_12_contents	https://archive.org/download/sim_proceedings-of-the-national-academy-of-sciences-usa_1926_12_contents/sim_proceedings-of-the-national-academy-of-sciences-usa_1926_12_contents_djvu.txt	?	-
sim_proceedings-of-the-national-academy-of-sciences-usa_1926_12_index	https://archive.org/download/sim_proceedings-of-the-national-academy-of-sciences-usa_1926_12_index/sim_proceedings-of-the-national-academy-of-sciences-usa_1926_12_index_djvu.txt	?	-
sim_proceedings-of-the-national-academy-of-sciences-usa_1927-01-15_13_1	https://archive.org/download/sim_proceedings-of-the-national-academy-of-sciences-usa_1927-01-15_13_1/sim_proceedings-of-the-national-academy-of-sciences-usa_1927-01-15_13_1_djvu.txt	?	-
sim_proceedings-of-the-national-academy-of-sciences-usa_1927-02-15_13_2	https://archive.org/download/sim_proceedings-of-the-national-academy-of-sciences-usa_1927-02-15_13_2/sim_proceedings-of-the-national-academy-of-sciences-usa_1927-02-15_13_2_djvu.txt	?	-
sim_proceedings-of-the-national-academy-of-sciences-usa_1927-03-15_13_3	https://archive.org/download/sim_proceedings-of-the-national-academy-of-sciences-usa_1927-03-15_13_3/sim_proceedings-of-the-national-academy-of-sciences-usa_1927-03-15_13_3_djvu.txt	?	-
sim_proceedings-of-the-national-academy-of-sciences-usa_1927-04-15_13_4	https://archive.org/download/sim_proceedings-of-the-national-academy-of-sciences-usa_1927-04-15_13_4/sim_proceedings-of-the-national-academy-of-sciences-usa_1927-04-15_13_4_djvu.txt	?	-
sim_proceedings-of-the-national-academy-of-sciences-usa_1927-05-15_13_5	https://archive.org/download/sim_proceedings-of-the-national-academy-of-sciences-usa_1927-05-15_13_5/sim_proceedings-of-the-national-academy-of-sciences-usa_1927-05-15_13_5_djvu.txt	?	-
sim_proceedings-of-the-national-academy-of-sciences-usa_1927-06-15_13_6	https://archive.org/download/sim_proceedings-of-the-national-academy-of-sciences-usa_1927-06-15_13_6/sim_proceedings-of-the-national-academy-of-sciences-usa_1927-06-15_13_6_djvu.txt	?	-
sim_proceedings-of-the-national-academy-of-sciences-usa_1927-07-15_13_7	https://archive.org/download/sim_proceedings-of-the-national-academy-of-sciences-usa_1927-07-15_13_7/sim_proceedings-of-the-national-academy-of-sciences-usa_1927-07-15_13_7_djvu.txt	?	-
sim_proceedings-of-the-national-academy-of-sciences-usa_1927-08-15_13_8	https://archive.org/download/sim_proceedings-of-the-national-academy-of-sciences-usa_1927-08-15_13_8/sim_proceedings-of-the-national-academy-of-sciences-usa_1927-08-15_13_8_djvu.txt	?	-
sim_proceedings-of-the-national-academy-of-sciences-usa_1927-09-15_13_9	https://archive.org/download/sim_proceedings-of-the-national-academy-of-sciences-usa_1927-09-15_13_9/sim_proceedings-of-the-national-academy-of-sciences-usa_1927-09-15_13_9_djvu.txt	?	-
sim_proceedings-of-the-national-academy-of-sciences-usa_1927-10-15_13_10	https://archive.org/download/sim_proceedings-of-the-national-academy-of-sciences-usa_1927-10-15_13_10/sim_proceedings-of-the-national-academy-of-sciences-usa_1927-10-15_13_10_djvu.txt	?	-
sim_proceedings-of-the-national-academy-of-sciences-usa_1927-11-15_13_11	https://archive.org/download/sim_proceedings-of-the-national-academy-of-sciences-usa_1927-11-15_13_11/sim_proceedings-of-the-national-academy-of-sciences-usa_1927-11-15_13_11_djvu.txt	?	-
sim_proceedings-of-the-national-academy-of-sciences-usa_1927-12-15_13_12	https://archive.org/download/sim_proceedings-of-the-national-academy-of-sciences-usa_1927-12-15_13_12/sim_proceedings-of-the-national-academy-of-sciences-usa_1927-12-15_13_12_djvu.txt	?	-
sim_proceedings-of-the-national-academy-of-sciences-usa_1927_13_contents	https://archive.org/download/sim_proceedings-of-the-national-academy-of-sciences-usa_1927_13_contents/sim_proceedings-of-the-national-academy-of-sciences-usa_1927_13_contents_djvu.txt	?	-
sim_proceedings-of-the-national-academy-of-sciences-usa_1927_13_index	https://archive.org/download/sim_proceedings-of-the-national-academy-of-sciences-usa_1927_13_index/sim_proceedings-of-the-national-academy-of-sciences-usa_1927_13_index_djvu.txt	?	-
sim_proceedings-of-the-national-academy-of-sciences-usa_1928-01-15_14_1	https://archive.org/download/sim_proceedings-of-the-national-academy-of-sciences-usa_1928-01-15_14_1/sim_proceedings-of-the-national-academy-of-sciences-usa_1928-01-15_14_1_djvu.txt	?	-
sim_proceedings-of-the-national-academy-of-sciences-usa_1928-02-15_14_2	https://archive.org/download/sim_proceedings-of-the-national-academy-of-sciences-usa_1928-02-15_14_2/sim_proceedings-of-the-national-academy-of-sciences-usa_1928-02-15_14_2_djvu.txt	?	-
sim_proceedings-of-the-national-academy-of-sciences-usa_1928-03-15_14_3	https://archive.org/download/sim_proceedings-of-the-national-academy-of-sciences-usa_1928-03-15_14_3/sim_proceedings-of-the-national-academy-of-sciences-usa_1928-03-15_14_3_djvu.txt	?	-
sim_proceedings-of-the-national-academy-of-sciences-usa_1928-04-15_14_4	https://archive.org/download/sim_proceedings-of-the-national-academy-of-sciences-usa_1928-04-15_14_4/sim_proceedings-of-the-national-academy-of-sciences-usa_1928-04-15_14_4_djvu.txt	?	-
sim_proceedings-of-the-national-academy-of-sciences-usa_1928-05-15_14_5	https://archive.org/download/sim_proceedings-of-the-national-academy-of-sciences-usa_1928-05-15_14_5/sim_proceedings-of-the-national-academy-of-sciences-usa_1928-05-15_14_5_djvu.txt	?	-
sim_proceedings-of-the-national-academy-of-sciences-usa_1928-06-15_14_6	https://archive.org/download/sim_proceedings-of-the-national-academy-of-sciences-usa_1928-06-15_14_6/sim_proceedings-of-the-national-academy-of-sciences-usa_1928-06-15_14_6_djvu.txt	?	-
sim_proceedings-of-the-national-academy-of-sciences-usa_1928-07-15_14_7	https://archive.org/download/sim_proceedings-of-the-national-academy-of-sciences-usa_1928-07-15_14_7/sim_proceedings-of-the-national-academy-of-sciences-usa_1928-07-15_14_7_djvu.txt	?	-
sim_proceedings-of-the-national-academy-of-sciences-usa_1928-08-15_14_8	https://archive.org/download/sim_proceedings-of-the-national-academy-of-sciences-usa_1928-08-15_14_8/sim_proceedings-of-the-national-academy-of-sciences-usa_1928-08-15_14_8_djvu.txt	?	-
sim_proceedings-of-the-national-academy-of-sciences-usa_1928-09-15_14_9	https://archive.org/download/sim_proceedings-of-the-national-academy-of-sciences-usa_1928-09-15_14_9/sim_proceedings-of-the-national-academy-of-sciences-usa_1928-09-15_14_9_djvu.txt	?	-
sim_proceedings-of-the-national-academy-of-sciences-usa_1928-10-15_14_10	https://archive.org/download/sim_proceedings-of-the-national-academy-of-sciences-usa_1928-10-15_14_10/sim_proceedings-of-the-national-academy-of-sciences-usa_1928-10-15_14_10_djvu.txt	?	-
sim_proceedings-of-the-national-academy-of-sciences-usa_1928-11-15_14_11	https://archive.org/download/sim_proceedings-of-the-national-academy-of-sciences-usa_1928-11-15_14_11/sim_proceedings-of-the-national-academy-of-sciences-usa_1928-11-15_14_11_djvu.txt	?	-
sim_proceedings-of-the-national-academy-of-sciences-usa_1928-12-15_14_12	https://archive.org/download/sim_proceedings-of-the-national-academy-of-sciences-usa_1928-12-15_14_12/sim_proceedings-of-the-national-academy-of-sciences-usa_1928-12-15_14_12_djvu.txt	?	-
sim_proceedings-of-the-national-academy-of-sciences-usa_1928_14_contents	https://archive.org/download/sim_proceedings-of-the-national-academy-of-sciences-usa_1928_14_contents/sim_proceedings-of-the-national-academy-of-sciences-usa_1928_14_contents_djvu.txt	?	-
sim_proceedings-of-the-national-academy-of-sciences-usa_1928_14_index	https://archive.org/download/sim_proceedings-of-the-national-academy-of-sciences-usa_1928_14_index/sim_proceedings-of-the-national-academy-of-sciences-usa_1928_14_index_djvu.txt	?	-
sim_proceedings-of-the-national-academy-of-sciences-usa_1929-01-15_15_1	https://archive.org/download/sim_proceedings-of-the-national-academy-of-sciences-usa_1929-01-15_15_1/sim_proceedings-of-the-national-academy-of-sciences-usa_1929-01-15_15_1_djvu.txt	?	-
sim_proceedings-of-the-national-academy-of-sciences-usa_1929-02-15_15_2	https://archive.org/download/sim_proceedings-of-the-national-academy-of-sciences-usa_1929-02-15_15_2/sim_proceedings-of-the-national-academy-of-sciences-usa_1929-02-15_15_2_djvu.txt	?	-
sim_proceedings-of-the-national-academy-of-sciences-usa_1929-03-15_15_3	https://archive.org/download/sim_proceedings-of-the-national-academy-of-sciences-usa_1929-03-15_15_3/sim_proceedings-of-the-national-academy-of-sciences-usa_1929-03-15_15_3_djvu.txt	?	-
sim_proceedings-of-the-national-academy-of-sciences-usa_1929-04-15_15_4	https://archive.org/download/sim_proceedings-of-the-national-academy-of-sciences-usa_1929-04-15_15_4/sim_proceedings-of-the-national-academy-of-sciences-usa_1929-04-15_15_4_djvu.txt	?	-
sim_proceedings-of-the-national-academy-of-sciences-usa_1929-05-15_15_5	https://archive.org/download/sim_proceedings-of-the-national-academy-of-sciences-usa_1929-05-15_15_5/sim_proceedings-of-the-national-academy-of-sciences-usa_1929-05-15_15_5_djvu.txt	?	-
sim_proceedings-of-the-national-academy-of-sciences-usa_1929-06-15_15_6	https://archive.org/download/sim_proceedings-of-the-national-academy-of-sciences-usa_1929-06-15_15_6/sim_proceedings-of-the-national-academy-of-sciences-usa_1929-06-15_15_6_djvu.txt	?	-
sim_proceedings-of-the-national-academy-of-sciences-usa_1929-07-15_15_7	https://archive.org/download/sim_proceedings-of-the-national-academy-of-sciences-usa_1929-07-15_15_7/sim_proceedings-of-the-national-academy-of-sciences-usa_1929-07-15_15_7_djvu.txt	?	-
sim_proceedings-of-the-national-academy-of-sciences-usa_1929-08-15_15_8	https://archive.org/download/sim_proceedings-of-the-national-academy-of-sciences-usa_1929-08-15_15_8/sim_proceedings-of-the-national-academy-of-sciences-usa_1929-08-15_15_8_djvu.txt	?	-
sim_proceedings-of-the-national-academy-of-sciences-usa_1929-09-15_15_9	https://archive.org/download/sim_proceedings-of-the-national-academy-of-sciences-usa_1929-09-15_15_9/sim_proceedings-of-the-national-academy-of-sciences-usa_1929-09-15_15_9_djvu.txt	?	-
sim_proceedings-of-the-national-academy-of-sciences-usa_1929-10-15_15_10	https://archive.org/download/sim_proceedings-of-the-national-academy-of-sciences-usa_1929-10-15_15_10/sim_proceedings-of-the-national-academy-of-sciences-usa_1929-10-15_15_10_djvu.txt	?	-
sim_proceedings-of-the-national-academy-of-sciences-usa_1929-11-15_15_11	https://archive.org/download/sim_proceedings-of-the-national-academy-of-sciences-usa_1929-11-15_15_11/sim_proceedings-of-the-national-academy-of-sciences-usa_1929-11-15_15_11_djvu.txt	?	-
sim_proceedings-of-the-national-academy-of-sciences-usa_1929-12-15_15_12	https://archive.org/download/sim_proceedings-of-the-national-academy-of-sciences-usa_1929-12-15_15_12/sim_proceedings-of-the-national-academy-of-sciences-usa_1929-12-15_15_12_djvu.txt	?	-
sim_proceedings-of-the-national-academy-of-sciences-usa_1929_15_contents	https://archive.org/download/sim_proceedings-of-the-national-academy-of-sciences-usa_1929_15_contents/sim_proceedings-of-the-national-academy-of-sciences-usa_1929_15_contents_djvu.txt	?	-
sim_proceedings-of-the-national-academy-of-sciences-usa_1929_15_index	https://archive.org/download/sim_proceedings-of-the-national-academy-of-sciences-usa_1929_15_index/sim_proceedings-of-the-national-academy-of-sciences-usa_1929_15_index_djvu.txt	?	-
sim_proceedings-of-the-national-academy-of-sciences-usa_1930-01-15_16_1	https://archive.org/download/sim_proceedings-of-the-national-academy-of-sciences-usa_1930-01-15_16_1/sim_proceedings-of-the-national-academy-of-sciences-usa_1930-01-15_16_1_djvu.txt	?	-
sim_proceedings-of-the-national-academy-of-sciences-usa_1930-02-15_16_2	https://archive.org/download/sim_proceedings-of-the-national-academy-of-sciences-usa_1930-02-15_16_2/sim_proceedings-of-the-national-academy-of-sciences-usa_1930-02-15_16_2_djvu.txt	?	-
sim_proceedings-of-the-national-academy-of-sciences-usa_1930-03-15_16_3	https://archive.org/download/sim_proceedings-of-the-national-academy-of-sciences-usa_1930-03-15_16_3/sim_proceedings-of-the-national-academy-of-sciences-usa_1930-03-15_16_3_djvu.txt	?	-
sim_proceedings-of-the-national-academy-of-sciences-usa_1930-04-15_16_4	https://archive.org/download/sim_proceedings-of-the-national-academy-of-sciences-usa_1930-04-15_16_4/sim_proceedings-of-the-national-academy-of-sciences-usa_1930-04-15_16_4_djvu.txt	?	-
sim_proceedings-of-the-national-academy-of-sciences-usa_1930-05-15_16_5	https://archive.org/download/sim_proceedings-of-the-national-academy-of-sciences-usa_1930-05-15_16_5/sim_proceedings-of-the-national-academy-of-sciences-usa_1930-05-15_16_5_djvu.txt	?	-
sim_proceedings-of-the-national-academy-of-sciences-usa_1930-06-15_16_6	https://archive.org/download/sim_proceedings-of-the-national-academy-of-sciences-usa_1930-06-15_16_6/sim_proceedings-of-the-national-academy-of-sciences-usa_1930-06-15_16_6_djvu.txt	?	-
sim_proceedings-of-the-national-academy-of-sciences-usa_1930-07-15_16_7	https://archive.org/download/sim_proceedings-of-the-national-academy-of-sciences-usa_1930-07-15_16_7/sim_proceedings-of-the-national-academy-of-sciences-usa_1930-07-15_16_7_djvu.txt	?	-
sim_proceedings-of-the-national-academy-of-sciences-usa_1930-08-15_16_8	https://archive.org/download/sim_proceedings-of-the-national-academy-of-sciences-usa_1930-08-15_16_8/sim_proceedings-of-the-national-academy-of-sciences-usa_1930-08-15_16_8_djvu.txt	?	-
sim_proceedings-of-the-national-academy-of-sciences-usa_1930-09-15_16_9	https://archive.org/download/sim_proceedings-of-the-national-academy-of-sciences-usa_1930-09-15_16_9/sim_proceedings-of-the-national-academy-of-sciences-usa_1930-09-15_16_9_djvu.txt	?	-
sim_proceedings-of-the-national-academy-of-sciences-usa_1930-10-15_16_10	https://archive.org/download/sim_proceedings-of-the-national-academy-of-sciences-usa_1930-10-15_16_10/sim_proceedings-of-the-national-academy-of-sciences-usa_1930-10-15_16_10_djvu.txt	?	-
sim_proceedings-of-the-national-academy-of-sciences-usa_1930-11-15_16_11	https://archive.org/download/sim_proceedings-of-the-national-academy-of-sciences-usa_1930-11-15_16_11/sim_proceedings-of-the-national-academy-of-sciences-usa_1930-11-15_16_11_djvu.txt	?	-
sim_proceedings-of-the-national-academy-of-sciences-usa_1930-12-15_16_12	https://archive.org/download/sim_proceedings-of-the-national-academy-of-sciences-usa_1930-12-15_16_12/sim_proceedings-of-the-national-academy-of-sciences-usa_1930-12-15_16_12_djvu.txt	?	-
sim_proceedings-of-the-national-academy-of-sciences-usa_1930_16_contents	https://archive.org/download/sim_proceedings-of-the-national-academy-of-sciences-usa_1930_16_contents/sim_proceedings-of-the-national-academy-of-sciences-usa_1930_16_contents_djvu.txt	?	-
sim_proceedings-of-the-national-academy-of-sciences-usa_1930_16_index	https://archive.org/download/sim_proceedings-of-the-national-academy-of-sciences-usa_1930_16_index/sim_proceedings-of-the-national-academy-of-sciences-usa_1930_16_index_djvu.txt	?	-
sim_proceedings-of-the-national-academy-of-sciences-usa_1931-01-15_17_1	https://archive.org/download/sim_proceedings-of-the-national-academy-of-sciences-usa_1931-01-15_17_1/sim_proceedings-of-the-national-academy-of-sciences-usa_1931-01-15_17_1_djvu.txt	?	-
sim_proceedings-of-the-national-academy-of-sciences-usa_1931-02-15_17_2	https://archive.org/download/sim_proceedings-of-the-national-academy-of-sciences-usa_1931-02-15_17_2/sim_proceedings-of-the-national-academy-of-sciences-usa_1931-02-15_17_2_djvu.txt	?	-
sim_proceedings-of-the-national-academy-of-sciences-usa_1931-03-15_17_3	https://archive.org/download/sim_proceedings-of-the-national-academy-of-sciences-usa_1931-03-15_17_3/sim_proceedings-of-the-national-academy-of-sciences-usa_1931-03-15_17_3_djvu.txt	?	-
sim_proceedings-of-the-national-academy-of-sciences-usa_1931-04-15_17_4	https://archive.org/download/sim_proceedings-of-the-national-academy-of-sciences-usa_1931-04-15_17_4/sim_proceedings-of-the-national-academy-of-sciences-usa_1931-04-15_17_4_djvu.txt	?	-
sim_proceedings-of-the-national-academy-of-sciences-usa_1931-05-15_17_5	https://archive.org/download/sim_proceedings-of-the-national-academy-of-sciences-usa_1931-05-15_17_5/sim_proceedings-of-the-national-academy-of-sciences-usa_1931-05-15_17_5_djvu.txt	?	-
sim_proceedings-of-the-national-academy-of-sciences-usa_1931-06-15_17_6	https://archive.org/download/sim_proceedings-of-the-national-academy-of-sciences-usa_1931-06-15_17_6/sim_proceedings-of-the-national-academy-of-sciences-usa_1931-06-15_17_6_djvu.txt	?	-
sim_proceedings-of-the-national-academy-of-sciences-usa_1931-07-15_17_7	https://archive.org/download/sim_proceedings-of-the-national-academy-of-sciences-usa_1931-07-15_17_7/sim_proceedings-of-the-national-academy-of-sciences-usa_1931-07-15_17_7_djvu.txt	?	-
sim_proceedings-of-the-national-academy-of-sciences-usa_1931-08-15_17_8	https://archive.org/download/sim_proceedings-of-the-national-academy-of-sciences-usa_1931-08-15_17_8/sim_proceedings-of-the-national-academy-of-sciences-usa_1931-08-15_17_8_djvu.txt	?	-
sim_proceedings-of-the-national-academy-of-sciences-usa_1931-09-15_17_9	https://archive.org/download/sim_proceedings-of-the-national-academy-of-sciences-usa_1931-09-15_17_9/sim_proceedings-of-the-national-academy-of-sciences-usa_1931-09-15_17_9_djvu.txt	?	-
sim_proceedings-of-the-national-academy-of-sciences-usa_1931-10-15_17_10	https://archive.org/download/sim_proceedings-of-the-national-academy-of-sciences-usa_1931-10-15_17_10/sim_proceedings-of-the-national-academy-of-sciences-usa_1931-10-15_17_10_djvu.txt	?	-
sim_proceedings-of-the-national-academy-of-sciences-usa_1931-11-15_17_11	https://archive.org/download/sim_proceedings-of-the-national-academy-of-sciences-usa_1931-11-15_17_11/sim_proceedings-of-the-national-academy-of-sciences-usa_1931-11-15_17_11_djvu.txt	?	-
sim_proceedings-of-the-national-academy-of-sciences-usa_1931-12-15_17_12	https://archive.org/download/sim_proceedings-of-the-national-academy-of-sciences-usa_1931-12-15_17_12/sim_proceedings-of-the-national-academy-of-sciences-usa_1931-12-15_17_12_djvu.txt	?	-
sim_proceedings-of-the-national-academy-of-sciences-usa_1931_17_contents	https://archive.org/download/sim_proceedings-of-the-national-academy-of-sciences-usa_1931_17_contents/sim_proceedings-of-the-national-academy-of-sciences-usa_1931_17_contents_djvu.txt	?	-
sim_proceedings-of-the-national-academy-of-sciences-usa_1931_17_index	https://archive.org/download/sim_proceedings-of-the-national-academy-of-sciences-usa_1931_17_index/sim_proceedings-of-the-national-academy-of-sciences-usa_1931_17_index_djvu.txt	?	-
sim_proceedings-of-the-national-academy-of-sciences-usa_1932-01-15_18_1	https://archive.org/download/sim_proceedings-of-the-national-academy-of-sciences-usa_1932-01-15_18_1/sim_proceedings-of-the-national-academy-of-sciences-usa_1932-01-15_18_1_djvu.txt	?	-
sim_proceedings-of-the-national-academy-of-sciences-usa_1932-02-15_18_2	https://archive.org/download/sim_proceedings-of-the-national-academy-of-sciences-usa_1932-02-15_18_2/sim_proceedings-of-the-national-academy-of-sciences-usa_1932-02-15_18_2_djvu.txt	?	-
sim_proceedings-of-the-national-academy-of-sciences-usa_1932-03-15_18_3	https://archive.org/download/sim_proceedings-of-the-national-academy-of-sciences-usa_1932-03-15_18_3/sim_proceedings-of-the-national-academy-of-sciences-usa_1932-03-15_18_3_djvu.txt	?	-
sim_proceedings-of-the-national-academy-of-sciences-usa_1932-04-15_18_4	https://archive.org/download/sim_proceedings-of-the-national-academy-of-sciences-usa_1932-04-15_18_4/sim_proceedings-of-the-national-academy-of-sciences-usa_1932-04-15_18_4_djvu.txt	?	-
sim_proceedings-of-the-national-academy-of-sciences-usa_1932-05-15_18_5	https://archive.org/download/sim_proceedings-of-the-national-academy-of-sciences-usa_1932-05-15_18_5/sim_proceedings-of-the-national-academy-of-sciences-usa_1932-05-15_18_5_djvu.txt	?	-
sim_proceedings-of-the-national-academy-of-sciences-usa_1932-06-15_18_6	https://archive.org/download/sim_proceedings-of-the-national-academy-of-sciences-usa_1932-06-15_18_6/sim_proceedings-of-the-national-academy-of-sciences-usa_1932-06-15_18_6_djvu.txt	?	-
sim_proceedings-of-the-national-academy-of-sciences-usa_1932-07-15_18_7	https://archive.org/download/sim_proceedings-of-the-national-academy-of-sciences-usa_1932-07-15_18_7/sim_proceedings-of-the-national-academy-of-sciences-usa_1932-07-15_18_7_djvu.txt	?	-
sim_proceedings-of-the-national-academy-of-sciences-usa_1932-08-15_18_8	https://archive.org/download/sim_proceedings-of-the-national-academy-of-sciences-usa_1932-08-15_18_8/sim_proceedings-of-the-national-academy-of-sciences-usa_1932-08-15_18_8_djvu.txt	?	-
sim_proceedings-of-the-national-academy-of-sciences-usa_1932-09-15_18_9	https://archive.org/download/sim_proceedings-of-the-national-academy-of-sciences-usa_1932-09-15_18_9/sim_proceedings-of-the-national-academy-of-sciences-usa_1932-09-15_18_9_djvu.txt	?	-
sim_proceedings-of-the-national-academy-of-sciences-usa_1932-10-15_18_10	https://archive.org/download/sim_proceedings-of-the-national-academy-of-sciences-usa_1932-10-15_18_10/sim_proceedings-of-the-national-academy-of-sciences-usa_1932-10-15_18_10_djvu.txt	?	-
sim_proceedings-of-the-national-academy-of-sciences-usa_1932-11-15_18_11	https://archive.org/download/sim_proceedings-of-the-national-academy-of-sciences-usa_1932-11-15_18_11/sim_proceedings-of-the-national-academy-of-sciences-usa_1932-11-15_18_11_djvu.txt	?	-
sim_proceedings-of-the-national-academy-of-sciences-usa_1932-12-15_18_12	https://archive.org/download/sim_proceedings-of-the-national-academy-of-sciences-usa_1932-12-15_18_12/sim_proceedings-of-the-national-academy-of-sciences-usa_1932-12-15_18_12_djvu.txt	?	-
sim_proceedings-of-the-national-academy-of-sciences-usa_1932_18_contents	https://archive.org/download/sim_proceedings-of-the-national-academy-of-sciences-usa_1932_18_contents/sim_proceedings-of-the-national-academy-of-sciences-usa_1932_18_contents_djvu.txt	?	-
sim_proceedings-of-the-national-academy-of-sciences-usa_1932_18_index	https://archive.org/download/sim_proceedings-of-the-national-academy-of-sciences-usa_1932_18_index/sim_proceedings-of-the-national-academy-of-sciences-usa_1932_18_index_djvu.txt	?	-
sim_proceedings-of-the-national-academy-of-sciences-usa_1933-01-15_19_1	https://archive.org/download/sim_proceedings-of-the-national-academy-of-sciences-usa_1933-01-15_19_1/sim_proceedings-of-the-national-academy-of-sciences-usa_1933-01-15_19_1_djvu.txt	?	-
sim_proceedings-of-the-national-academy-of-sciences-usa_1933-02-15_19_2	https://archive.org/download/sim_proceedings-of-the-national-academy-of-sciences-usa_1933-02-15_19_2/sim_proceedings-of-the-national-academy-of-sciences-usa_1933-02-15_19_2_djvu.txt	?	-
sim_proceedings-of-the-national-academy-of-sciences-usa_1933-03-15_19_3	https://archive.org/download/sim_proceedings-of-the-national-academy-of-sciences-usa_1933-03-15_19_3/sim_proceedings-of-the-national-academy-of-sciences-usa_1933-03-15_19_3_djvu.txt	?	-
sim_proceedings-of-the-national-academy-of-sciences-usa_1933-04-15_19_4	https://archive.org/download/sim_proceedings-of-the-national-academy-of-sciences-usa_1933-04-15_19_4/sim_proceedings-of-the-national-academy-of-sciences-usa_1933-04-15_19_4_djvu.txt	?	-
sim_proceedings-of-the-national-academy-of-sciences-usa_1933-05-15_19_5	https://archive.org/download/sim_proceedings-of-the-national-academy-of-sciences-usa_1933-05-15_19_5/sim_proceedings-of-the-national-academy-of-sciences-usa_1933-05-15_19_5_djvu.txt	?	-
sim_proceedings-of-the-national-academy-of-sciences-usa_1933-06-15_19_6	https://archive.org/download/sim_proceedings-of-the-national-academy-of-sciences-usa_1933-06-15_19_6/sim_proceedings-of-the-national-academy-of-sciences-usa_1933-06-15_19_6_djvu.txt	?	-
sim_proceedings-of-the-national-academy-of-sciences-usa_1933-07-15_19_7	https://archive.org/download/sim_proceedings-of-the-national-academy-of-sciences-usa_1933-07-15_19_7/sim_proceedings-of-the-national-academy-of-sciences-usa_1933-07-15_19_7_djvu.txt	?	-
sim_proceedings-of-the-national-academy-of-sciences-usa_1933-08-15_19_8	https://archive.org/download/sim_proceedings-of-the-national-academy-of-sciences-usa_1933-08-15_19_8/sim_proceedings-of-the-national-academy-of-sciences-usa_1933-08-15_19_8_djvu.txt	?	-
sim_proceedings-of-the-national-academy-of-sciences-usa_1933-09-15_19_9	https://archive.org/download/sim_proceedings-of-the-national-academy-of-sciences-usa_1933-09-15_19_9/sim_proceedings-of-the-national-academy-of-sciences-usa_1933-09-15_19_9_djvu.txt	?	-
sim_proceedings-of-the-national-academy-of-sciences-usa_1933-10-15_19_10	https://archive.org/download/sim_proceedings-of-the-national-academy-of-sciences-usa_1933-10-15_19_10/sim_proceedings-of-the-national-academy-of-sciences-usa_1933-10-15_19_10_djvu.txt	?	-
sim_proceedings-of-the-national-academy-of-sciences-usa_1933-11-15_19_11	https://archive.org/download/sim_proceedings-of-the-national-academy-of-sciences-usa_1933-11-15_19_11/sim_proceedings-of-the-national-academy-of-sciences-usa_1933-11-15_19_11_djvu.txt	?	-
sim_proceedings-of-the-national-academy-of-sciences-usa_1933-12-15_19_12	https://archive.org/download/sim_proceedings-of-the-national-academy-of-sciences-usa_1933-12-15_19_12/sim_proceedings-of-the-national-academy-of-sciences-usa_1933-12-15_19_12_djvu.txt	?	-
sim_proceedings-of-the-national-academy-of-sciences-usa_1933_19_contents	https://archive.org/download/sim_proceedings-of-the-national-academy-of-sciences-usa_1933_19_contents/sim_proceedings-of-the-national-academy-of-sciences-usa_1933_19_contents_djvu.txt	?	-
sim_proceedings-of-the-national-academy-of-sciences-usa_1933_19_index	https://archive.org/download/sim_proceedings-of-the-national-academy-of-sciences-usa_1933_19_index/sim_proceedings-of-the-national-academy-of-sciences-usa_1933_19_index_djvu.txt	?	-
sim_proceedings-of-the-national-academy-of-sciences-usa_1934-01-15_20_1	https://archive.org/download/sim_proceedings-of-the-national-academy-of-sciences-usa_1934-01-15_20_1/sim_proceedings-of-the-national-academy-of-sciences-usa_1934-01-15_20_1_djvu.txt	?	-
sim_proceedings-of-the-national-academy-of-sciences-usa_1934-02-15_20_2	https://archive.org/download/sim_proceedings-of-the-national-academy-of-sciences-usa_1934-02-15_20_2/sim_proceedings-of-the-national-academy-of-sciences-usa_1934-02-15_20_2_djvu.txt	?	-
sim_proceedings-of-the-national-academy-of-sciences-usa_1934-03-15_20_3	https://archive.org/download/sim_proceedings-of-the-national-academy-of-sciences-usa_1934-03-15_20_3/sim_proceedings-of-the-national-academy-of-sciences-usa_1934-03-15_20_3_djvu.txt	?	-
sim_proceedings-of-the-national-academy-of-sciences-usa_1934-04-15_20_4	https://archive.org/download/sim_proceedings-of-the-national-academy-of-sciences-usa_1934-04-15_20_4/sim_proceedings-of-the-national-academy-of-sciences-usa_1934-04-15_20_4_djvu.txt	?	-
sim_proceedings-of-the-national-academy-of-sciences-usa_1934-05-15_20_5	https://archive.org/download/sim_proceedings-of-the-national-academy-of-sciences-usa_1934-05-15_20_5/sim_proceedings-of-the-national-academy-of-sciences-usa_1934-05-15_20_5_djvu.txt	?	-
sim_proceedings-of-the-national-academy-of-sciences-usa_1934-06-15_20_6	https://archive.org/download/sim_proceedings-of-the-national-academy-of-sciences-usa_1934-06-15_20_6/sim_proceedings-of-the-national-academy-of-sciences-usa_1934-06-15_20_6_djvu.txt	?	-
sim_proceedings-of-the-national-academy-of-sciences-usa_1934-07-15_20_7	https://archive.org/download/sim_proceedings-of-the-national-academy-of-sciences-usa_1934-07-15_20_7/sim_proceedings-of-the-national-academy-of-sciences-usa_1934-07-15_20_7_djvu.txt	?	-
sim_proceedings-of-the-national-academy-of-sciences-usa_1934-08-15_20_8	https://archive.org/download/sim_proceedings-of-the-national-academy-of-sciences-usa_1934-08-15_20_8/sim_proceedings-of-the-national-academy-of-sciences-usa_1934-08-15_20_8_djvu.txt	?	-
sim_proceedings-of-the-national-academy-of-sciences-usa_1934-09-15_20_9	https://archive.org/download/sim_proceedings-of-the-national-academy-of-sciences-usa_1934-09-15_20_9/sim_proceedings-of-the-national-academy-of-sciences-usa_1934-09-15_20_9_djvu.txt	?	-
sim_proceedings-of-the-national-academy-of-sciences-usa_1934-10-15_20_10	https://archive.org/download/sim_proceedings-of-the-national-academy-of-sciences-usa_1934-10-15_20_10/sim_proceedings-of-the-national-academy-of-sciences-usa_1934-10-15_20_10_djvu.txt	?	-
sim_proceedings-of-the-national-academy-of-sciences-usa_1934-11-15_20_11	https://archive.org/download/sim_proceedings-of-the-national-academy-of-sciences-usa_1934-11-15_20_11/sim_proceedings-of-the-national-academy-of-sciences-usa_1934-11-15_20_11_djvu.txt	?	-
sim_proceedings-of-the-national-academy-of-sciences-usa_1934-12-15_20_12	https://archive.org/download/sim_proceedings-of-the-national-academy-of-sciences-usa_1934-12-15_20_12/sim_proceedings-of-the-national-academy-of-sciences-usa_1934-12-15_20_12_djvu.txt	?	-
sim_proceedings-of-the-national-academy-of-sciences-usa_1934_20_contents	https://archive.org/download/sim_proceedings-of-the-national-academy-of-sciences-usa_1934_20_contents/sim_proceedings-of-the-national-academy-of-sciences-usa_1934_20_contents_djvu.txt	?	-
sim_proceedings-of-the-national-academy-of-sciences-usa_1934_20_index	https://archive.org/download/sim_proceedings-of-the-national-academy-of-sciences-usa_1934_20_index/sim_proceedings-of-the-national-academy-of-sciences-usa_1934_20_index_djvu.txt	?	-
sim_proceedings-of-the-national-academy-of-sciences-usa_1935-01-15_21_1	https://archive.org/download/sim_proceedings-of-the-national-academy-of-sciences-usa_1935-01-15_21_1/sim_proceedings-of-the-national-academy-of-sciences-usa_1935-01-15_21_1_djvu.txt	?	-
sim_proceedings-of-the-national-academy-of-sciences-usa_1935-02-15_21_2	https://archive.org/download/sim_proceedings-of-the-national-academy-of-sciences-usa_1935-02-15_21_2/sim_proceedings-of-the-national-academy-of-sciences-usa_1935-02-15_21_2_djvu.txt	?	-
sim_proceedings-of-the-national-academy-of-sciences-usa_1935-03-15_21_3	https://archive.org/download/sim_proceedings-of-the-national-academy-of-sciences-usa_1935-03-15_21_3/sim_proceedings-of-the-national-academy-of-sciences-usa_1935-03-15_21_3_djvu.txt	?	-
sim_proceedings-of-the-national-academy-of-sciences-usa_1935-04-15_21_4	https://archive.org/download/sim_proceedings-of-the-national-academy-of-sciences-usa_1935-04-15_21_4/sim_proceedings-of-the-national-academy-of-sciences-usa_1935-04-15_21_4_djvu.txt	?	-
sim_proceedings-of-the-national-academy-of-sciences-usa_1935-05-15_21_5	https://archive.org/download/sim_proceedings-of-the-national-academy-of-sciences-usa_1935-05-15_21_5/sim_proceedings-of-the-national-academy-of-sciences-usa_1935-05-15_21_5_djvu.txt	?	-
sim_proceedings-of-the-national-academy-of-sciences-usa_1935-06-15_21_6	https://archive.org/download/sim_proceedings-of-the-national-academy-of-sciences-usa_1935-06-15_21_6/sim_proceedings-of-the-national-academy-of-sciences-usa_1935-06-15_21_6_djvu.txt	?	-
sim_proceedings-of-the-national-academy-of-sciences-usa_1935-07-15_21_7	https://archive.org/download/sim_proceedings-of-the-national-academy-of-sciences-usa_1935-07-15_21_7/sim_proceedings-of-the-national-academy-of-sciences-usa_1935-07-15_21_7_djvu.txt	?	-
sim_proceedings-of-the-national-academy-of-sciences-usa_1935-08-15_21_8	https://archive.org/download/sim_proceedings-of-the-national-academy-of-sciences-usa_1935-08-15_21_8/sim_proceedings-of-the-national-academy-of-sciences-usa_1935-08-15_21_8_djvu.txt	?	-
sim_proceedings-of-the-national-academy-of-sciences-usa_1935-09-15_21_9	https://archive.org/download/sim_proceedings-of-the-national-academy-of-sciences-usa_1935-09-15_21_9/sim_proceedings-of-the-national-academy-of-sciences-usa_1935-09-15_21_9_djvu.txt	?	-
sim_proceedings-of-the-national-academy-of-sciences-usa_1935-10-15_21_10	https://archive.org/download/sim_proceedings-of-the-national-academy-of-sciences-usa_1935-10-15_21_10/sim_proceedings-of-the-national-academy-of-sciences-usa_1935-10-15_21_10_djvu.txt	?	-
sim_proceedings-of-the-national-academy-of-sciences-usa_1935-11-15_21_11	https://archive.org/download/sim_proceedings-of-the-national-academy-of-sciences-usa_1935-11-15_21_11/sim_proceedings-of-the-national-academy-of-sciences-usa_1935-11-15_21_11_djvu.txt	?	-
sim_proceedings-of-the-national-academy-of-sciences-usa_1935-12-15_21_12	https://archive.org/download/sim_proceedings-of-the-national-academy-of-sciences-usa_1935-12-15_21_12/sim_proceedings-of-the-national-academy-of-sciences-usa_1935-12-15_21_12_djvu.txt	?	-
sim_proceedings-of-the-national-academy-of-sciences-usa_1935_21_contents	https://archive.org/download/sim_proceedings-of-the-national-academy-of-sciences-usa_1935_21_contents/sim_proceedings-of-the-national-academy-of-sciences-usa_1935_21_contents_djvu.txt	?	-
sim_proceedings-of-the-national-academy-of-sciences-usa_1935_21_index	https://archive.org/download/sim_proceedings-of-the-national-academy-of-sciences-usa_1935_21_index/sim_proceedings-of-the-national-academy-of-sciences-usa_1935_21_index_djvu.txt	?	-
sim_proceedings-of-the-national-academy-of-sciences-usa_1936-01-15_22_1	https://archive.org/download/sim_proceedings-of-the-national-academy-of-sciences-usa_1936-01-15_22_1/sim_proceedings-of-the-national-academy-of-sciences-usa_1936-01-15_22_1_djvu.txt	?	-
sim_proceedings-of-the-national-academy-of-sciences-usa_1936-02-15_22_2	https://archive.org/download/sim_proceedings-of-the-national-academy-of-sciences-usa_1936-02-15_22_2/sim_proceedings-of-the-national-academy-of-sciences-usa_1936-02-15_22_2_djvu.txt	?	-
sim_proceedings-of-the-national-academy-of-sciences-usa_1936-03-15_22_3	https://archive.org/download/sim_proceedings-of-the-national-academy-of-sciences-usa_1936-03-15_22_3/sim_proceedings-of-the-national-academy-of-sciences-usa_1936-03-15_22_3_djvu.txt	?	-
sim_proceedings-of-the-national-academy-of-sciences-usa_1936-04-15_22_4	https://archive.org/download/sim_proceedings-of-the-national-academy-of-sciences-usa_1936-04-15_22_4/sim_proceedings-of-the-national-academy-of-sciences-usa_1936-04-15_22_4_djvu.txt	?	-
sim_proceedings-of-the-national-academy-of-sciences-usa_1936-05-15_22_5	https://archive.org/download/sim_proceedings-of-the-national-academy-of-sciences-usa_1936-05-15_22_5/sim_proceedings-of-the-national-academy-of-sciences-usa_1936-05-15_22_5_djvu.txt	?	-
sim_proceedings-of-the-national-academy-of-sciences-usa_1936-06-15_22_6	https://archive.org/download/sim_proceedings-of-the-national-academy-of-sciences-usa_1936-06-15_22_6/sim_proceedings-of-the-national-academy-of-sciences-usa_1936-06-15_22_6_djvu.txt	?	-
sim_proceedings-of-the-national-academy-of-sciences-usa_1936-07-15_22_7	https://archive.org/download/sim_proceedings-of-the-national-academy-of-sciences-usa_1936-07-15_22_7/sim_proceedings-of-the-national-academy-of-sciences-usa_1936-07-15_22_7_djvu.txt	?	-
sim_proceedings-of-the-national-academy-of-sciences-usa_1936-08-15_22_8	https://archive.org/download/sim_proceedings-of-the-national-academy-of-sciences-usa_1936-08-15_22_8/sim_proceedings-of-the-national-academy-of-sciences-usa_1936-08-15_22_8_djvu.txt	?	-
sim_proceedings-of-the-national-academy-of-sciences-usa_1936-09-15_22_9	https://archive.org/download/sim_proceedings-of-the-national-academy-of-sciences-usa_1936-09-15_22_9/sim_proceedings-of-the-national-academy-of-sciences-usa_1936-09-15_22_9_djvu.txt	?	-
sim_proceedings-of-the-national-academy-of-sciences-usa_1936-10-15_22_10	https://archive.org/download/sim_proceedings-of-the-national-academy-of-sciences-usa_1936-10-15_22_10/sim_proceedings-of-the-national-academy-of-sciences-usa_1936-10-15_22_10_djvu.txt	?	-
sim_proceedings-of-the-national-academy-of-sciences-usa_1936-11-15_22_11	https://archive.org/download/sim_proceedings-of-the-national-academy-of-sciences-usa_1936-11-15_22_11/sim_proceedings-of-the-national-academy-of-sciences-usa_1936-11-15_22_11_djvu.txt	?	-
sim_proceedings-of-the-national-academy-of-sciences-usa_1936-12-15_22_12	https://archive.org/download/sim_proceedings-of-the-national-academy-of-sciences-usa_1936-12-15_22_12/sim_proceedings-of-the-national-academy-of-sciences-usa_1936-12-15_22_12_djvu.txt	?	-
sim_proceedings-of-the-national-academy-of-sciences-usa_1936_22_contents	https://archive.org/download/sim_proceedings-of-the-national-academy-of-sciences-usa_1936_22_contents/sim_proceedings-of-the-national-academy-of-sciences-usa_1936_22_contents_djvu.txt	?	-
sim_proceedings-of-the-national-academy-of-sciences-usa_1936_22_index	https://archive.org/download/sim_proceedings-of-the-national-academy-of-sciences-usa_1936_22_index/sim_proceedings-of-the-national-academy-of-sciences-usa_1936_22_index_djvu.txt	?	-
sim_proceedings-of-the-national-academy-of-sciences-usa_1937-01-15_23_1	https://archive.org/download/sim_proceedings-of-the-national-academy-of-sciences-usa_1937-01-15_23_1/sim_proceedings-of-the-national-academy-of-sciences-usa_1937-01-15_23_1_djvu.txt	?	-
sim_proceedings-of-the-national-academy-of-sciences-usa_1937-02-15_23_2	https://archive.org/download/sim_proceedings-of-the-national-academy-of-sciences-usa_1937-02-15_23_2/sim_proceedings-of-the-national-academy-of-sciences-usa_1937-02-15_23_2_djvu.txt	?	-
sim_proceedings-of-the-national-academy-of-sciences-usa_1937-03-15_23_3	https://archive.org/download/sim_proceedings-of-the-national-academy-of-sciences-usa_1937-03-15_23_3/sim_proceedings-of-the-national-academy-of-sciences-usa_1937-03-15_23_3_djvu.txt	?	-
sim_proceedings-of-the-national-academy-of-sciences-usa_1937-04-15_23_4	https://archive.org/download/sim_proceedings-of-the-national-academy-of-sciences-usa_1937-04-15_23_4/sim_proceedings-of-the-national-academy-of-sciences-usa_1937-04-15_23_4_djvu.txt	?	-
sim_proceedings-of-the-national-academy-of-sciences-usa_1937-05-15_23_5	https://archive.org/download/sim_proceedings-of-the-national-academy-of-sciences-usa_1937-05-15_23_5/sim_proceedings-of-the-national-academy-of-sciences-usa_1937-05-15_23_5_djvu.txt	?	-
sim_proceedings-of-the-national-academy-of-sciences-usa_1937-06-15_23_6	https://archive.org/download/sim_proceedings-of-the-national-academy-of-sciences-usa_1937-06-15_23_6/sim_proceedings-of-the-national-academy-of-sciences-usa_1937-06-15_23_6_djvu.txt	?	-
sim_proceedings-of-the-national-academy-of-sciences-usa_1937-07-15_23_7	https://archive.org/download/sim_proceedings-of-the-national-academy-of-sciences-usa_1937-07-15_23_7/sim_proceedings-of-the-national-academy-of-sciences-usa_1937-07-15_23_7_djvu.txt	?	-
sim_proceedings-of-the-national-academy-of-sciences-usa_1937-08-15_23_8	https://archive.org/download/sim_proceedings-of-the-national-academy-of-sciences-usa_1937-08-15_23_8/sim_proceedings-of-the-national-academy-of-sciences-usa_1937-08-15_23_8_djvu.txt	?	-
sim_proceedings-of-the-national-academy-of-sciences-usa_1937-09-15_23_9	https://archive.org/download/sim_proceedings-of-the-national-academy-of-sciences-usa_1937-09-15_23_9/sim_proceedings-of-the-national-academy-of-sciences-usa_1937-09-15_23_9_djvu.txt	?	-
sim_proceedings-of-the-national-academy-of-sciences-usa_1937-10-15_23_10	https://archive.org/download/sim_proceedings-of-the-national-academy-of-sciences-usa_1937-10-15_23_10/sim_proceedings-of-the-national-academy-of-sciences-usa_1937-10-15_23_10_djvu.txt	?	-
sim_proceedings-of-the-national-academy-of-sciences-usa_1937-11-15_23_11	https://archive.org/download/sim_proceedings-of-the-national-academy-of-sciences-usa_1937-11-15_23_11/sim_proceedings-of-the-national-academy-of-sciences-usa_1937-11-15_23_11_djvu.txt	?	-
sim_proceedings-of-the-national-academy-of-sciences-usa_1937-12-15_23_12	https://archive.org/download/sim_proceedings-of-the-national-academy-of-sciences-usa_1937-12-15_23_12/sim_proceedings-of-the-national-academy-of-sciences-usa_1937-12-15_23_12_djvu.txt	?	-
sim_proceedings-of-the-national-academy-of-sciences-usa_1937_23_contents	https://archive.org/download/sim_proceedings-of-the-national-academy-of-sciences-usa_1937_23_contents/sim_proceedings-of-the-national-academy-of-sciences-usa_1937_23_contents_djvu.txt	?	-
sim_proceedings-of-the-national-academy-of-sciences-usa_1937_23_index	https://archive.org/download/sim_proceedings-of-the-national-academy-of-sciences-usa_1937_23_index/sim_proceedings-of-the-national-academy-of-sciences-usa_1937_23_index_djvu.txt	?	-
sim_proceedings-of-the-national-academy-of-sciences-usa_1938-01_24_1	https://archive.org/download/sim_proceedings-of-the-national-academy-of-sciences-usa_1938-01_24_1/sim_proceedings-of-the-national-academy-of-sciences-usa_1938-01_24_1_djvu.txt	?	-
sim_proceedings-of-the-national-academy-of-sciences-usa_1938-02_24_2	https://archive.org/download/sim_proceedings-of-the-national-academy-of-sciences-usa_1938-02_24_2/sim_proceedings-of-the-national-academy-of-sciences-usa_1938-02_24_2_djvu.txt	?	-
sim_proceedings-of-the-national-academy-of-sciences-usa_1938-03_24_3	https://archive.org/download/sim_proceedings-of-the-national-academy-of-sciences-usa_1938-03_24_3/sim_proceedings-of-the-national-academy-of-sciences-usa_1938-03_24_3_djvu.txt	?	-
sim_proceedings-of-the-national-academy-of-sciences-usa_1938-04_24_4	https://archive.org/download/sim_proceedings-of-the-national-academy-of-sciences-usa_1938-04_24_4/sim_proceedings-of-the-national-academy-of-sciences-usa_1938-04_24_4_djvu.txt	?	-
sim_proceedings-of-the-national-academy-of-sciences-usa_1938-05_24_5	https://archive.org/download/sim_proceedings-of-the-national-academy-of-sciences-usa_1938-05_24_5/sim_proceedings-of-the-national-academy-of-sciences-usa_1938-05_24_5_djvu.txt	?	-
sim_proceedings-of-the-national-academy-of-sciences-usa_1938-06_24_6	https://archive.org/download/sim_proceedings-of-the-national-academy-of-sciences-usa_1938-06_24_6/sim_proceedings-of-the-national-academy-of-sciences-usa_1938-06_24_6_djvu.txt	?	-
sim_proceedings-of-the-national-academy-of-sciences-usa_1938-07_24_7	https://archive.org/download/sim_proceedings-of-the-national-academy-of-sciences-usa_1938-07_24_7/sim_proceedings-of-the-national-academy-of-sciences-usa_1938-07_24_7_djvu.txt	?	-
sim_proceedings-of-the-national-academy-of-sciences-usa_1938-08_24_8	https://archive.org/download/sim_proceedings-of-the-national-academy-of-sciences-usa_1938-08_24_8/sim_proceedings-of-the-national-academy-of-sciences-usa_1938-08_24_8_djvu.txt	?	-
sim_proceedings-of-the-national-academy-of-sciences-usa_1938-09_24_9	https://archive.org/download/sim_proceedings-of-the-national-academy-of-sciences-usa_1938-09_24_9/sim_proceedings-of-the-national-academy-of-sciences-usa_1938-09_24_9_djvu.txt	?	-
sim_proceedings-of-the-national-academy-of-sciences-usa_1938-10_24_10	https://archive.org/download/sim_proceedings-of-the-national-academy-of-sciences-usa_1938-10_24_10/sim_proceedings-of-the-national-academy-of-sciences-usa_1938-10_24_10_djvu.txt	?	-
sim_proceedings-of-the-national-academy-of-sciences-usa_1938-11_24_11	https://archive.org/download/sim_proceedings-of-the-national-academy-of-sciences-usa_1938-11_24_11/sim_proceedings-of-the-national-academy-of-sciences-usa_1938-11_24_11_djvu.txt	?	-
sim_proceedings-of-the-national-academy-of-sciences-usa_1938-12_24_12	https://archive.org/download/sim_proceedings-of-the-national-academy-of-sciences-usa_1938-12_24_12/sim_proceedings-of-the-national-academy-of-sciences-usa_1938-12_24_12_djvu.txt	?	-
sim_proceedings-of-the-national-academy-of-sciences-usa_1938_24_index	https://archive.org/download/sim_proceedings-of-the-national-academy-of-sciences-usa_1938_24_index/sim_proceedings-of-the-national-academy-of-sciences-usa_1938_24_index_djvu.txt	?	-
sim_proceedings-of-the-national-academy-of-sciences-usa_1939-01_25_1	https://archive.org/download/sim_proceedings-of-the-national-academy-of-sciences-usa_1939-01_25_1/sim_proceedings-of-the-national-academy-of-sciences-usa_1939-01_25_1_djvu.txt	?	-
sim_proceedings-of-the-national-academy-of-sciences-usa_1939-02_25_2	https://archive.org/download/sim_proceedings-of-the-national-academy-of-sciences-usa_1939-02_25_2/sim_proceedings-of-the-national-academy-of-sciences-usa_1939-02_25_2_djvu.txt	?	-
sim_proceedings-of-the-national-academy-of-sciences-usa_1939-03_25_3	https://archive.org/download/sim_proceedings-of-the-national-academy-of-sciences-usa_1939-03_25_3/sim_proceedings-of-the-national-academy-of-sciences-usa_1939-03_25_3_djvu.txt	?	-
sim_proceedings-of-the-national-academy-of-sciences-usa_1939-04_25_4	https://archive.org/download/sim_proceedings-of-the-national-academy-of-sciences-usa_1939-04_25_4/sim_proceedings-of-the-national-academy-of-sciences-usa_1939-04_25_4_djvu.txt	?	-
sim_proceedings-of-the-national-academy-of-sciences-usa_1939-05_25_5	https://archive.org/download/sim_proceedings-of-the-national-academy-of-sciences-usa_1939-05_25_5/sim_proceedings-of-the-national-academy-of-sciences-usa_1939-05_25_5_djvu.txt	?	-
sim_proceedings-of-the-national-academy-of-sciences-usa_1939-06_25_6	https://archive.org/download/sim_proceedings-of-the-national-academy-of-sciences-usa_1939-06_25_6/sim_proceedings-of-the-national-academy-of-sciences-usa_1939-06_25_6_djvu.txt	?	-
