# psm_ia: archive.org djvu.txt, query 'collection:pub_popular-science AND date:[1916-01-01 TO 1930-12-31] AND NOT identifier:*index*', window 1916-01-01..1930-12-31; built 2026-10-06 by src.data.ia_catalog
key	url	bytes	checksum
sim_popular-science_1916-01_88_1	https://archive.org/download/sim_popular-science_1916-01_88_1/sim_popular-science_1916-01_88_1_djvu.txt	?	-
sim_popular-science_1916-02_88_2	https://archive.org/download/sim_popular-science_1916-02_88_2/sim_popular-science_1916-02_88_2_djvu.txt	?	-
sim_popular-science_1916-03_88_3	https://archive.org/download/sim_popular-science_1916-03_88_3/sim_popular-science_1916-03_88_3_djvu.txt	?	-
sim_popular-science_1916-04_88_4	https://archive.org/download/sim_popular-science_1916-04_88_4/sim_popular-science_1916-04_88_4_djvu.txt	?	-
sim_popular-science_1916-05_88_5	https://archive.org/download/sim_popular-science_1916-05_88_5/sim_popular-science_1916-05_88_5_djvu.txt	?	-
sim_popular-science_1916-06_88_6	https://archive.org/download/sim_popular-science_1916-06_88_6/sim_popular-science_1916-06_88_6_djvu.txt	?	-
sim_popular-science_1916-07_89_1	https://archive.org/download/sim_popular-science_1916-07_89_1/sim_popular-science_1916-07_89_1_djvu.txt	?	-
sim_popular-science_1916-08_89_2	https://archive.org/download/sim_popular-science_1916-08_89_2/sim_popular-science_1916-08_89_2_djvu.txt	?	-
sim_popular-science_1916-09_89_3	https://archive.org/download/sim_popular-science_1916-09_89_3/sim_popular-science_1916-09_89_3_djvu.txt	?	-
sim_popular-science_1916-10_89_4	https://archive.org/download/sim_popular-science_1916-10_89_4/sim_popular-science_1916-10_89_4_djvu.txt	?	-
sim_popular-science_1916-11_89_5	https://archive.org/download/sim_popular-science_1916-11_89_5/sim_popular-science_1916-11_89_5_djvu.txt	?	-
sim_popular-science_1916-12_89_6	https://archive.org/download/sim_popular-science_1916-12_89_6/sim_popular-science_1916-12_89_6_djvu.txt	?	-
sim_popular-science_1917-01_90_1	https://archive.org/download/sim_popular-science_1917-01_90_1/sim_popular-science_1917-01_90_1_djvu.txt	?	-
sim_popular-science_1917-02_90_2	https://archive.org/download/sim_popular-science_1917-02_90_2/sim_popular-science_1917-02_90_2_djvu.txt	?	-
sim_popular-science_1917-03_90_3	https://archive.org/download/sim_popular-science_1917-03_90_3/sim_popular-science_1917-03_90_3_djvu.txt	?	-
sim_popular-science_1917-04_90_4	https://archive.org/download/sim_popular-science_1917-04_90_4/sim_popular-science_1917-04_90_4_djvu.txt	?	-
sim_popular-science_1917-05_90_5	https://archive.org/download/sim_popular-science_1917-05_90_5/sim_popular-science_1917-05_90_5_djvu.txt	?	-
sim_popular-science_1917-06_90_6	https://archive.org/download/sim_popular-science_1917-06_90_6/sim_popular-science_1917-06_90_6_djvu.txt	?	-
sim_popular-science_1917-07_91_1	https://archive.org/download/sim_popular-science_1917-07_91_1/sim_popular-science_1917-07_91_1_djvu.txt	?	-
sim_popular-science_1917-08_91_2	https://archive.org/download/sim_popular-science_1917-08_91_2/sim_popular-science_1917-08_91_2_djvu.txt	?	-
sim_popular-science_1917-09_91_3	https://archive.org/download/sim_popular-science_1917-09_91_3/sim_popular-science_1917-09_91_3_djvu.txt	?	-
sim_popular-science_1917-10_91_4	https://archive.org/download/sim_popular-science_1917-10_91_4/sim_popular-science_1917-10_91_4_djvu.txt	?	-
sim_popular-science_1917-11_91_5	https://archive.org/download/sim_popular-science_1917-11_91_5/sim_popular-science_1917-11_91_5_djvu.txt	?	-
sim_popular-science_1917-12_91_6	https://archive.org/download/sim_popular-science_1917-12_91_6/sim_popular-science_1917-12_91_6_djvu.txt	?	-
sim_popular-science_1918-01_92_1	https://archive.org/download/sim_popular-science_1918-01_92_1/sim_popular-science_1918-01_92_1_djvu.txt	?	-
sim_popular-science_1918-02_92_2	https://archive.org/download/sim_popular-science_1918-02_92_2/sim_popular-science_1918-02_92_2_djvu.txt	?	-
sim_popular-science_1918-03_92_3	https://archive.org/download/sim_popular-science_1918-03_92_3/sim_popular-science_1918-03_92_3_djvu.txt	?	-
sim_popular-science_1918-04_92_4	https://archive.org/download/sim_popular-science_1918-04_92_4/sim_popular-science_1918-04_92_4_djvu.txt	?	-
sim_popular-science_1918-05_92_5	https://archive.org/download/sim_popular-science_1918-05_92_5/sim_popular-science_1918-05_92_5_djvu.txt	?	-
sim_popular-science_1918-06_92_6	https://archive.org/download/sim_popular-science_1918-06_92_6/sim_popular-science_1918-06_92_6_djvu.txt	?	-
sim_popular-science_1918-07_93_1	https://archive.org/download/sim_popular-science_1918-07_93_1/sim_popular-science_1918-07_93_1_djvu.txt	?	-
sim_popular-science_1918-08_93_2	https://archive.org/download/sim_popular-science_1918-08_93_2/sim_popular-science_1918-08_93_2_djvu.txt	?	-
sim_popular-science_1918-09_93_3	https://archive.org/download/sim_popular-science_1918-09_93_3/sim_popular-science_1918-09_93_3_djvu.txt	?	-
sim_popular-science_1918-10_93_4	https://archive.org/download/sim_popular-science_1918-10_93_4/sim_popular-science_1918-10_93_4_djvu.txt	?	-
sim_popular-science_1918-11_93_5	https://archive.org/download/sim_popular-science_1918-11_93_5/sim_popular-science_1918-11_93_5_djvu.txt	?	-
sim_popular-science_1918-12_93_6	https://archive.org/download/sim_popular-science_1918-12_93_6/sim_popular-science_1918-12_93_6_djvu.txt	?	-
sim_popular-science_1919-01_94_1	https://archive.org/download/sim_popular-science_1919-01_94_1/sim_popular-science_1919-01_94_1_djvu.txt	?	-
sim_popular-science_1919-02_94_2	https://archive.org/download/sim_popular-science_1919-02_94_2/sim_popular-science_1919-02_94_2_djvu.txt	?	-
sim_popular-science_1919-03_94_3	https://archive.org/download/sim_popular-science_1919-03_94_3/sim_popular-science_1919-03_94_3_djvu.txt	?	-
sim_popular-science_1919-04_94_4	https://archive.org/download/sim_popular-science_1919-04_94_4/sim_popular-science_1919-04_94_4_djvu.txt	?	-
sim_popular-science_1919-05_94_5	https://archive.org/download/sim_popular-science_1919-05_94_5/sim_popular-science_1919-05_94_5_djvu.txt	?	-
sim_popular-science_1919-06_94_6	https://archive.org/download/sim_popular-science_1919-06_94_6/sim_popular-science_1919-06_94_6_djvu.txt	?	-
sim_popular-science_1919-07_95_1	https://archive.org/download/sim_popular-science_1919-07_95_1/sim_popular-science_1919-07_95_1_djvu.txt	?	-
sim_popular-science_1919-08_95_2	https://archive.org/download/sim_popular-science_1919-08_95_2/sim_popular-science_1919-08_95_2_djvu.txt	?	-
sim_popular-science_1919-09_95_3	https://archive.org/download/sim_popular-science_1919-09_95_3/sim_popular-science_1919-09_95_3_djvu.txt	?	-
sim_popular-science_1919-10_95_4	https://archive.org/download/sim_popular-science_1919-10_95_4/sim_popular-science_1919-10_95_4_djvu.txt	?	-
sim_popular-science_1919-12_95_6	https://archive.org/download/sim_popular-science_1919-12_95_6/sim_popular-science_1919-12_95_6_djvu.txt	?	-
sim_popular-science_1920-01_96_1	https://archive.org/download/sim_popular-science_1920-01_96_1/sim_popular-science_1920-01_96_1_djvu.txt	?	-
sim_popular-science_1920-02_96_2	https://archive.org/download/sim_popular-science_1920-02_96_2/sim_popular-science_1920-02_96_2_djvu.txt	?	-
sim_popular-science_1920-03_96_3	https://archive.org/download/sim_popular-science_1920-03_96_3/sim_popular-science_1920-03_96_3_djvu.txt	?	-
sim_popular-science_1920-04_96_4	https://archive.org/download/sim_popular-science_1920-04_96_4/sim_popular-science_1920-04_96_4_djvu.txt	?	-
sim_popular-science_1920-05_96_5	https://archive.org/download/sim_popular-science_1920-05_96_5/sim_popular-science_1920-05_96_5_djvu.txt	?	-
sim_popular-science_1920-06_96_6	https://archive.org/download/sim_popular-science_1920-06_96_6/sim_popular-science_1920-06_96_6_djvu.txt	?	-
sim_popular-science_1920-07_97_1	https://archive.org/download/sim_popular-science_1920-07_97_1/sim_popular-science_1920-07_97_1_djvu.txt	?	-
sim_popular-science_1920-08_97_2	https://archive.org/download/sim_popular-science_1920-08_97_2/sim_popular-science_1920-08_97_2_djvu.txt	?	-
sim_popular-science_1920-09_97_3	https://archive.org/download/sim_popular-science_1920-09_97_3/sim_popular-science_1920-09_97_3_djvu.txt	?	-
sim_popular-science_1920-10_97_4	https://archive.org/download/sim_popular-science_1920-10_97_4/sim_popular-science_1920-10_97_4_djvu.txt	?	-
sim_popular-science_1920-11_97_5	https://archive.org/download/sim_popular-science_1920-11_97_5/sim_popular-science_1920-11_97_5_djvu.txt	?	-
sim_popular-science_1920-12_97_6	https://archive.org/download/sim_popular-science_1920-12_97_6/sim_popular-science_1920-12_97_6_djvu.txt	?	-
sim_popular-science_1921-01_98_1	https://archive.org/download/sim_popular-science_1921-01_98_1/sim_popular-science_1921-01_98_1_djvu.txt	?	-
sim_popular-science_1921-02_98_2	https://archive.org/download/sim_popular-science_1921-02_98_2/sim_popular-science_1921-02_98_2_djvu.txt	?	-
sim_popular-science_1921-03_98_3	https://archive.org/download/sim_popular-science_1921-03_98_3/sim_popular-science_1921-03_98_3_djvu.txt	?	-
sim_popular-science_1921-04_98_4	https://archive.org/download/sim_popular-science_1921-04_98_4/sim_popular-science_1921-04_98_4_djvu.txt	?	-
sim_popular-science_1921-05_98_5	https://archive.org/download/sim_popular-science_1921-05_98_5/sim_popular-science_1921-05_98_5_djvu.txt	?	-
sim_popular-science_1921-06_98_6	https://archive.org/download/sim_popular-science_1921-06_98_6/sim_popular-science_1921-06_98_6_djvu.txt	?	-
sim_popular-science_1921-07_99_1	https://archive.org/download/sim_popular-science_1921-07_99_1/sim_popular-science_1921-07_99_1_djvu.txt	?	-
sim_popular-science_1921-08_99_2	https://archive.org/download/sim_popular-science_1921-08_99_2/sim_popular-science_1921-08_99_2_djvu.txt	?	-
sim_popular-science_1921-09_99_3	https://archive.org/download/sim_popular-science_1921-09_99_3/sim_popular-science_1921-09_99_3_djvu.txt	?	-
sim_popular-science_1921-10_99_4	https://archive.org/download/sim_popular-science_1921-10_99_4/sim_popular-science_1921-10_99_4_djvu.txt	?	-
sim_popular-science_1921-11_99_5	https://archive.org/download/sim_popular-science_1921-11_99_5/sim_popular-science_1921-11_99_5_djvu.txt	?	-
sim_popular-science_1921-12_99_6	https://archive.org/download/sim_popular-science_1921-12_99_6/sim_popular-science_1921-12_99_6_djvu.txt	?	-
sim_popular-science_1922-01_100_1	https://archive.org/download/sim_popular-science_1922-01_100_1/sim_popular-science_1922-01_100_1_djvu.txt	?	-
sim_popular-science_1922-02_100_2	https://archive.org/download/sim_popular-science_1922-02_100_2/sim_popular-science_1922-02_100_2_djvu.txt	?	-
sim_popular-science_1922-03_100_3	https://archive.org/download/sim_popular-science_1922-03_100_3/sim_popular-science_1922-03_100_3_djvu.txt	?	-
sim_popular-science_1922-04_100_4	https://archive.org/download/sim_popular-science_1922-04_100_4/sim_popular-science_1922-04_100_4_djvu.txt	?	-
sim_popular-science_1922-05_100_5	https://archive.org/download/sim_popular-science_1922-05_100_5/sim_popular-science_1922-05_100_5_djvu.txt	?	-
sim_popular-science_1922-06_100_6	https://archive.org/download/sim_popular-science_1922-06_100_6/sim_popular-science_1922-06_100_6_djvu.txt	?	-
sim_popular-science_1922-07_101_1	https://archive.org/download/sim_popular-science_1922-07_101_1/sim_popular-science_1922-07_101_1_djvu.txt	?	-
sim_popular-science_1922-08_101_2	https://archive.org/download/sim_popular-science_1922-08_101_2/sim_popular-science_1922-08_101_2_djvu.txt	?	-
sim_popular-science_1922-09_101_3	https://archive.org/download/sim_popular-science_1922-09_101_3/sim_popular-science_1922-09_101_3_djvu.txt	?	-
sim_popular-science_1922-10_101_4	https://archive.org/download/sim_popular-science_1922-10_101_4/sim_popular-science_1922-10_101_4_djvu.txt	?	-
sim_popular-science_1922-11_101_5	https://archive.org/download/sim_popular-science_1922-11_101_5/sim_popular-science_1922-11_101_5_djvu.txt	?	-
sim_popular-science_1922-12_101_6	https://archive.org/download/sim_popular-science_1922-12_101_6/sim_popular-science_1922-12_101_6_djvu.txt	?	-
sim_popular-science_1923-01_102_1	https://archive.org/download/sim_popular-science_1923-01_102_1/sim_popular-science_1923-01_102_1_djvu.txt	?	-
sim_popular-science_1923-02_102_2	https://archive.org/download/sim_popular-science_1923-02_102_2/sim_popular-science_1923-02_102_2_djvu.txt	?	-
sim_popular-science_1923-03_102_3	https://archive.org/download/sim_popular-science_1923-03_102_3/sim_popular-science_1923-03_102_3_djvu.txt	?	-
sim_popular-science_1923-04_102_4	https://archive.org/download/sim_popular-science_1923-04_102_4/sim_popular-science_1923-04_102_4_djvu.txt	?	-
sim_popular-science_1923-05_102_5	https://archive.org/download/sim_popular-science_1923-05_102_5/sim_popular-science_1923-05_102_5_djvu.txt	?	-
sim_popular-science_1923-06_102_6	https://archive.org/download/sim_popular-science_1923-06_102_6/sim_popular-science_1923-06_102_6_djvu.txt	?	-
sim_popular-science_1923-07_103_1	https://archive.org/download/sim_popular-science_1923-07_103_1/sim_popular-science_1923-07_103_1_djvu.txt	?	-
sim_popular-science_1923-08_103_2	https://archive.org/download/sim_popular-science_1923-08_103_2/sim_popular-science_1923-08_103_2_djvu.txt	?	-
sim_popular-science_1923-09_103_3	https://archive.org/download/sim_popular-science_1923-09_103_3/sim_popular-science_1923-09_103_3_djvu.txt	?	-
sim_popular-science_1923-10_103_4	https://archive.org/download/sim_popular-science_1923-10_103_4/sim_popular-science_1923-10_103_4_djvu.txt	?	-
sim_popular-science_1923-11_103_5	https://archive.org/download/sim_popular-science_1923-11_103_5/sim_popular-science_1923-11_103_5_djvu.txt	?	-
sim_popular-science_1923-12_103_6	https://archive.org/download/sim_popular-science_1923-12_103_6/sim_popular-science_1923-12_103_6_djvu.txt	?	-
sim_popular-science_1924-01_104_1	https://archive.org/download/sim_popular-science_1924-01_104_1/sim_popular-science_1924-01_104_1_djvu.txt	?	-
sim_popular-science_1924-02_104_2	https://archive.org/download/sim_popular-science_1924-02_104_2/sim_popular-science_1924-02_104_2_djvu.txt	?	-
sim_popular-science_1924-03_104_3	https://archive.org/download/sim_popular-science_1924-03_104_3/sim_popular-science_1924-03_104_3_djvu.txt	?	-
sim_popular-science_1924-05_104_5	https://archive.org/download/sim_popular-science_1924-05_104_5/sim_popular-science_1924-05_104_5_djvu.txt	?	-
sim_popular-science_1924-06_104_6	https://archive.org/download/sim_popular-science_1924-06_104_6/sim_popular-science_1924-06_104_6_djvu.txt	?	-
sim_popular-science_1924-07_105_1	https://archive.org/download/sim_popular-science_1924-07_105_1/sim_popular-science_1924-07_105_1_djvu.txt	?	-
sim_popular-science_1924-08_105_2	https://archive.org/download/sim_popular-science_1924-08_105_2/sim_popular-science_1924-08_105_2_djvu.txt	?	-
sim_popular-science_1924-09_105_3	https://archive.org/download/sim_popular-science_1924-09_105_3/sim_popular-science_1924-09_105_3_djvu.txt	?	-
sim_popular-science_1924-10_105_4	https://archive.org/download/sim_popular-science_1924-10_105_4/sim_popular-science_1924-10_105_4_djvu.txt	?	-
sim_popular-science_1924-11_105_5	https://archive.org/download/sim_popular-science_1924-11_105_5/sim_popular-science_1924-11_105_5_djvu.txt	?	-
sim_popular-science_1924-12_105_6	https://archive.org/download/sim_popular-science_1924-12_105_6/sim_popular-science_1924-12_105_6_djvu.txt	?	-
sim_popular-science_1925-01_106_1	https://archive.org/download/sim_popular-science_1925-01_106_1/sim_popular-science_1925-01_106_1_djvu.txt	?	-
sim_popular-science_1925-02_106_2	https://archive.org/download/sim_popular-science_1925-02_106_2/sim_popular-science_1925-02_106_2_djvu.txt	?	-
sim_popular-science_1925-03_106_3	https://archive.org/download/sim_popular-science_1925-03_106_3/sim_popular-science_1925-03_106_3_djvu.txt	?	-
sim_popular-science_1925-04_106_4	https://archive.org/download/sim_popular-science_1925-04_106_4/sim_popular-science_1925-04_106_4_djvu.txt	?	-
sim_popular-science_1925-05_106_5	https://archive.org/download/sim_popular-science_1925-05_106_5/sim_popular-science_1925-05_106_5_djvu.txt	?	-
sim_popular-science_1925-06_106_6	https://archive.org/download/sim_popular-science_1925-06_106_6/sim_popular-science_1925-06_106_6_djvu.txt	?	-
sim_popular-science_1925-07_107_1	https://archive.org/download/sim_popular-science_1925-07_107_1/sim_popular-science_1925-07_107_1_djvu.txt	?	-
sim_popular-science_1925-08_107_2	https://archive.org/download/sim_popular-science_1925-08_107_2/sim_popular-science_1925-08_107_2_djvu.txt	?	-
sim_popular-science_1925-09_107_3	https://archive.org/download/sim_popular-science_1925-09_107_3/sim_popular-science_1925-09_107_3_djvu.txt	?	-
sim_popular-science_1925-10_107_4	https://archive.org/download/sim_popular-science_1925-10_107_4/sim_popular-science_1925-10_107_4_djvu.txt	?	-
sim_popular-science_1925-11_107_5	https://archive.org/download/sim_popular-science_1925-11_107_5/sim_popular-science_1925-11_107_5_djvu.txt	?	-
sim_popular-science_1925-12_107_6	https://archive.org/download/sim_popular-science_1925-12_107_6/sim_popular-science_1925-12_107_6_djvu.txt	?	-
sim_popular-science_1926-01_108_1	https://archive.org/download/sim_popular-science_1926-01_108_1/sim_popular-science_1926-01_108_1_djvu.txt	?	-
sim_popular-science_1926-02_108_2	https://archive.org/download/sim_popular-science_1926-02_108_2/sim_popular-science_1926-02_108_2_djvu.txt	?	-
sim_popular-science_1926-03_108_3	https://archive.org/download/sim_popular-science_1926-03_108_3/sim_popular-science_1926-03_108_3_djvu.txt	?	-
sim_popular-science_1926-04_108_4	https://archive.org/download/sim_popular-science_1926-04_108_4/sim_popular-science_1926-04_108_4_djvu.txt	?	-
sim_popular-science_1926-05_108_5	https://archive.org/download/sim_popular-science_1926-05_108_5/sim_popular-science_1926-05_108_5_djvu.txt	?	-
sim_popular-science_1926-06_108_6	https://archive.org/download/sim_popular-science_1926-06_108_6/sim_popular-science_1926-06_108_6_djvu.txt	?	-
sim_popular-science_1926-07_109_1	https://archive.org/download/sim_popular-science_1926-07_109_1/sim_popular-science_1926-07_109_1_djvu.txt	?	-
sim_popular-science_1926-08_109_2	https://archive.org/download/sim_popular-science_1926-08_109_2/sim_popular-science_1926-08_109_2_djvu.txt	?	-
sim_popular-science_1926-09_109_3	https://archive.org/download/sim_popular-science_1926-09_109_3/sim_popular-science_1926-09_109_3_djvu.txt	?	-
sim_popular-science_1926-10_109_4	https://archive.org/download/sim_popular-science_1926-10_109_4/sim_popular-science_1926-10_109_4_djvu.txt	?	-
sim_popular-science_1926-11_109_5	https://archive.org/download/sim_popular-science_1926-11_109_5/sim_popular-science_1926-11_109_5_djvu.txt	?	-
sim_popular-science_1926-12_109_6	https://archive.org/download/sim_popular-science_1926-12_109_6/sim_popular-science_1926-12_109_6_djvu.txt	?	-
sim_popular-science_1927-01_110_1	https://archive.org/download/sim_popular-science_1927-01_110_1/sim_popular-science_1927-01_110_1_djvu.txt	?	-
sim_popular-science_1927-02_110_2	https://archive.org/download/sim_popular-science_1927-02_110_2/sim_popular-science_1927-02_110_2_djvu.txt	?	-
sim_popular-science_1927-03_110_3	https://archive.org/download/sim_popular-science_1927-03_110_3/sim_popular-science_1927-03_110_3_djvu.txt	?	-
sim_popular-science_1927-04_110_4	https://archive.org/download/sim_popular-science_1927-04_110_4/sim_popular-science_1927-04_110_4_djvu.txt	?	-
sim_popular-science_1927-05_110_5	https://archive.org/download/sim_popular-science_1927-05_110_5/sim_popular-science_1927-05_110_5_djvu.txt	?	-
sim_popular-science_1927-06_110_6	https://archive.org/download/sim_popular-science_1927-06_110_6/sim_popular-science_1927-06_110_6_djvu.txt	?	-
sim_popular-science_1927-07_111_1	https://archive.org/download/sim_popular-science_1927-07_111_1/sim_popular-science_1927-07_111_1_djvu.txt	?	-
sim_popular-science_1927-08_111_2	https://archive.org/download/sim_popular-science_1927-08_111_2/sim_popular-science_1927-08_111_2_djvu.txt	?	-
sim_popular-science_1927-09_111_3	https://archive.org/download/sim_popular-science_1927-09_111_3/sim_popular-science_1927-09_111_3_djvu.txt	?	-
sim_popular-science_1927-10_111_4	https://archive.org/download/sim_popular-science_1927-10_111_4/sim_popular-science_1927-10_111_4_djvu.txt	?	-
sim_popular-science_1927-11_111_5	https://archive.org/download/sim_popular-science_1927-11_111_5/sim_popular-science_1927-11_111_5_djvu.txt	?	-
sim_popular-science_1927-12_111_6	https://archive.org/download/sim_popular-science_1927-12_111_6/sim_popular-science_1927-12_111_6_djvu.txt	?	-
sim_popular-science_1928-01_112_1	https://archive.org/download/sim_popular-science_1928-01_112_1/sim_popular-science_1928-01_112_1_djvu.txt	?	-
sim_popular-science_1928-02_112_2	https://archive.org/download/sim_popular-science_1928-02_112_2/sim_popular-science_1928-02_112_2_djvu.txt	?	-
sim_popular-science_1928-03_112_3	https://archive.org/download/sim_popular-science_1928-03_112_3/sim_popular-science_1928-03_112_3_djvu.txt	?	-
sim_popular-science_1928-04_112_4	https://archive.org/download/sim_popular-science_1928-04_112_4/sim_popular-science_1928-04_112_4_djvu.txt	?	-
sim_popular-science_1928-05_112_5	https://archive.org/download/sim_popular-science_1928-05_112_5/sim_popular-science_1928-05_112_5_djvu.txt	?	-
sim_popular-science_1928-06_112_6	https://archive.org/download/sim_popular-science_1928-06_112_6/sim_popular-science_1928-06_112_6_djvu.txt	?	-
sim_popular-science_1928-07_113_1	https://archive.org/download/sim_popular-science_1928-07_113_1/sim_popular-science_1928-07_113_1_djvu.txt	?	-
sim_popular-science_1928-08_113_2	https://archive.org/download/sim_popular-science_1928-08_113_2/sim_popular-science_1928-08_113_2_djvu.txt	?	-
sim_popular-science_1928-09_113_3	https://archive.org/download/sim_popular-science_1928-09_113_3/sim_popular-science_1928-09_113_3_djvu.txt	?	-
sim_popular-science_1928-10_113_4	https://archive.org/download/sim_popular-science_1928-10_113_4/sim_popular-science_1928-10_113_4_djvu.txt	?	-
sim_popular-science_1928-11_113_5	https://archive.org/download/sim_popular-science_1928-11_113_5/sim_popular-science_1928-11_113_5_djvu.txt	?	-
sim_popular-science_1928-12_113_6	https://archive.org/download/sim_popular-science_1928-12_113_6/sim_popular-science_1928-12_113_6_djvu.txt	?	-
sim_popular-science_1928_112_contents	https://archive.org/download/sim_popular-science_1928_112_contents/sim_popular-science_1928_112_contents_djvu.txt	?	-
sim_popular-science_1928_113_contents	https://archive.org/download/sim_popular-science_1928_113_contents/sim_popular-science_1928_113_contents_djvu.txt	?	-
sim_popular-science_1929-01_114_1	https://archive.org/download/sim_popular-science_1929-01_114_1/sim_popular-science_1929-01_114_1_djvu.txt	?	-
sim_popular-science_1929-02_114_2	https://archive.org/download/sim_popular-science_1929-02_114_2/sim_popular-science_1929-02_114_2_djvu.txt	?	-
sim_popular-science_1929-03_114_3	https://archive.org/download/sim_popular-science_1929-03_114_3/sim_popular-science_1929-03_114_3_djvu.txt	?	-
sim_popular-science_1929-04_114_4	https://archive.org/download/sim_popular-science_1929-04_114_4/sim_popular-science_1929-04_114_4_djvu.txt	?	-
sim_popular-science_1929-05_114_5	https://archive.org/download/sim_popular-science_1929-05_114_5/sim_popular-science_1929-05_114_5_djvu.txt	?	-
sim_popular-science_1929-06_114_6	https://archive.org/download/sim_popular-science_1929-06_114_6/sim_popular-science_1929-06_114_6_djvu.txt	?	-
sim_popular-science_1929-07_115_1	https://archive.org/download/sim_popular-science_1929-07_115_1/sim_popular-science_1929-07_115_1_djvu.txt	?	-
sim_popular-science_1929-08_115_2	https://archive.org/download/sim_popular-science_1929-08_115_2/sim_popular-science_1929-08_115_2_djvu.txt	?	-
sim_popular-science_1929-09_115_3	https://archive.org/download/sim_popular-science_1929-09_115_3/sim_popular-science_1929-09_115_3_djvu.txt	?	-
sim_popular-science_1929-10_115_4	https://archive.org/download/sim_popular-science_1929-10_115_4/sim_popular-science_1929-10_115_4_djvu.txt	?	-
sim_popular-science_1929-11_115_5	https://archive.org/download/sim_popular-science_1929-11_115_5/sim_popular-science_1929-11_115_5_djvu.txt	?	-
sim_popular-science_1929-12_115_6	https://archive.org/download/sim_popular-science_1929-12_115_6/sim_popular-science_1929-12_115_6_djvu.txt	?	-
sim_popular-science_1929_114_contents	https://archive.org/download/sim_popular-science_1929_114_contents/sim_popular-science_1929_114_contents_djvu.txt	?	-
sim_popular-science_1929_115_contents	https://archive.org/download/sim_popular-science_1929_115_contents/sim_popular-science_1929_115_contents_djvu.txt	?	-
sim_popular-science_1930-01_116_1	https://archive.org/download/sim_popular-science_1930-01_116_1/sim_popular-science_1930-01_116_1_djvu.txt	?	-
sim_popular-science_1930-02_116_2	https://archive.org/download/sim_popular-science_1930-02_116_2/sim_popular-science_1930-02_116_2_djvu.txt	?	-
sim_popular-science_1930-03_116_3	https://archive.org/download/sim_popular-science_1930-03_116_3/sim_popular-science_1930-03_116_3_djvu.txt	?	-
sim_popular-science_1930-04_116_4	https://archive.org/download/sim_popular-science_1930-04_116_4/sim_popular-science_1930-04_116_4_djvu.txt	?	-
sim_popular-science_1930-05_116_5	https://archive.org/download/sim_popular-science_1930-05_116_5/sim_popular-science_1930-05_116_5_djvu.txt	?	-
sim_popular-science_1930-06_116_6	https://archive.org/download/sim_popular-science_1930-06_116_6/sim_popular-science_1930-06_116_6_djvu.txt	?	-
sim_popular-science_1930-07_117_1	https://archive.org/download/sim_popular-science_1930-07_117_1/sim_popular-science_1930-07_117_1_djvu.txt	?	-
sim_popular-science_1930-08_117_2	https://archive.org/download/sim_popular-science_1930-08_117_2/sim_popular-science_1930-08_117_2_djvu.txt	?	-
sim_popular-science_1930-09_117_3	https://archive.org/download/sim_popular-science_1930-09_117_3/sim_popular-science_1930-09_117_3_djvu.txt	?	-
sim_popular-science_1930-10_117_4	https://archive.org/download/sim_popular-science_1930-10_117_4/sim_popular-science_1930-10_117_4_djvu.txt	?	-
sim_popular-science_1930-11_117_5	https://archive.org/download/sim_popular-science_1930-11_117_5/sim_popular-science_1930-11_117_5_djvu.txt	?	-
sim_popular-science_1930-12_117_6	https://archive.org/download/sim_popular-science_1930-12_117_6/sim_popular-science_1930-12_117_6_djvu.txt	?	-
sim_popular-science_1930_116_contents	https://archive.org/download/sim_popular-science_1930_116_contents/sim_popular-science_1930_116_contents_djvu.txt	?	-
sim_popular-science_1930_117_contents	https://archive.org/download/sim_popular-science_1930_117_contents/sim_popular-science_1930_117_contents_djvu.txt	?	-
