# sitzungsberichte_ia: archive.org djvu.txt, query 'title:(sitzungsberichte preussischen akademie wissenschaften)', window 1882-01-01..1938-12-31; built 2026-10-06 by src.data.ia_catalog
key	url	bytes	checksum
bub_gb_KwUoAAAAYAAJ	https://archive.org/download/bub_gb_KwUoAAAAYAAJ/bub_gb_KwUoAAAAYAAJ_djvu.txt	?	-
flschungenmakedo00gaeb_1	https://archive.org/download/flschungenmakedo00gaeb_1/flschungenmakedo00gaeb_1_djvu.txt	?	-
sitz-preuss-akad-wiss-philosophisch-historische-klasse_1922	https://archive.org/download/sitz-preuss-akad-wiss-philosophisch-historische-klasse_1922/sitz-preuss-akad-wiss-philosophisch-historische-klasse_1922_djvu.txt	?	-
sitz-preuss-akad-wiss-philosophisch-historische-klasse_1923	https://archive.org/download/sitz-preuss-akad-wiss-philosophisch-historische-klasse_1923/sitz-preuss-akad-wiss-philosophisch-historische-klasse_1923_djvu.txt	?	-
sitz-preuss-akad-wiss-philosophisch-historische-klasse_1924	https://archive.org/download/sitz-preuss-akad-wiss-philosophisch-historische-klasse_1924/sitz-preuss-akad-wiss-philosophisch-historische-klasse_1924_djvu.txt	?	-
sitz-preuss-akad-wiss-philosophisch-historische-klasse_1925	https://archive.org/download/sitz-preuss-akad-wiss-philosophisch-historische-klasse_1925/sitz-preuss-akad-wiss-philosophisch-historische-klasse_1925_djvu.txt	?	-
sitz-preuss-akad-wiss-philosophisch-historische-klasse_1926	https://archive.org/download/sitz-preuss-akad-wiss-philosophisch-historische-klasse_1926/sitz-preuss-akad-wiss-philosophisch-historische-klasse_1926_djvu.txt	?	-
sitz-preuss-akad-wiss-philosophisch-historische-klasse_1927	https://archive.org/download/sitz-preuss-akad-wiss-philosophisch-historische-klasse_1927/sitz-preuss-akad-wiss-philosophisch-historische-klasse_1927_djvu.txt	?	-
sitz-preuss-akad-wiss-philosophisch-historische-klasse_1928	https://archive.org/download/sitz-preuss-akad-wiss-philosophisch-historische-klasse_1928/sitz-preuss-akad-wiss-philosophisch-historische-klasse_1928_djvu.txt	?	-
sitz-preuss-akad-wiss-philosophisch-historische-klasse_1929	https://archive.org/download/sitz-preuss-akad-wiss-philosophisch-historische-klasse_1929/sitz-preuss-akad-wiss-philosophisch-historische-klasse_1929_djvu.txt	?	-
sitzungsbericht00maigoog	https://archive.org/download/sitzungsbericht00maigoog/sitzungsbericht00maigoog_djvu.txt	?	-
sitzungsbericht01berlgoog	https://archive.org/download/sitzungsbericht01berlgoog/sitzungsbericht01berlgoog_djvu.txt	?	-
sitzungsbericht10berlgoog	https://archive.org/download/sitzungsbericht10berlgoog/sitzungsbericht10berlgoog_djvu.txt	?	-
sitzungsbericht14klasgoog	https://archive.org/download/sitzungsbericht14klasgoog/sitzungsbericht14klasgoog_djvu.txt	?	-
sitzungsbericht17berlgoog	https://archive.org/download/sitzungsbericht17berlgoog/sitzungsbericht17berlgoog_djvu.txt	?	-
sitzungsbericht18berlgoog	https://archive.org/download/sitzungsbericht18berlgoog/sitzungsbericht18berlgoog_djvu.txt	?	-
sitzungsbericht1923preu	https://archive.org/download/sitzungsbericht1923preu/sitzungsbericht1923preu_djvu.txt	?	-
sitzungsbericht1924preu	https://archive.org/download/sitzungsbericht1924preu/sitzungsbericht1924preu_djvu.txt	?	-
sitzungsbericht1925preu	https://archive.org/download/sitzungsbericht1925preu/sitzungsbericht1925preu_djvu.txt	?	-
sitzungsbericht1926preu	https://archive.org/download/sitzungsbericht1926preu/sitzungsbericht1926preu_djvu.txt	?	-
sitzungsbericht1928preu	https://archive.org/download/sitzungsbericht1928preu/sitzungsbericht1928preu_djvu.txt	?	-
sitzungsbericht1929preu	https://archive.org/download/sitzungsbericht1929preu/sitzungsbericht1929preu_djvu.txt	?	-
sitzungsbericht19klasgoog	https://archive.org/download/sitzungsbericht19klasgoog/sitzungsbericht19klasgoog_djvu.txt	?	-
sitzungsbericht19unkngoog	https://archive.org/download/sitzungsbericht19unkngoog/sitzungsbericht19unkngoog_djvu.txt	?	-
sitzungsbericht20berlgoog	https://archive.org/download/sitzungsbericht20berlgoog/sitzungsbericht20berlgoog_djvu.txt	?	-
sitzungsbericht26berlgoog	https://archive.org/download/sitzungsbericht26berlgoog/sitzungsbericht26berlgoog_djvu.txt	?	-
sitzungsbericht27berlgoog	https://archive.org/download/sitzungsbericht27berlgoog/sitzungsbericht27berlgoog_djvu.txt	?	-
sitzungsbericht28berlgoog	https://archive.org/download/sitzungsbericht28berlgoog/sitzungsbericht28berlgoog_djvu.txt	?	-
sitzungsbericht396klasgoog	https://archive.org/download/sitzungsbericht396klasgoog/sitzungsbericht396klasgoog_djvu.txt	?	-
sitzungsbericht528klasgoog	https://archive.org/download/sitzungsbericht528klasgoog/sitzungsbericht528klasgoog_djvu.txt	?	-
sitzungsberichte1882deut	https://archive.org/download/sitzungsberichte1882deut/sitzungsberichte1882deut_djvu.txt	?	-
sitzungsberichte1882deutsch	https://archive.org/download/sitzungsberichte1882deutsch/sitzungsberichte1882deutsch_djvu.txt	?	-
sitzungsberichte1883deut	https://archive.org/download/sitzungsberichte1883deut/sitzungsberichte1883deut_djvu.txt	?	-
sitzungsberichte1884deut	https://archive.org/download/sitzungsberichte1884deut/sitzungsberichte1884deut_djvu.txt	?	-
sitzungsberichte1884deutsch	https://archive.org/download/sitzungsberichte1884deutsch/sitzungsberichte1884deutsch_djvu.txt	?	-
sitzungsberichte1885deut	https://archive.org/download/sitzungsberichte1885deut/sitzungsberichte1885deut_djvu.txt	?	-
sitzungsberichte1885deutsch	https://archive.org/download/sitzungsberichte1885deutsch/sitzungsberichte1885deutsch_djvu.txt	?	-
sitzungsberichte1886deut	https://archive.org/download/sitzungsberichte1886deut/sitzungsberichte1886deut_djvu.txt	?	-
sitzungsberichte1886deutsch	https://archive.org/download/sitzungsberichte1886deutsch/sitzungsberichte1886deutsch_djvu.txt	?	-
sitzungsberichte1887deut	https://archive.org/download/sitzungsberichte1887deut/sitzungsberichte1887deut_djvu.txt	?	-
sitzungsberichte1887deutsch	https://archive.org/download/sitzungsberichte1887deutsch/sitzungsberichte1887deutsch_djvu.txt	?	-
sitzungsberichte1888deut	https://archive.org/download/sitzungsberichte1888deut/sitzungsberichte1888deut_djvu.txt	?	-
sitzungsberichte1888deutsch	https://archive.org/download/sitzungsberichte1888deutsch/sitzungsberichte1888deutsch_djvu.txt	?	-
sitzungsberichte1889deut	https://archive.org/download/sitzungsberichte1889deut/sitzungsberichte1889deut_djvu.txt	?	-
sitzungsberichte1889deutsch	https://archive.org/download/sitzungsberichte1889deutsch/sitzungsberichte1889deutsch_djvu.txt	?	-
sitzungsberichte1890deut	https://archive.org/download/sitzungsberichte1890deut/sitzungsberichte1890deut_djvu.txt	?	-
sitzungsberichte1890deutsch	https://archive.org/download/sitzungsberichte1890deutsch/sitzungsberichte1890deutsch_djvu.txt	?	-
sitzungsberichte1891deut	https://archive.org/download/sitzungsberichte1891deut/sitzungsberichte1891deut_djvu.txt	?	-
sitzungsberichte1891deutsch	https://archive.org/download/sitzungsberichte1891deutsch/sitzungsberichte1891deutsch_djvu.txt	?	-
sitzungsberichte1892deut	https://archive.org/download/sitzungsberichte1892deut/sitzungsberichte1892deut_djvu.txt	?	-
sitzungsberichte1892deutsch	https://archive.org/download/sitzungsberichte1892deutsch/sitzungsberichte1892deutsch_djvu.txt	?	-
sitzungsberichte1893deut	https://archive.org/download/sitzungsberichte1893deut/sitzungsberichte1893deut_djvu.txt	?	-
sitzungsberichte1893deutsch	https://archive.org/download/sitzungsberichte1893deutsch/sitzungsberichte1893deutsch_djvu.txt	?	-
sitzungsberichte1894deut	https://archive.org/download/sitzungsberichte1894deut/sitzungsberichte1894deut_djvu.txt	?	-
sitzungsberichte1894deutsch	https://archive.org/download/sitzungsberichte1894deutsch/sitzungsberichte1894deutsch_djvu.txt	?	-
sitzungsberichte1895deut	https://archive.org/download/sitzungsberichte1895deut/sitzungsberichte1895deut_djvu.txt	?	-
sitzungsberichte1895deutsch	https://archive.org/download/sitzungsberichte1895deutsch/sitzungsberichte1895deutsch_djvu.txt	?	-
sitzungsberichte1896deut	https://archive.org/download/sitzungsberichte1896deut/sitzungsberichte1896deut_djvu.txt	?	-
sitzungsberichte1896deutsch	https://archive.org/download/sitzungsberichte1896deutsch/sitzungsberichte1896deutsch_djvu.txt	?	-
sitzungsberichte1897deut	https://archive.org/download/sitzungsberichte1897deut/sitzungsberichte1897deut_djvu.txt	?	-
sitzungsberichte1897deutsch	https://archive.org/download/sitzungsberichte1897deutsch/sitzungsberichte1897deutsch_djvu.txt	?	-
sitzungsberichte1898deut	https://archive.org/download/sitzungsberichte1898deut/sitzungsberichte1898deut_djvu.txt	?	-
sitzungsberichte1899deut	https://archive.org/download/sitzungsberichte1899deut/sitzungsberichte1899deut_djvu.txt	?	-
sitzungsberichte1899deutsch	https://archive.org/download/sitzungsberichte1899deutsch/sitzungsberichte1899deutsch_djvu.txt	?	-
sitzungsberichte1900deut	https://archive.org/download/sitzungsberichte1900deut/sitzungsberichte1900deut_djvu.txt	?	-
sitzungsberichte1901deut	https://archive.org/download/sitzungsberichte1901deut/sitzungsberichte1901deut_djvu.txt	?	-
sitzungsberichte1901deutsch	https://archive.org/download/sitzungsberichte1901deutsch/sitzungsberichte1901deutsch_djvu.txt	?	-
sitzungsberichte1902deut	https://archive.org/download/sitzungsberichte1902deut/sitzungsberichte1902deut_djvu.txt	?	-
sitzungsberichte1902deutsch	https://archive.org/download/sitzungsberichte1902deutsch/sitzungsberichte1902deutsch_djvu.txt	?	-
sitzungsberichte1903deut	https://archive.org/download/sitzungsberichte1903deut/sitzungsberichte1903deut_djvu.txt	?	-
sitzungsberichte1904deut	https://archive.org/download/sitzungsberichte1904deut/sitzungsberichte1904deut_djvu.txt	?	-
sitzungsberichte1904deutsch	https://archive.org/download/sitzungsberichte1904deutsch/sitzungsberichte1904deutsch_djvu.txt	?	-
sitzungsberichte1905deut	https://archive.org/download/sitzungsberichte1905deut/sitzungsberichte1905deut_djvu.txt	?	-
sitzungsberichte1905deutsch	https://archive.org/download/sitzungsberichte1905deutsch/sitzungsberichte1905deutsch_djvu.txt	?	-
sitzungsberichte1906deut	https://archive.org/download/sitzungsberichte1906deut/sitzungsberichte1906deut_djvu.txt	?	-
sitzungsberichte1907deut	https://archive.org/download/sitzungsberichte1907deut/sitzungsberichte1907deut_djvu.txt	?	-
sitzungsberichte1907deutsch	https://archive.org/download/sitzungsberichte1907deutsch/sitzungsberichte1907deutsch_djvu.txt	?	-
sitzungsberichte1908deut	https://archive.org/download/sitzungsberichte1908deut/sitzungsberichte1908deut_djvu.txt	?	-
sitzungsberichte1908deutsch	https://archive.org/download/sitzungsberichte1908deutsch/sitzungsberichte1908deutsch_djvu.txt	?	-
sitzungsberichte1909deut	https://archive.org/download/sitzungsberichte1909deut/sitzungsberichte1909deut_djvu.txt	?	-
sitzungsberichte1909deutsch	https://archive.org/download/sitzungsberichte1909deutsch/sitzungsberichte1909deutsch_djvu.txt	?	-
sitzungsberichte1910deut	https://archive.org/download/sitzungsberichte1910deut/sitzungsberichte1910deut_djvu.txt	?	-
sitzungsberichte1910deutsch	https://archive.org/download/sitzungsberichte1910deutsch/sitzungsberichte1910deutsch_djvu.txt	?	-
sitzungsberichte1911deut	https://archive.org/download/sitzungsberichte1911deut/sitzungsberichte1911deut_djvu.txt	?	-
sitzungsberichte1911deutsch	https://archive.org/download/sitzungsberichte1911deutsch/sitzungsberichte1911deutsch_djvu.txt	?	-
sitzungsberichte1914deut	https://archive.org/download/sitzungsberichte1914deut/sitzungsberichte1914deut_djvu.txt	?	-
sitzungsberichte1915deut	https://archive.org/download/sitzungsberichte1915deut/sitzungsberichte1915deut_djvu.txt	?	-
sitzungsberichte1916deut	https://archive.org/download/sitzungsberichte1916deut/sitzungsberichte1916deut_djvu.txt	?	-
sitzungsberichte1916deutsch	https://archive.org/download/sitzungsberichte1916deutsch/sitzungsberichte1916deutsch_djvu.txt	?	-
sitzungsberichte1917deut	https://archive.org/download/sitzungsberichte1917deut/sitzungsberichte1917deut_djvu.txt	?	-
sitzungsberichte1919preu	https://archive.org/download/sitzungsberichte1919preu/sitzungsberichte1919preu_djvu.txt	?	-
sitzungsberichte1920preu	https://archive.org/download/sitzungsberichte1920preu/sitzungsberichte1920preu_djvu.txt	?	-
sitzungsberichte1921preu	https://archive.org/download/sitzungsberichte1921preu/sitzungsberichte1921preu_djvu.txt	?	-
sitzungsberichte1921preussi	https://archive.org/download/sitzungsberichte1921preussi/sitzungsberichte1921preussi_djvu.txt	?	-
sitzungsberichte1922preu	https://archive.org/download/sitzungsberichte1922preu/sitzungsberichte1922preu_djvu.txt	?	-
SitzungsberichtePreussAkad19142	https://archive.org/download/SitzungsberichtePreussAkad19142/SitzungsberichtePreussAkad19142_djvu.txt	?	-
SitzungsberichtePreussAkad19152	https://archive.org/download/SitzungsberichtePreussAkad19152/SitzungsberichtePreussAkad19152_djvu.txt	?	-
SitzungsberichtePreussAkad19172	https://archive.org/download/SitzungsberichtePreussAkad19172/SitzungsberichtePreussAkad19172_djvu.txt	?	-
SitzungsberichtePreussAkadPhil1922	https://archive.org/download/SitzungsberichtePreussAkadPhil1922/SitzungsberichtePreussAkadPhil1922_djvu.txt	?	-
