# usgs_pp: USGS Professional Paper 1920-1938 report PDFs; built 2026-10-06 by src.data.usgs_catalog
key	url	bytes	checksum	file
pp189E	https://pubs.usgs.gov/pp/0189e/report.pdf	?	-	pp189E.pdf
pp189D	https://pubs.usgs.gov/pp/0189d/report.pdf	?	-	pp189D.pdf
pp189A	https://pubs.usgs.gov/pp/0189a/report.pdf	?	-	pp189A.pdf
pp189B	https://pubs.usgs.gov/pp/0189b/report.pdf	?	-	pp189B.pdf
pp193A	https://pubs.usgs.gov/pp/0193a/report.pdf	?	-	pp193A.pdf
pp186N	https://pubs.usgs.gov/pp/0186n/report.pdf	?	-	pp186N.pdf
pp189C	https://pubs.usgs.gov/pp/0189c/report.pdf	?	-	pp189C.pdf
pp190	https://pubs.usgs.gov/pp/0190/report.pdf	?	-	pp190.pdf
pp188	https://pubs.usgs.gov/pp/0188/report.pdf	?	-	pp188.pdf
pp186I	https://pubs.usgs.gov/pp/0186i/report.pdf	?	-	pp186I.pdf
pp187	https://pubs.usgs.gov/pp/0187/report.pdf	?	-	pp187.pdf
pp186H	https://pubs.usgs.gov/pp/0186h/report.pdf	?	-	pp186H.pdf
pp186F	https://pubs.usgs.gov/pp/0186f/report.pdf	?	-	pp186F.pdf
pp186G	https://pubs.usgs.gov/pp/0186g/report.pdf	?	-	pp186G.pdf
pp186B	https://pubs.usgs.gov/pp/0186b/report.pdf	?	-	pp186B.pdf
pp186E	https://pubs.usgs.gov/pp/0186e/report.pdf	?	-	pp186E.pdf
pp186K	https://pubs.usgs.gov/pp/0186k/report.pdf	?	-	pp186K.pdf
pp186M	https://pubs.usgs.gov/pp/0186m/report.pdf	?	-	pp186M.pdf
pp186J	https://pubs.usgs.gov/pp/0186j/report.pdf	?	-	pp186J.pdf
pp142F	https://pubs.usgs.gov/pp/0142f/report.pdf	?	-	pp142F.pdf
pp186C	https://pubs.usgs.gov/pp/0186c/report.pdf	?	-	pp186C.pdf
pp186L	https://pubs.usgs.gov/pp/0186l/report.pdf	?	-	pp186L.pdf
pp186D	https://pubs.usgs.gov/pp/0186d/report.pdf	?	-	pp186D.pdf
pp186A	https://pubs.usgs.gov/pp/0186a/report.pdf	?	-	pp186A.pdf
pp183	https://pubs.usgs.gov/pp/0183/report.pdf	?	-	pp183.pdf
pp182	https://pubs.usgs.gov/pp/0182/report.pdf	?	-	pp182.pdf
pp185I	https://pubs.usgs.gov/pp/0185i/report.pdf	?	-	pp185I.pdf
pp185H	https://pubs.usgs.gov/pp/0185h/report.pdf	?	-	pp185H.pdf
pp179	https://pubs.usgs.gov/pp/0179/report.pdf	?	-	pp179.pdf
pp178	https://pubs.usgs.gov/pp/0178/report.pdf	?	-	pp178.pdf
pp181	https://pubs.usgs.gov/pp/0181/report.pdf	?	-	pp181.pdf
pp184	https://pubs.usgs.gov/pp/0184/report.pdf	?	-	pp184.pdf
pp180	https://pubs.usgs.gov/pp/0180/report.pdf	?	-	pp180.pdf
pp185D	https://pubs.usgs.gov/pp/0185d/report.pdf	?	-	pp185D.pdf
pp185G	https://pubs.usgs.gov/pp/0185g/report.pdf	?	-	pp185G.pdf
pp185F	https://pubs.usgs.gov/pp/0185f/report.pdf	?	-	pp185F.pdf
pp185B	https://pubs.usgs.gov/pp/0185b/report.pdf	?	-	pp185B.pdf
pp185C	https://pubs.usgs.gov/pp/0185c/report.pdf	?	-	pp185C.pdf
pp185A	https://pubs.usgs.gov/pp/0185a/report.pdf	?	-	pp185A.pdf
pp176	https://pubs.usgs.gov/pp/0176/report.pdf	?	-	pp176.pdf
pp185E	https://pubs.usgs.gov/pp/0185e/report.pdf	?	-	pp185E.pdf
pp175D	https://pubs.usgs.gov/pp/0175d/report.pdf	?	-	pp175D.pdf
pp175A	https://pubs.usgs.gov/pp/0175a/report.pdf	?	-	pp175A.pdf
pp175C	https://pubs.usgs.gov/pp/0175c/report.pdf	?	-	pp175C.pdf
pp175B	https://pubs.usgs.gov/pp/0175b/report.pdf	?	-	pp175B.pdf
pp171	https://pubs.usgs.gov/pp/0171/report.pdf	?	-	pp171.pdf
pp170D	https://pubs.usgs.gov/pp/0170d/report.pdf	?	-	pp170D.pdf
pp170B	https://pubs.usgs.gov/pp/0170b/report.pdf	?	-	pp170B.pdf
pp169	https://pubs.usgs.gov/pp/0169/report.pdf	?	-	pp169.pdf
pp170E	https://pubs.usgs.gov/pp/0170e/report.pdf	?	-	pp170E.pdf
pp166	https://pubs.usgs.gov/pp/0166/report.pdf	?	-	pp166.pdf
pp174	https://pubs.usgs.gov/pp/0174/report.pdf	?	-	pp174.pdf
pp170C	https://pubs.usgs.gov/pp/0170c/report.pdf	?	-	pp170C.pdf
pp167	https://pubs.usgs.gov/pp/0167/report.pdf	?	-	pp167.pdf
pp161	https://pubs.usgs.gov/pp/0161/report.pdf	?	-	pp161.pdf
pp170	https://pubs.usgs.gov/pp/0170/report.pdf	?	-	pp170.pdf
pp172	https://pubs.usgs.gov/pp/0172/report.pdf	?	-	pp172.pdf
pp170A	https://pubs.usgs.gov/pp/0170a/report.pdf	?	-	pp170A.pdf
pp165A	https://pubs.usgs.gov/pp/0165/report.pdf	?	-	pp165A.pdf
pp165C	https://pubs.usgs.gov/pp/0165/report.pdf	?	-	pp165C.pdf
pp165B	https://pubs.usgs.gov/pp/0165/report.pdf	?	-	pp165B.pdf
pp164	https://pubs.usgs.gov/pp/0164/report.pdf	?	-	pp164.pdf
pp165	https://pubs.usgs.gov/pp/0165/report.pdf	?	-	pp165.pdf
pp162	https://pubs.usgs.gov/pp/0162/report.pdf	?	-	pp162.pdf
pp165D	https://pubs.usgs.gov/pp/0165/report.pdf	?	-	pp165D.pdf
pp163	https://pubs.usgs.gov/pp/0163/report.pdf	?	-	pp163.pdf
pp165E	https://pubs.usgs.gov/pp/0165/report.pdf	?	-	pp165E.pdf
pp168	https://pubs.usgs.gov/pp/0168/report.pdf	?	-	pp168.pdf
pp158B	https://pubs.usgs.gov/pp/0158b/report.pdf	?	-	pp158B.pdf
pp158I	https://pubs.usgs.gov/pp/0158i/report.pdf	?	-	pp158I.pdf
pp155	https://pubs.usgs.gov/pp/0155/report.pdf	?	-	pp155.pdf
pp158A	https://pubs.usgs.gov/pp/0158a/report.pdf	?	-	pp158A.pdf
pp158F	https://pubs.usgs.gov/pp/0158f/report.pdf	?	-	pp158F.pdf
pp158E	https://pubs.usgs.gov/pp/0158e/report.pdf	?	-	pp158E.pdf
pp158G	https://pubs.usgs.gov/pp/0158g/report.pdf	?	-	pp158G.pdf
pp158D	https://pubs.usgs.gov/pp/0158d/report.pdf	?	-	pp158D.pdf
pp159	https://pubs.usgs.gov/pp/0159/report.pdf	?	-	pp159.pdf
pp158C	https://pubs.usgs.gov/pp/0158c/report.pdf	?	-	pp158C.pdf
pp156	https://pubs.usgs.gov/pp/0156/report.pdf	?	-	pp156.pdf
pp158H	https://pubs.usgs.gov/pp/0158h/report.pdf	?	-	pp158H.pdf
pp160	https://pubs.usgs.gov/pp/0160/report.pdf	?	-	pp160.pdf
pp158	https://pubs.usgs.gov/pp/0158/report.pdf	?	-	pp158.pdf
pp154I	https://pubs.usgs.gov/pp/0154i/report.pdf	?	-	pp154I.pdf
pp154B	https://pubs.usgs.gov/pp/0154b/report.pdf	?	-	pp154B.pdf
pp154	https://pubs.usgs.gov/pp/0154/report.pdf	?	-	pp154.pdf
pp154J	https://pubs.usgs.gov/pp/0154j/report.pdf	?	-	pp154J.pdf
pp154C	https://pubs.usgs.gov/pp/0154c/report.pdf	?	-	pp154C.pdf
pp154G	https://pubs.usgs.gov/pp/0154g/report.pdf	?	-	pp154G.pdf
pp154E	https://pubs.usgs.gov/pp/0154e/report.pdf	?	-	pp154E.pdf
pp154D	https://pubs.usgs.gov/pp/0154d/report.pdf	?	-	pp154D.pdf
pp144	https://pubs.usgs.gov/pp/0144/report.pdf	?	-	pp144.pdf
pp154F	https://pubs.usgs.gov/pp/0154f/report.pdf	?	-	pp154F.pdf
pp157	https://pubs.usgs.gov/pp/0157/report.pdf	?	-	pp157.pdf
pp100	https://pubs.usgs.gov/pp/0100a/report.pdf	?	-	pp100.pdf
pp154H	https://pubs.usgs.gov/pp/0154h/report.pdf	?	-	pp154H.pdf
pp154A	https://pubs.usgs.gov/pp/0154a/report.pdf	?	-	pp154A.pdf
pp150A	https://pubs.usgs.gov/pp/0150a/report.pdf	?	-	pp150A.pdf
pp142E	https://pubs.usgs.gov/pp/0142e/report.pdf	?	-	pp142E.pdf
pp153	https://pubs.usgs.gov/pp/0153/report.pdf	?	-	pp153.pdf
pp150F	https://pubs.usgs.gov/pp/0150f/report.pdf	?	-	pp150F.pdf
pp150E	https://pubs.usgs.gov/pp/0150e/report.pdf	?	-	pp150E.pdf
pp150	https://pubs.usgs.gov/pp/0150/report.pdf	?	-	pp150.pdf
pp150C	https://pubs.usgs.gov/pp/0150c/report.pdf	?	-	pp150C.pdf
pp150B	https://pubs.usgs.gov/pp/0150b/report.pdf	?	-	pp150B.pdf
pp150D	https://pubs.usgs.gov/pp/0150d/report.pdf	?	-	pp150D.pdf
pp148	https://pubs.usgs.gov/pp/0148/report.pdf	?	-	pp148.pdf
pp147B	https://pubs.usgs.gov/pp/0147b/report.pdf	?	-	pp147B.pdf
pp147C	https://pubs.usgs.gov/pp/0147c/report.pdf	?	-	pp147C.pdf
pp147A	https://pubs.usgs.gov/pp/0147a/report.pdf	?	-	pp147A.pdf
pp151	https://pubs.usgs.gov/pp/0151/report.pdf	?	-	pp151.pdf
pp147	https://pubs.usgs.gov/pp/0147/report.pdf	?	-	pp147.pdf
pp141	https://pubs.usgs.gov/pp/0141/report.pdf	?	-	pp141.pdf
pp149	https://pubs.usgs.gov/pp/0149/report.pdf	?	-	pp149.pdf
pp152	https://pubs.usgs.gov/pp/0152/report.pdf	?	-	pp152.pdf
pp142A	https://pubs.usgs.gov/pp/0142a/report.pdf	?	-	pp142A.pdf
pp140F	https://pubs.usgs.gov/pp/0140f/report.pdf	?	-	pp140F.pdf
pp140A	https://pubs.usgs.gov/pp/0140a/report.pdf	?	-	pp140A.pdf
pp140D	https://pubs.usgs.gov/pp/0140d/report.pdf	?	-	pp140D.pdf
pp142B	https://pubs.usgs.gov/pp/0142b/report.pdf	?	-	pp142B.pdf
pp142D	https://pubs.usgs.gov/pp/0142d/report.pdf	?	-	pp142D.pdf
pp137	https://pubs.usgs.gov/pp/0137/report.pdf	?	-	pp137.pdf
pp140C	https://pubs.usgs.gov/pp/0140c/report.pdf	?	-	pp140C.pdf
pp145	https://pubs.usgs.gov/pp/0145/report.pdf	?	-	pp145.pdf
pp146	https://pubs.usgs.gov/pp/0146/report.pdf	?	-	pp146.pdf
pp139	https://pubs.usgs.gov/pp/0139/report.pdf	?	-	pp139.pdf
pp140B	https://pubs.usgs.gov/pp/0140b/report.pdf	?	-	pp140B.pdf
pp140	https://pubs.usgs.gov/pp/0140/report.pdf	?	-	pp140.pdf
pp138	https://pubs.usgs.gov/pp/0138/report.pdf	?	-	pp138.pdf
pp143	https://pubs.usgs.gov/pp/0143/report.pdf	?	-	pp143.pdf
pp142C	https://pubs.usgs.gov/pp/0142c/report.pdf	?	-	pp142C.pdf
pp140E	https://pubs.usgs.gov/pp/0140e/report.pdf	?	-	pp140E.pdf
pp132B	https://pubs.usgs.gov/pp/0132b/report.pdf	?	-	pp132B.pdf
pp136	https://pubs.usgs.gov/pp/0136/report.pdf	?	-	pp136.pdf
pp132I	https://pubs.usgs.gov/pp/0132i/report.pdf	?	-	pp132I.pdf
pp132	https://pubs.usgs.gov/pp/0132/report.pdf	?	-	pp132.pdf
pp132A	https://pubs.usgs.gov/pp/0132a/report.pdf	?	-	pp132A.pdf
pp132G	https://pubs.usgs.gov/pp/0132g/report.pdf	?	-	pp132G.pdf
pp132E	https://pubs.usgs.gov/pp/0132e/report.pdf	?	-	pp132E.pdf
pp132J	https://pubs.usgs.gov/pp/0132j/report.pdf	?	-	pp132J.pdf
pp132F	https://pubs.usgs.gov/pp/0132f/report.pdf	?	-	pp132F.pdf
pp132D	https://pubs.usgs.gov/pp/0132d/report.pdf	?	-	pp132D.pdf
pp132C	https://pubs.usgs.gov/pp/0132c/report.pdf	?	-	pp132C.pdf
pp132H	https://pubs.usgs.gov/pp/0132h/report.pdf	?	-	pp132H.pdf
pp126	https://pubs.usgs.gov/pp/0126/report.pdf	?	-	pp126.pdf
pp135	https://pubs.usgs.gov/pp/0135/report.pdf	?	-	pp135.pdf
pp134	https://pubs.usgs.gov/pp/0134/report.pdf	?	-	pp134.pdf
pp127	https://pubs.usgs.gov/pp/0127/report.pdf	?	-	pp127.pdf
pp92	https://pubs.usgs.gov/pp/0092/report.pdf	?	-	pp92.pdf
pp131D	https://pubs.usgs.gov/pp/0131d/report.pdf	?	-	pp131D.pdf
pp131C	https://pubs.usgs.gov/pp/0131c/report.pdf	?	-	pp131C.pdf
pp131B	https://pubs.usgs.gov/pp/0131b/report.pdf	?	-	pp131B.pdf
pp131A	https://pubs.usgs.gov/pp/0131a/report.pdf	?	-	pp131A.pdf
pp131H	https://pubs.usgs.gov/pp/0131h/report.pdf	?	-	pp131H.pdf
pp131G	https://pubs.usgs.gov/pp/0131g/report.pdf	?	-	pp131G.pdf
pp133	https://pubs.usgs.gov/pp/0133/report.pdf	?	-	pp133.pdf
pp131	https://pubs.usgs.gov/pp/0131/report.pdf	?	-	pp131.pdf
pp131F	https://pubs.usgs.gov/pp/0131f/report.pdf	?	-	pp131F.pdf
pp131E	https://pubs.usgs.gov/pp/0131e/report.pdf	?	-	pp131E.pdf
pp129G	https://pubs.usgs.gov/pp/0129g/report.pdf	?	-	pp129G.pdf
pp129B	https://pubs.usgs.gov/pp/0129b/report.pdf	?	-	pp129B.pdf
pp129H	https://pubs.usgs.gov/pp/0129h/report.pdf	?	-	pp129H.pdf
pp124	https://pubs.usgs.gov/pp/0124/report.pdf	?	-	pp124.pdf
pp129E	https://pubs.usgs.gov/pp/0129e/report.pdf	?	-	pp129E.pdf
pp122	https://pubs.usgs.gov/pp/0122/report.pdf	?	-	pp122.pdf
pp129A	https://pubs.usgs.gov/pp/0129a/report.pdf	?	-	pp129A.pdf
pp129	https://pubs.usgs.gov/pp/0129/report.pdf	?	-	pp129.pdf
pp129I	https://pubs.usgs.gov/pp/0129i/report.pdf	?	-	pp129I.pdf
pp129F	https://pubs.usgs.gov/pp/0129f/report.pdf	?	-	pp129F.pdf
pp129D	https://pubs.usgs.gov/pp/0129d/report.pdf	?	-	pp129D.pdf
pp130	https://pubs.usgs.gov/pp/0130/report.pdf	?	-	pp130.pdf
pp129C	https://pubs.usgs.gov/pp/0129c/report.pdf	?	-	pp129C.pdf
pp128E	https://pubs.usgs.gov/pp/0128e/report.pdf	?	-	pp128E.pdf
pp128	https://pubs.usgs.gov/pp/0128/report.pdf	?	-	pp128.pdf
pp128D	https://pubs.usgs.gov/pp/0128d/report.pdf	?	-	pp128D.pdf
pp128A	https://pubs.usgs.gov/pp/0128a/report.pdf	?	-	pp128A.pdf
pp123	https://pubs.usgs.gov/pp/0123/report.pdf	?	-	pp123.pdf
pp128C	https://pubs.usgs.gov/pp/0128c/report.pdf	?	-	pp128C.pdf
pp128B	https://pubs.usgs.gov/pp/0128b/report.pdf	?	-	pp128B.pdf
pp121	https://pubs.usgs.gov/pp/0121/report.pdf	?	-	pp121.pdf
pp116	https://pubs.usgs.gov/pp/0116/report.pdf	?	-	pp116.pdf
pp125A	https://pubs.usgs.gov/pp/0125a/report.pdf	?	-	pp125A.pdf
pp125	https://pubs.usgs.gov/pp/0125/report.pdf	?	-	pp125.pdf
pp125B	https://pubs.usgs.gov/pp/0125b/report.pdf	?	-	pp125B.pdf
pp111	https://pubs.usgs.gov/pp/0111/report.pdf	?	-	pp111.pdf
pp125D	https://pubs.usgs.gov/pp/0125d/report.pdf	?	-	pp125D.pdf
pp125C	https://pubs.usgs.gov/pp/0125c/report.pdf	?	-	pp125C.pdf
