# Issue date per Internet Archive item (IA 'date' metadata field), pub_volkischer-beobachter. Generated 2026-10-05.
key	date
per_volkischer-beobachter_vlkischer-beobachter_1925-02-26_38_1	1925-02-26
per_volkischer-beobachter_vlkischer-beobachter_1925-03-07_38_2	1925-03-07
per_volkischer-beobachter_vlkischer-beobachter_1925-03-14_38_3	1925-03-14
per_volkischer-beobachter_vlkischer-beobachter_1925-03-21_38_4	1925-03-21
per_volkischer-beobachter_vlkischer-beobachter_1925-03-25_38_5	1925-03-25
per_volkischer-beobachter_vlkischer-beobachter_1925-03-28_38_6	1925-03-28
per_volkischer-beobachter_vlkischer-beobachter_1925-04-04_38_7	1925-04-04
per_volkischer-beobachter_vlkischer-beobachter_april-05-06-1925_38_8	1925-04-05
per_volkischer-beobachter_vlkischer-beobachter_1925-04-07_38_9	1925-04-07
per_volkischer-beobachter_vlkischer-beobachter_1925-04-08_38_10	1925-04-08
per_volkischer-beobachter_vlkischer-beobachter_1925-04-09_38_11	1925-04-09
per_volkischer-beobachter_vlkischer-beobachter_1925-04-10_38_12	1925-04-10
per_volkischer-beobachter_vlkischer-beobachter_1925-04-11_38_13	1925-04-11
per_volkischer-beobachter_vlkischer-beobachter_april-12-13-1925_38_14	1925-04-12
per_volkischer-beobachter_vlkischer-beobachter_1925-04-15_38_15	1925-04-15
per_volkischer-beobachter_vlkischer-beobachter_1925-04-16_38_16	1925-04-16
per_volkischer-beobachter_vlkischer-beobachter_1925-04-17_38_17	1925-04-17
per_volkischer-beobachter_vlkischer-beobachter_1925-04-18_38_18	1925-04-18
per_volkischer-beobachter_vlkischer-beobachter_april-19-20-1925_38_19	1925-04-19
per_volkischer-beobachter_vlkischer-beobachter_1925-04-21_38_20	1925-04-21
per_volkischer-beobachter_vlkischer-beobachter_1925-04-22_38_21	1925-04-22
per_volkischer-beobachter_vlkischer-beobachter_1925-04-23_38_22	1925-04-23
per_volkischer-beobachter_vlkischer-beobachter_1925-04-24_38_23	1925-04-24
per_volkischer-beobachter_vlkischer-beobachter_1925-04-25_38_24	1925-04-25
per_volkischer-beobachter_vlkischer-beobachter_april-26-27-1925_38_25	1925-04-26
per_volkischer-beobachter_vlkischer-beobachter_1925-04-28_38_26	1925-04-28
per_volkischer-beobachter_vlkischer-beobachter_1925-04-29_38_27	1925-04-29
per_volkischer-beobachter_vlkischer-beobachter_1925-04-30_38_28	1925-04-30
per_volkischer-beobachter_vlkischer-beobachter_1925-05-01_38_29	1925-05-01
per_volkischer-beobachter_vlkischer-beobachter_1925-05-02_38_30	1925-05-02
per_volkischer-beobachter_vlkischer-beobachter_may-03-04-1925_38_31	1925-05-03
per_volkischer-beobachter_vlkischer-beobachter_1925-05-05_38_32	1925-05-05
per_volkischer-beobachter_vlkischer-beobachter_1925-05-06_38_33	1925-05-06
per_volkischer-beobachter_vlkischer-beobachter_1925-05-07_38_34	1925-05-07
per_volkischer-beobachter_vlkischer-beobachter_1925-05-08_38_35	1925-05-08
per_volkischer-beobachter_vlkischer-beobachter_1925-05-09_38_36	1925-05-09
per_volkischer-beobachter_vlkischer-beobachter_may-10-11-1925_38_37	1925-05-10
per_volkischer-beobachter_vlkischer-beobachter_1925-05-12_38_38	1925-05-12
per_volkischer-beobachter_vlkischer-beobachter_1925-05-13_38_39	1925-05-13
per_volkischer-beobachter_vlkischer-beobachter_1925-05-14_38_40	1925-05-14
per_volkischer-beobachter_vlkischer-beobachter_1925-05-15_38_41	1925-05-15
per_volkischer-beobachter_vlkischer-beobachter_1925-05-16_38_42	1925-05-16
per_volkischer-beobachter_vlkischer-beobachter_may-17-18-1925_38_43	1925-05-17
per_volkischer-beobachter_vlkischer-beobachter_1925-05-19_38_44	1925-05-19
per_volkischer-beobachter_vlkischer-beobachter_1925-05-20_38_45	1925-05-20
per_volkischer-beobachter_vlkischer-beobachter_1925-05-21_38_46	1925-05-21
per_volkischer-beobachter_vlkischer-beobachter_1925-05-23_38_47	1925-05-23
per_volkischer-beobachter_vlkischer-beobachter_may-24-25-1925_38_48	1925-05-24
per_volkischer-beobachter_vlkischer-beobachter_1925-05-26_38_49	1925-05-26
per_volkischer-beobachter_vlkischer-beobachter_1925-05-27_38_50	1925-05-27
per_volkischer-beobachter_vlkischer-beobachter_1925-05-28_38_51	1925-05-28
per_volkischer-beobachter_vlkischer-beobachter_1925-05-29_38_52	1925-05-29
per_volkischer-beobachter_vlkischer-beobachter_1925-05-30_38_53	1925-05-30
per_volkischer-beobachter_vlkischer-beobachter_may-31-june-01-1925_38_54	1925-05-31
per_volkischer-beobachter_vlkischer-beobachter_1925-06-03_38_55	1925-06-03
per_volkischer-beobachter_vlkischer-beobachter_1925-06-04_38_56	1925-06-04
per_volkischer-beobachter_vlkischer-beobachter_1925-06-05_38_57	1925-06-05
per_volkischer-beobachter_vlkischer-beobachter_1925-06-06_38_58	1925-06-06
per_volkischer-beobachter_vlkischer-beobachter_june-07-08-1925_38_59	1925-06-07
per_volkischer-beobachter_vlkischer-beobachter_1925-06-09_38_60	1925-06-09
per_volkischer-beobachter_vlkischer-beobachter_1925-06-10_38_61	1925-06-10
per_volkischer-beobachter_vlkischer-beobachter_1925-06-11_38_62	1925-06-11
per_volkischer-beobachter_vlkischer-beobachter_1925-06-13_38_63	1925-06-13
per_volkischer-beobachter_vlkischer-beobachter_june-14-15-1925_38_64	1925-06-14
per_volkischer-beobachter_vlkischer-beobachter_1925-06-16_38_65	1925-06-16
per_volkischer-beobachter_vlkischer-beobachter_1925-06-17_38_66	1925-06-17
per_volkischer-beobachter_vlkischer-beobachter_1925-06-18_38_67	1925-06-18
per_volkischer-beobachter_vlkischer-beobachter_1925-06-19_38_68	1925-06-19
per_volkischer-beobachter_vlkischer-beobachter_1925-06-20_38_69	1925-06-20
per_volkischer-beobachter_vlkischer-beobachter_june-21-22-1925_38_70	1925-06-21
per_volkischer-beobachter_vlkischer-beobachter_1925-06-23_38_71	1925-06-23
per_volkischer-beobachter_vlkischer-beobachter_1925-06-24_38_72	1925-06-24
per_volkischer-beobachter_vlkischer-beobachter_1925-06-25_38_73	1925-06-25
per_volkischer-beobachter_vlkischer-beobachter_1925-06-26_38_74	1925-06-26
per_volkischer-beobachter_vlkischer-beobachter_1925-06-27_38_75	1925-06-27
per_volkischer-beobachter_vlkischer-beobachter_june-28-29-1925_38_76	1925-06-28
per_volkischer-beobachter_vlkischer-beobachter_1925-06-30_38_77	1925-06-30
per_volkischer-beobachter_vlkischer-beobachter_1925-07-01_38_78	1925-07-01
per_volkischer-beobachter_vlkischer-beobachter_1925-07-02_38_79	1925-07-02
per_volkischer-beobachter_vlkischer-beobachter_1925-07-03_38_80	1925-07-03
per_volkischer-beobachter_vlkischer-beobachter_1925-07-04_38_81	1925-07-04
per_volkischer-beobachter_vlkischer-beobachter_july-05-06-1925_38_82	1925-07-05
per_volkischer-beobachter_vlkischer-beobachter_1925-07-07_38_83	1925-07-07
per_volkischer-beobachter_vlkischer-beobachter_1925-07-08_38_84	1925-07-08
per_volkischer-beobachter_vlkischer-beobachter_1925-07-09_38_85	1925-07-09
per_volkischer-beobachter_vlkischer-beobachter_1925-07-10_38_86	1925-07-10
per_volkischer-beobachter_vlkischer-beobachter_1925-07-11_38_87	1925-07-11
per_volkischer-beobachter_vlkischer-beobachter_july-12-13-1925_38_88	1925-07-12
per_volkischer-beobachter_vlkischer-beobachter_1925-07-14_38_89	1925-07-14
per_volkischer-beobachter_vlkischer-beobachter_1925-07-15_38_90	1925-07-15
per_volkischer-beobachter_vlkischer-beobachter_1925-07-16_38_91	1925-07-16
per_volkischer-beobachter_vlkischer-beobachter_1925-07-17_38_92	1925-07-17
per_volkischer-beobachter_vlkischer-beobachter_1925-07-18_38_93	1925-07-18
per_volkischer-beobachter_vlkischer-beobachter_july-19-20-1925_38_94	1925-07-19
per_volkischer-beobachter_vlkischer-beobachter_1925-07-21_38_95	1925-07-21
per_volkischer-beobachter_vlkischer-beobachter_1925-07-22_38_96	1925-07-22
per_volkischer-beobachter_vlkischer-beobachter_1925-07-23_38_97	1925-07-23
per_volkischer-beobachter_vlkischer-beobachter_1925-07-24_38_98	1925-07-24
per_volkischer-beobachter_vlkischer-beobachter_1925-07-25_38_99	1925-07-25
per_volkischer-beobachter_vlkischer-beobachter_july-26-27-1925_38_100	1925-07-26
per_volkischer-beobachter_vlkischer-beobachter_1925-07-28_38_101	1925-07-28
per_volkischer-beobachter_vlkischer-beobachter_1925-07-29_38_102	1925-07-29
per_volkischer-beobachter_vlkischer-beobachter_1925-07-30_38_103	1925-07-30
per_volkischer-beobachter_vlkischer-beobachter_1925-07-31_38_104	1925-07-31
per_volkischer-beobachter_vlkischer-beobachter_1925-08-01_38_105	1925-08-01
per_volkischer-beobachter_vlkischer-beobachter_1925-08_38_110a	1925-08-01
per_volkischer-beobachter_vlkischer-beobachter_august-02-03-1925_38_106	1925-08-02
per_volkischer-beobachter_vlkischer-beobachter_1925-08-04_38_107	1925-08-04
per_volkischer-beobachter_vlkischer-beobachter_1925-08-05_38_108	1925-08-05
per_volkischer-beobachter_vlkischer-beobachter_1925-08-06_38_109	1925-08-06
per_volkischer-beobachter_vlkischer-beobachter_1925-08-07_38_110	1925-08-07
per_volkischer-beobachter_vlkischer-beobachter_1925-08-08_38_111	1925-08-08
per_volkischer-beobachter_vlkischer-beobachter_august-09-10-1925_38_112	1925-08-09
per_volkischer-beobachter_vlkischer-beobachter_1925-08-11_38_113	1925-08-11
per_volkischer-beobachter_vlkischer-beobachter_1925-08-12_38_114	1925-08-12
per_volkischer-beobachter_vlkischer-beobachter_1925-08-13_38_115	1925-08-13
per_volkischer-beobachter_vlkischer-beobachter_1925-08-14_38_116	1925-08-14
per_volkischer-beobachter_vlkischer-beobachter_august-16-17-1925_38_117	1925-08-16
per_volkischer-beobachter_vlkischer-beobachter_1925-08-18_38_118	1925-08-18
per_volkischer-beobachter_vlkischer-beobachter_1925-08-19_38_119	1925-08-19
per_volkischer-beobachter_vlkischer-beobachter_1925-08-20_38_120	1925-08-20
per_volkischer-beobachter_vlkischer-beobachter_1925-08-21_38_121	1925-08-21
per_volkischer-beobachter_vlkischer-beobachter_1925-08-22_38_122	1925-08-22
per_volkischer-beobachter_vlkischer-beobachter_august-23-24-1925_38_123	1925-08-23
per_volkischer-beobachter_vlkischer-beobachter_1925-08-25_38_124	1925-08-25
per_volkischer-beobachter_vlkischer-beobachter_1925-08-26_38_125	1925-08-26
per_volkischer-beobachter_vlkischer-beobachter_1925-08-27_38_126	1925-08-27
per_volkischer-beobachter_vlkischer-beobachter_1925-08-28_38_127	1925-08-28
per_volkischer-beobachter_vlkischer-beobachter_1925-08-29_38_128	1925-08-29
per_volkischer-beobachter_vlkischer-beobachter_august-30-31-1925_38_129	1925-08-30
per_volkischer-beobachter_vlkischer-beobachter_1925-09-01_38_130	1925-09-01
per_volkischer-beobachter_vlkischer-beobachter_1925-09_38_144a	1925-09-01
per_volkischer-beobachter_vlkischer-beobachter_1925-09-02_38_131	1925-09-02
per_volkischer-beobachter_vlkischer-beobachter_1925-09-03_38_132	1925-09-03
per_volkischer-beobachter_vlkischer-beobachter_1925-09-04_38_133	1925-09-04
per_volkischer-beobachter_vlkischer-beobachter_1925-09-05_38_134	1925-09-05
per_volkischer-beobachter_vlkischer-beobachter_september-06-07-1925_38_135	1925-09-06
per_volkischer-beobachter_vlkischer-beobachter_1925-09-08_38_136	1925-09-08
per_volkischer-beobachter_vlkischer-beobachter_1925-09-09_38_137	1925-09-09
per_volkischer-beobachter_vlkischer-beobachter_1925-09-10_38_138	1925-09-10
per_volkischer-beobachter_vlkischer-beobachter_1925-09-11_38_139	1925-09-11
per_volkischer-beobachter_vlkischer-beobachter_1925-09-12_38_140	1925-09-12
per_volkischer-beobachter_vlkischer-beobachter_september-13-14-1925_38_141	1925-09-13
per_volkischer-beobachter_vlkischer-beobachter_1925-09-15_38_142	1925-09-15
per_volkischer-beobachter_vlkischer-beobachter_1925-09-16_38_143	1925-09-16
per_volkischer-beobachter_vlkischer-beobachter_1925-09-17_38_144	1925-09-17
per_volkischer-beobachter_vlkischer-beobachter_1925-09-18_38_145	1925-09-18
per_volkischer-beobachter_vlkischer-beobachter_1925-09-19_38_146	1925-09-19
per_volkischer-beobachter_vlkischer-beobachter_september-20-21-1925_38_147	1925-09-20
per_volkischer-beobachter_vlkischer-beobachter_1925-09-22_38_148	1925-09-22
per_volkischer-beobachter_vlkischer-beobachter_1925-09-23_38_149	1925-09-23
per_volkischer-beobachter_vlkischer-beobachter_1925-09-24_38_150	1925-09-24
per_volkischer-beobachter_vlkischer-beobachter_1925-09-25_38_151	1925-09-25
per_volkischer-beobachter_vlkischer-beobachter_1925-09-26_38_152	1925-09-26
per_volkischer-beobachter_vlkischer-beobachter_september-27-28-1925_38_153	1925-09-27
per_volkischer-beobachter_vlkischer-beobachter_1925-09-29_38_154	1925-09-29
per_volkischer-beobachter_vlkischer-beobachter_1925-09-30_38_155	1925-09-30
per_volkischer-beobachter_vlkischer-beobachter_1925-10-01_38_156	1925-10-01
per_volkischer-beobachter_vlkischer-beobachter_1925-10-02_38_157	1925-10-02
per_volkischer-beobachter_vlkischer-beobachter_1925-10-03_38_158	1925-10-03
per_volkischer-beobachter_vlkischer-beobachter_october-04-05-1925_38_159	1925-10-04
per_volkischer-beobachter_vlkischer-beobachter_1925-10-06_38_160	1925-10-06
per_volkischer-beobachter_vlkischer-beobachter_1925-10-07_38_161	1925-10-07
per_volkischer-beobachter_vlkischer-beobachter_1925-10-08_38_162	1925-10-08
per_volkischer-beobachter_vlkischer-beobachter_1925-10-09_38_163	1925-10-09
per_volkischer-beobachter_vlkischer-beobachter_1925-10-10_38_164	1925-10-10
per_volkischer-beobachter_vlkischer-beobachter_october-11-12-1925_38_165	1925-10-11
per_volkischer-beobachter_vlkischer-beobachter_1925-10-13_38_166	1925-10-13
per_volkischer-beobachter_vlkischer-beobachter_1925-10-14_38_167	1925-10-14
per_volkischer-beobachter_vlkischer-beobachter_1925-10-15_38_168	1925-10-15
per_volkischer-beobachter_vlkischer-beobachter_1925-10-16_38_169	1925-10-16
per_volkischer-beobachter_vlkischer-beobachter_1925-10-17_38_170	1925-10-17
per_volkischer-beobachter_vlkischer-beobachter_october-18-19-1925_38_171	1925-10-18
per_volkischer-beobachter_vlkischer-beobachter_1925-10-20_38_172	1925-10-20
per_volkischer-beobachter_vlkischer-beobachter_1925-10-21_38_173	1925-10-21
per_volkischer-beobachter_vlkischer-beobachter_1925-10-22_38_174	1925-10-22
per_volkischer-beobachter_vlkischer-beobachter_1925-10-23_38_175	1925-10-23
per_volkischer-beobachter_vlkischer-beobachter_1925-10-24_38_176	1925-10-24
per_volkischer-beobachter_vlkischer-beobachter_october-25-26-1925_38_177	1925-10-25
per_volkischer-beobachter_vlkischer-beobachter_1925-10-27_38_178	1925-10-27
per_volkischer-beobachter_vlkischer-beobachter_1925-10-28_38_179	1925-10-28
per_volkischer-beobachter_vlkischer-beobachter_1925-10-29_38_180	1925-10-29
per_volkischer-beobachter_vlkischer-beobachter_1925-10-30_38_181	1925-10-30
per_volkischer-beobachter_vlkischer-beobachter_1925-10-31_38_182	1925-10-31
per_volkischer-beobachter_vlkischer-beobachter_november-01-02-1925_38_183	1925-11-01
per_volkischer-beobachter_vlkischer-beobachter_1925-11-03_38_184	1925-11-03
per_volkischer-beobachter_vlkischer-beobachter_1925-11-04_38_185	1925-11-04
per_volkischer-beobachter_vlkischer-beobachter_1925-11-05_38_186	1925-11-05
per_volkischer-beobachter_vlkischer-beobachter_1925-11-06_38_187	1925-11-06
per_volkischer-beobachter_vlkischer-beobachter_1925-11-07_38_188	1925-11-07
per_volkischer-beobachter_vlkischer-beobachter_november-08-09-1925_38_189	1925-11-08
per_volkischer-beobachter_vlkischer-beobachter_1925-11-10_38_190	1925-11-10
per_volkischer-beobachter_vlkischer-beobachter_1925-11-11_38_191	1925-11-11
per_volkischer-beobachter_vlkischer-beobachter_1925-11-12_38_192	1925-11-12
per_volkischer-beobachter_vlkischer-beobachter_1925-11-13_38_193	1925-11-13
per_volkischer-beobachter_vlkischer-beobachter_1925-11-14_38_194	1925-11-14
per_volkischer-beobachter_vlkischer-beobachter_november-15-16-1925_38_195	1925-11-15
per_volkischer-beobachter_vlkischer-beobachter_1925-11-17_38_196	1925-11-17
per_volkischer-beobachter_vlkischer-beobachter_1925-11-18_38_197	1925-11-18
per_volkischer-beobachter_vlkischer-beobachter_1925-11-19_38_198	1925-11-19
per_volkischer-beobachter_vlkischer-beobachter_1925-11-20_38_199	1925-11-20
per_volkischer-beobachter_vlkischer-beobachter_1925-11-21_38_200	1925-11-21
per_volkischer-beobachter_vlkischer-beobachter_november-22-23-1925_38_201	1925-11-22
per_volkischer-beobachter_vlkischer-beobachter_1925-11-24_38_202	1925-11-24
per_volkischer-beobachter_vlkischer-beobachter_1925-11-25_38_203	1925-11-25
per_volkischer-beobachter_vlkischer-beobachter_1925-11-26_38_204	1925-11-26
per_volkischer-beobachter_vlkischer-beobachter_1925-11-27_38_205	1925-11-27
per_volkischer-beobachter_vlkischer-beobachter_1925-11-28_38_206	1925-11-28
per_volkischer-beobachter_vlkischer-beobachter_november-29-30-1925_38_207	1925-11-29
per_volkischer-beobachter_vlkischer-beobachter_1925-12-01_38_208	1925-12-01
per_volkischer-beobachter_vlkischer-beobachter_1925-12-02_38_209	1925-12-02
per_volkischer-beobachter_vlkischer-beobachter_1925-12-03_38_210	1925-12-03
per_volkischer-beobachter_vlkischer-beobachter_1925-12-04_38_211	1925-12-04
per_volkischer-beobachter_vlkischer-beobachter_1925-12-05_38_212	1925-12-05
per_volkischer-beobachter_vlkischer-beobachter_december-06-07-1925_38_213	1925-12-06
per_volkischer-beobachter_vlkischer-beobachter_1925-12-08_38_214	1925-12-08
per_volkischer-beobachter_vlkischer-beobachter_1925-12-09_38_215	1925-12-09
per_volkischer-beobachter_vlkischer-beobachter_1925-12-10_38_216	1925-12-10
per_volkischer-beobachter_vlkischer-beobachter_1925-12-11_38_217	1925-12-11
per_volkischer-beobachter_vlkischer-beobachter_1925-12-12_38_218	1925-12-12
per_volkischer-beobachter_vlkischer-beobachter_december-13-14-1925_38_219	1925-12-13
per_volkischer-beobachter_vlkischer-beobachter_1925-12-15_38_220	1925-12-15
per_volkischer-beobachter_vlkischer-beobachter_1925-12-16_38_221	1925-12-16
per_volkischer-beobachter_vlkischer-beobachter_1925-12-17_38_222	1925-12-17
per_volkischer-beobachter_vlkischer-beobachter_1925-12-18_38_223	1925-12-18
per_volkischer-beobachter_vlkischer-beobachter_1925-12-19_38_224	1925-12-19
per_volkischer-beobachter_vlkischer-beobachter_december-20-21-1925_38_225	1925-12-20
per_volkischer-beobachter_vlkischer-beobachter_1925-12-22_38_226	1925-12-22
per_volkischer-beobachter_vlkischer-beobachter_1925-12-23_38_227	1925-12-23
per_volkischer-beobachter_vlkischer-beobachter_1925-12-24_38_228	1925-12-24
per_volkischer-beobachter_vlkischer-beobachter_1925-12-25_38_229	1925-12-25
per_volkischer-beobachter_vlkischer-beobachter_1925-12-29_38_230	1925-12-29
per_volkischer-beobachter_vlkischer-beobachter_1925-12-30_38_231	1925-12-30
per_volkischer-beobachter_vlkischer-beobachter_1925-12-31_38_232	1925-12-31
per_volkischer-beobachter_volkischer-beobachter_january-01-02-1930_43_1	1930-01-01
per_volkischer-beobachter_volkischer-beobachter_1930-01-03_43_2	1930-01-03
per_volkischer-beobachter_volkischer-beobachter_1930-01-04_43_3	1930-01-04
per_volkischer-beobachter_volkischer-beobachter_january-05-07-1930_43_4	1930-01-05
per_volkischer-beobachter_volkischer-beobachter_1930-01-08_43_5	1930-01-08
per_volkischer-beobachter_volkischer-beobachter_1930-01-09_43_6	1930-01-09
per_volkischer-beobachter_volkischer-beobachter_1930-01-10_43_7	1930-01-10
per_volkischer-beobachter_volkischer-beobachter_1930-01-11_43_8	1930-01-11
per_volkischer-beobachter_volkischer-beobachter_january-12-13-1930_43_9	1930-01-12
per_volkischer-beobachter_volkischer-beobachter_1930-01-14_43_10	1930-01-14
per_volkischer-beobachter_volkischer-beobachter_1930-01-15_43_11	1930-01-15
per_volkischer-beobachter_volkischer-beobachter_1930-01-16_43_12	1930-01-16
per_volkischer-beobachter_volkischer-beobachter_1930-01-17_43_13	1930-01-17
per_volkischer-beobachter_volkischer-beobachter_1930-01-18_43_14	1930-01-18
per_volkischer-beobachter_volkischer-beobachter_january-19-20-1930_43_15	1930-01-19
per_volkischer-beobachter_volkischer-beobachter_1930-01-21_43_16	1930-01-21
per_volkischer-beobachter_volkischer-beobachter_1930-01-22_43_17	1930-01-22
per_volkischer-beobachter_volkischer-beobachter_1930-01-23_43_18	1930-01-23
per_volkischer-beobachter_volkischer-beobachter_1930-01-24_43_19	1930-01-24
per_volkischer-beobachter_volkischer-beobachter_1930-01-25_43_20	1930-01-25
per_volkischer-beobachter_volkischer-beobachter_january-26-27-1930_43_21	1930-01-26
per_volkischer-beobachter_volkischer-beobachter_1930-01-28_43_22	1930-01-28
per_volkischer-beobachter_volkischer-beobachter_1930-01-29_43_23	1930-01-29
per_volkischer-beobachter_volkischer-beobachter_1930-01-30_43_24	1930-01-30
per_volkischer-beobachter_volkischer-beobachter_1930-01-31_43_25	1930-01-31
per_volkischer-beobachter_volkischer-beobachter_1930-02-01_43_26	1930-02-01
per_volkischer-beobachter_volkischer-beobachter_february-01-02-1930_44_32-33	1930-02-01
per_volkischer-beobachter_volkischer-beobachter_february-02-03-1930_43_27	1930-02-02
per_volkischer-beobachter_volkischer-beobachter_1930-02-04_43_28	1930-02-04
per_volkischer-beobachter_volkischer-beobachter_1930-02-05_43_29	1930-02-05
per_volkischer-beobachter_volkischer-beobachter_1930-02-06_43_30	1930-02-06
per_volkischer-beobachter_volkischer-beobachter_1930-02-07_43_31	1930-02-07
per_volkischer-beobachter_volkischer-beobachter_1930-02-08_43_32	1930-02-08
per_volkischer-beobachter_volkischer-beobachter_february-09-10-1930_43_33	1930-02-09
per_volkischer-beobachter_volkischer-beobachter_1930-02-11_43_34	1930-02-11
per_volkischer-beobachter_volkischer-beobachter_1930-02-12_43_35	1930-02-12
per_volkischer-beobachter_volkischer-beobachter_1930-02-13_43_36	1930-02-13
per_volkischer-beobachter_volkischer-beobachter_1930-02-14_43_37	1930-02-14
per_volkischer-beobachter_volkischer-beobachter_1930-02-15_43_38	1930-02-15
per_volkischer-beobachter_volkischer-beobachter_february-15-16-1930_44_46-47	1930-02-15
per_volkischer-beobachter_volkischer-beobachter_february-16-17-1930_43_39	1930-02-16
per_volkischer-beobachter_volkischer-beobachter_1930-02-18_43_40	1930-02-18
per_volkischer-beobachter_volkischer-beobachter_1930-02-19_43_41	1930-02-19
per_volkischer-beobachter_volkischer-beobachter_1930-02-20_43_42	1930-02-20
per_volkischer-beobachter_volkischer-beobachter_1930-02-21_43_43	1930-02-21
per_volkischer-beobachter_volkischer-beobachter_1930-02-22_43_44	1930-02-22
per_volkischer-beobachter_volkischer-beobachter_february-22-23-1930_44_53-54	1930-02-22
per_volkischer-beobachter_volkischer-beobachter_february-23-24-1930_43_45	1930-02-23
per_volkischer-beobachter_volkischer-beobachter_1930-02-25_43_46	1930-02-25
per_volkischer-beobachter_volkischer-beobachter_1930-02-26_43_47	1930-02-26
per_volkischer-beobachter_volkischer-beobachter_1930-02-27_43_48	1930-02-27
per_volkischer-beobachter_volkischer-beobachter_1930-02-28_43_49	1930-02-28
per_volkischer-beobachter_volkischer-beobachter_1930-03-01_43_50	1930-03-01
per_volkischer-beobachter_volkischer-beobachter_march-02-03-1930_43_51	1930-03-02
per_volkischer-beobachter_volkischer-beobachter_1930-03-04_43_52	1930-03-04
per_volkischer-beobachter_volkischer-beobachter_1930-03-05_43_53	1930-03-05
per_volkischer-beobachter_volkischer-beobachter_1930-03-06_43_54	1930-03-06
per_volkischer-beobachter_volkischer-beobachter_1930-03-07_43_55	1930-03-07
per_volkischer-beobachter_volkischer-beobachter_1930-03-08_43_56	1930-03-08
per_volkischer-beobachter_volkischer-beobachter_march-09-10-1930_43_57	1930-03-09
per_volkischer-beobachter_volkischer-beobachter_1930-03-11_43_58	1930-03-11
per_volkischer-beobachter_volkischer-beobachter_1930-03-12_43_59	1930-03-12
per_volkischer-beobachter_volkischer-beobachter_1930-03-13_43_60	1930-03-13
per_volkischer-beobachter_volkischer-beobachter_1930-03-14_43_61	1930-03-14
per_volkischer-beobachter_volkischer-beobachter_1930-03-15_43_62	1930-03-15
per_volkischer-beobachter_volkischer-beobachter_march-16-17-1930_43_63	1930-03-16
per_volkischer-beobachter_volkischer-beobachter_1930-03-18_43_64	1930-03-18
per_volkischer-beobachter_volkischer-beobachter_march-19-20-1930_43_65-66	1930-03-19
per_volkischer-beobachter_volkischer-beobachter_1930-03-21_43_67	1930-03-21
per_volkischer-beobachter_volkischer-beobachter_1930-03-22_43_68	1930-03-22
per_volkischer-beobachter_volkischer-beobachter_march-23-24-1930_43_69	1930-03-23
per_volkischer-beobachter_volkischer-beobachter_1930-03-25_43_70	1930-03-25
per_volkischer-beobachter_volkischer-beobachter_1930-03-26_43_71	1930-03-26
per_volkischer-beobachter_volkischer-beobachter_1930-03-27_43_72	1930-03-27
per_volkischer-beobachter_volkischer-beobachter_1930-03-28_43_73	1930-03-28
per_volkischer-beobachter_volkischer-beobachter_1930-03-29_43_74	1930-03-29
per_volkischer-beobachter_volkischer-beobachter_march-30-31-1930_43_75	1930-03-30
per_volkischer-beobachter_volkischer-beobachter_1930-04-01_43_76	1930-04-01
per_volkischer-beobachter_volkischer-beobachter_1930-04-02_43_77	1930-04-02
per_volkischer-beobachter_volkischer-beobachter_1930-04-03_43_78	1930-04-03
per_volkischer-beobachter_volkischer-beobachter_1930-04-04_43_79	1930-04-04
per_volkischer-beobachter_volkischer-beobachter_1930-04-05_43_80	1930-04-05
per_volkischer-beobachter_volkischer-beobachter_april-06-07-1930_43_81	1930-04-06
per_volkischer-beobachter_volkischer-beobachter_1930-04-08_43_82	1930-04-08
per_volkischer-beobachter_volkischer-beobachter_1930-04-09_43_83	1930-04-09
per_volkischer-beobachter_volkischer-beobachter_1930-04-10_43_84	1930-04-10
per_volkischer-beobachter_volkischer-beobachter_1930-04-11_43_85	1930-04-11
per_volkischer-beobachter_volkischer-beobachter_1930-04-12_43_86	1930-04-12
per_volkischer-beobachter_volkischer-beobachter_april-13-14-1930_43_87	1930-04-13
per_volkischer-beobachter_volkischer-beobachter_1930-04-15_43_88	1930-04-15
per_volkischer-beobachter_volkischer-beobachter_1930-04-16_43_89	1930-04-16
per_volkischer-beobachter_volkischer-beobachter_1930-04-17_43_90	1930-04-17
per_volkischer-beobachter_volkischer-beobachter_april-18-19-1930_43_91-92	1930-04-18
per_volkischer-beobachter_volkischer-beobachter_april-20-22-1930_43_93-94	1930-04-20
per_volkischer-beobachter_volkischer-beobachter_1930-04-23_43_95	1930-04-23
per_volkischer-beobachter_volkischer-beobachter_1930-04-24_43_96	1930-04-24
per_volkischer-beobachter_volkischer-beobachter_1930-04-25_43_97	1930-04-25
per_volkischer-beobachter_volkischer-beobachter_1930-04-26_43_98	1930-04-26
per_volkischer-beobachter_volkischer-beobachter_april-27-28-1930_43_99	1930-04-27
per_volkischer-beobachter_volkischer-beobachter_1930-04-29_43_100	1930-04-29
per_volkischer-beobachter_volkischer-beobachter_1930-04-30_43_101	1930-04-30
per_volkischer-beobachter_volkischer-beobachter_1930-05-01_43_102	1930-05-01
per_volkischer-beobachter_volkischer-beobachter_1930-05-02_43_103	1930-05-02
per_volkischer-beobachter_volkischer-beobachter_1930-05-03_43_104	1930-05-03
per_volkischer-beobachter_volkischer-beobachter_may-04-05-1930_43_105	1930-05-04
per_volkischer-beobachter_volkischer-beobachter_1930-05-06_43_106	1930-05-06
per_volkischer-beobachter_volkischer-beobachter_1930-05-07_43_107	1930-05-07
per_volkischer-beobachter_volkischer-beobachter_1930-05-08_43_108	1930-05-08
per_volkischer-beobachter_volkischer-beobachter_1930-05-09_43_109	1930-05-09
per_volkischer-beobachter_volkischer-beobachter_1930-05-10_43_110	1930-05-10
per_volkischer-beobachter_volkischer-beobachter_may-11-12-1930_43_111	1930-05-11
per_volkischer-beobachter_volkischer-beobachter_1930-05-13_43_112	1930-05-13
per_volkischer-beobachter_volkischer-beobachter_1930-05-14_43_113	1930-05-14
per_volkischer-beobachter_volkischer-beobachter_1930-05-15_43_114	1930-05-15
per_volkischer-beobachter_volkischer-beobachter_1930-05-16_43_115	1930-05-16
per_volkischer-beobachter_volkischer-beobachter_1930-05-17_43_116	1930-05-17
per_volkischer-beobachter_volkischer-beobachter_may-18-19-1930_43_117	1930-05-18
per_volkischer-beobachter_volkischer-beobachter_1930-05-20_43_118	1930-05-20
per_volkischer-beobachter_volkischer-beobachter_1930-05-21_43_119	1930-05-21
per_volkischer-beobachter_volkischer-beobachter_1930-05-22_43_120	1930-05-22
per_volkischer-beobachter_volkischer-beobachter_1930-05-23_43_121	1930-05-23
per_volkischer-beobachter_volkischer-beobachter_1930-05-24_43_122	1930-05-24
per_volkischer-beobachter_volkischer-beobachter_may-25-26-1930_43_123	1930-05-25
per_volkischer-beobachter_volkischer-beobachter_1930-05-27_43_124	1930-05-27
per_volkischer-beobachter_volkischer-beobachter_1930-05-28_43_125	1930-05-28
per_volkischer-beobachter_volkischer-beobachter_may-29-30-1930_43_126	1930-05-29
per_volkischer-beobachter_volkischer-beobachter_1930-05-31_43_127	1930-05-31
per_volkischer-beobachter_volkischer-beobachter_june-01-02-1930_43_128	1930-06-01
per_volkischer-beobachter_volkischer-beobachter_1930-06-03_43_129	1930-06-03
per_volkischer-beobachter_volkischer-beobachter_1930-06-04_43_130	1930-06-04
per_volkischer-beobachter_volkischer-beobachter_1930-06-05_43_131	1930-06-05
per_volkischer-beobachter_volkischer-beobachter_1930-06-06_43_132	1930-06-06
per_volkischer-beobachter_volkischer-beobachter_1930-06-07_43_133	1930-06-07
per_volkischer-beobachter_volkischer-beobachter_june-08-10-1930_43_134-136	1930-06-08
per_volkischer-beobachter_volkischer-beobachter_1930-06-11_43_137	1930-06-11
per_volkischer-beobachter_volkischer-beobachter_1930-06-12_43_138	1930-06-12
per_volkischer-beobachter_volkischer-beobachter_1930-06-13_43_139	1930-06-13
per_volkischer-beobachter_volkischer-beobachter_1930-06-14_43_140	1930-06-14
per_volkischer-beobachter_volkischer-beobachter_june-15-16-1930_43_141	1930-06-15
per_volkischer-beobachter_volkischer-beobachter_1930-06-17_43_142	1930-06-17
per_volkischer-beobachter_volkischer-beobachter_1930-06-18_43_143	1930-06-18
per_volkischer-beobachter_volkischer-beobachter_june-19-20-1930_43_144-145	1930-06-19
per_volkischer-beobachter_volkischer-beobachter_1930-06-21_43_146	1930-06-21
per_volkischer-beobachter_volkischer-beobachter_june-22-23-1930_43_147	1930-06-22
per_volkischer-beobachter_volkischer-beobachter_1930-06-24_43_148	1930-06-24
per_volkischer-beobachter_volkischer-beobachter_1930-06-25_43_149	1930-06-25
per_volkischer-beobachter_volkischer-beobachter_1930-06-26_43_150	1930-06-26
per_volkischer-beobachter_volkischer-beobachter_1930-06-27_43_151	1930-06-27
per_volkischer-beobachter_volkischer-beobachter_1930-06-28_43_152	1930-06-28
per_volkischer-beobachter_volkischer-beobachter_june-29-30-1930_43_153	1930-06-29
per_volkischer-beobachter_volkischer-beobachter_1930-07-01_43_154	1930-07-01
per_volkischer-beobachter_volkischer-beobachter_1930-07-02_43_155	1930-07-02
per_volkischer-beobachter_volkischer-beobachter_1930-07-03_43_156	1930-07-03
per_volkischer-beobachter_volkischer-beobachter_1930-07-04_43_157	1930-07-04
per_volkischer-beobachter_volkischer-beobachter_1930-07-05_43_158	1930-07-05
per_volkischer-beobachter_volkischer-beobachter_july-06-07-1930_43_159	1930-07-06
per_volkischer-beobachter_volkischer-beobachter_1930-07-08_43_160	1930-07-08
per_volkischer-beobachter_volkischer-beobachter_1930-07-09_43_161	1930-07-09
per_volkischer-beobachter_volkischer-beobachter_1930-07-10_43_162	1930-07-10
per_volkischer-beobachter_volkischer-beobachter_1930-07-11_43_163	1930-07-11
per_volkischer-beobachter_volkischer-beobachter_1930-07-12_43_164	1930-07-12
per_volkischer-beobachter_volkischer-beobachter_july-13-14-1930_43_165	1930-07-13
per_volkischer-beobachter_volkischer-beobachter_1930-07-15_43_166	1930-07-15
per_volkischer-beobachter_volkischer-beobachter_1930-07-16_43_167	1930-07-16
per_volkischer-beobachter_volkischer-beobachter_1930-07-17_43_168	1930-07-17
per_volkischer-beobachter_volkischer-beobachter_1930-07-18_43_169	1930-07-18
per_volkischer-beobachter_volkischer-beobachter_1930-07-19_43_170	1930-07-19
per_volkischer-beobachter_volkischer-beobachter_1930-07-22_43_172	1930-07-22
per_volkischer-beobachter_volkischer-beobachter_1930-07-24_43_174	1930-07-24
per_volkischer-beobachter_volkischer-beobachter_1930-07-25_43_175	1930-07-25
per_volkischer-beobachter_volkischer-beobachter_1930-07-26_43_176	1930-07-26
per_volkischer-beobachter_volkischer-beobachter_july-27-28-1930_43_177	1930-07-27
per_volkischer-beobachter_volkischer-beobachter_1930-07-29_43_178	1930-07-29
per_volkischer-beobachter_volkischer-beobachter_1930-07-30_43_179	1930-07-30
per_volkischer-beobachter_volkischer-beobachter_1930-07-31_43_180	1930-07-31
per_volkischer-beobachter_volkischer-beobachter_1930-08-01_43_181	1930-08-01
per_volkischer-beobachter_volkischer-beobachter_1930-08-02_43_182	1930-08-02
per_volkischer-beobachter_volkischer-beobachter_august-03-04-1930_43_183	1930-08-03
per_volkischer-beobachter_volkischer-beobachter_1930-08-05_43_184	1930-08-05
per_volkischer-beobachter_volkischer-beobachter_1930-08-06_43_185	1930-08-06
per_volkischer-beobachter_volkischer-beobachter_1930-08-07_43_186	1930-08-07
per_volkischer-beobachter_volkischer-beobachter_1930-08-08_43_187	1930-08-08
per_volkischer-beobachter_volkischer-beobachter_1930-08-09_43_188	1930-08-09
per_volkischer-beobachter_volkischer-beobachter_august-10-11-1930_43_189	1930-08-10
per_volkischer-beobachter_volkischer-beobachter_1930-08-12_43_190	1930-08-12
per_volkischer-beobachter_volkischer-beobachter_august-17-18-1930_43_191-195	1930-08-17
per_volkischer-beobachter_volkischer-beobachter_1930-08-19_43_196	1930-08-19
per_volkischer-beobachter_volkischer-beobachter_1930-08-20_43_197	1930-08-20
per_volkischer-beobachter_volkischer-beobachter_1930-08-21_43_198	1930-08-21
per_volkischer-beobachter_volkischer-beobachter_1930-08-22_43_199	1930-08-22
per_volkischer-beobachter_volkischer-beobachter_1930-08-23_43_200	1930-08-23
per_volkischer-beobachter_volkischer-beobachter_august-24-25-1930_43_201	1930-08-24
per_volkischer-beobachter_volkischer-beobachter_1930-08-26_43_202	1930-08-26
per_volkischer-beobachter_volkischer-beobachter_1930-08-27_43_203	1930-08-27
per_volkischer-beobachter_volkischer-beobachter_1930-08-28_43_204	1930-08-28
per_volkischer-beobachter_volkischer-beobachter_1930-08-29_43_205	1930-08-29
per_volkischer-beobachter_volkischer-beobachter_1930-08-30_43_206	1930-08-30
per_volkischer-beobachter_volkischer-beobachter_1930-08-31_43_207	1930-08-31
per_volkischer-beobachter_volkischer-beobachter_september-01-02-1930_43_208	1930-09-01
per_volkischer-beobachter_volkischer-beobachter_1930-09-03_43_209	1930-09-03
per_volkischer-beobachter_volkischer-beobachter_1930-09-04_43_210	1930-09-04
per_volkischer-beobachter_volkischer-beobachter_1930-09-05_43_211	1930-09-05
per_volkischer-beobachter_volkischer-beobachter_1930-09-06_43_212	1930-09-06
per_volkischer-beobachter_volkischer-beobachter_1930-09-09_43_214	1930-09-09
per_volkischer-beobachter_volkischer-beobachter_1930-09-10_43_215	1930-09-10
per_volkischer-beobachter_volkischer-beobachter_1930-09-11_43_216	1930-09-11
per_volkischer-beobachter_volkischer-beobachter_1930-09-12_43_217	1930-09-12
per_volkischer-beobachter_volkischer-beobachter_1930-09-13_43_218	1930-09-13
per_volkischer-beobachter_volkischer-beobachter_september-14-15-1930_43_219	1930-09-14
per_volkischer-beobachter_volkischer-beobachter_1930-09-16_43_220	1930-09-16
per_volkischer-beobachter_volkischer-beobachter_1930-09-17_43_221	1930-09-17
per_volkischer-beobachter_volkischer-beobachter_1930-09-18_43_222	1930-09-18
per_volkischer-beobachter_volkischer-beobachter_1930-09-19_43_223	1930-09-19
per_volkischer-beobachter_volkischer-beobachter_1930-09-20_43_224	1930-09-20
per_volkischer-beobachter_volkischer-beobachter_september-21-22-1930_43_225	1930-09-21
per_volkischer-beobachter_volkischer-beobachter_1930-09-23_43_226	1930-09-23
per_volkischer-beobachter_volkischer-beobachter_1930-09-24_43_227	1930-09-24
per_volkischer-beobachter_volkischer-beobachter_1930-09-25_43_228	1930-09-25
per_volkischer-beobachter_volkischer-beobachter_1930-09-26_43_229	1930-09-26
per_volkischer-beobachter_volkischer-beobachter_1930-09-27_43_230	1930-09-27
per_volkischer-beobachter_volkischer-beobachter_september-28-29-1930_43_231	1930-09-28
per_volkischer-beobachter_volkischer-beobachter_1930-10-01_43_233	1930-10-01
per_volkischer-beobachter_volkischer-beobachter_1930-10-02_43_234	1930-10-02
per_volkischer-beobachter_volkischer-beobachter_1930-10-03_43_235	1930-10-03
per_volkischer-beobachter_volkischer-beobachter_1930-10-04_43_236	1930-10-04
per_volkischer-beobachter_volkischer-beobachter_october-05-06-1930_43_237	1930-10-05
per_volkischer-beobachter_volkischer-beobachter_1930-10-07_43_238	1930-10-07
per_volkischer-beobachter_volkischer-beobachter_1930-10-08_43_239	1930-10-08
per_volkischer-beobachter_volkischer-beobachter_1930-10-09_43_240	1930-10-09
per_volkischer-beobachter_volkischer-beobachter_1930-10-10_43_241	1930-10-10
per_volkischer-beobachter_volkischer-beobachter_1930-10-11_43_242	1930-10-11
per_volkischer-beobachter_volkischer-beobachter_october-12-13-1930_43_243	1930-10-12
per_volkischer-beobachter_volkischer-beobachter_1930-10-14_43_244	1930-10-14
per_volkischer-beobachter_volkischer-beobachter_1930-10-15_43_245	1930-10-15
per_volkischer-beobachter_volkischer-beobachter_1930-10-16_43_246	1930-10-16
per_volkischer-beobachter_volkischer-beobachter_1930-10-17_43_247	1930-10-17
per_volkischer-beobachter_volkischer-beobachter_1930-10-18_43_248	1930-10-18
per_volkischer-beobachter_volkischer-beobachter_october-19-20-1930_43_249	1930-10-19
per_volkischer-beobachter_volkischer-beobachter_1930-10-21_43_250	1930-10-21
per_volkischer-beobachter_volkischer-beobachter_1930-10-22_43_251	1930-10-22
per_volkischer-beobachter_volkischer-beobachter_1930-10-23_43_252	1930-10-23
per_volkischer-beobachter_volkischer-beobachter_1930-10-24_43_253	1930-10-24
per_volkischer-beobachter_volkischer-beobachter_1930-10-25_43_254	1930-10-25
per_volkischer-beobachter_volkischer-beobachter_october-26-27-1930_43_255	1930-10-26
per_volkischer-beobachter_volkischer-beobachter_1930-10-28_43_256	1930-10-28
per_volkischer-beobachter_volkischer-beobachter_1930-10-29_43_257	1930-10-29
per_volkischer-beobachter_volkischer-beobachter_1930-10-30_43_258	1930-10-30
per_volkischer-beobachter_volkischer-beobachter_november-01-03-1930_43_260-261	1930-11-01
per_volkischer-beobachter_volkischer-beobachter_1930-11-04_43_262	1930-11-04
per_volkischer-beobachter_volkischer-beobachter_1930-11-05_43_263	1930-11-05
per_volkischer-beobachter_volkischer-beobachter_1930-11-06_43_264	1930-11-06
per_volkischer-beobachter_volkischer-beobachter_1930-11-07_43_265	1930-11-07
per_volkischer-beobachter_volkischer-beobachter_1930-11-08_43_266	1930-11-08
per_volkischer-beobachter_volkischer-beobachter_november-09-10-1930_43_267	1930-11-09
per_volkischer-beobachter_volkischer-beobachter_1930-11-11_43_268	1930-11-11
per_volkischer-beobachter_volkischer-beobachter_1930-11-12_43_269	1930-11-12
per_volkischer-beobachter_volkischer-beobachter_1930-11-13_43_270	1930-11-13
per_volkischer-beobachter_volkischer-beobachter_1930-11-14_43_271	1930-11-14
per_volkischer-beobachter_volkischer-beobachter_1930-11-15_43_272	1930-11-15
per_volkischer-beobachter_volkischer-beobachter_november-16-17-1930_43_273	1930-11-16
per_volkischer-beobachter_volkischer-beobachter_1930-11-18_43_274	1930-11-18
per_volkischer-beobachter_volkischer-beobachter_1930-11-19_43_275	1930-11-19
per_volkischer-beobachter_volkischer-beobachter_1930-11-20_43_276	1930-11-20
per_volkischer-beobachter_volkischer-beobachter_1930-11-21_43_277	1930-11-21
per_volkischer-beobachter_volkischer-beobachter_1930-11-22_43_278	1930-11-22
per_volkischer-beobachter_volkischer-beobachter_november-23-24-1930_43_279	1930-11-23
per_volkischer-beobachter_volkischer-beobachter_1930-11-25_43_280	1930-11-25
per_volkischer-beobachter_volkischer-beobachter_1930-11-26_43_281	1930-11-26
per_volkischer-beobachter_volkischer-beobachter_1930-11-27_43_282	1930-11-27
per_volkischer-beobachter_volkischer-beobachter_1930-11-28_43_283	1930-11-28
per_volkischer-beobachter_volkischer-beobachter_1930-11-29_43_284	1930-11-29
per_volkischer-beobachter_volkischer-beobachter_1930-11-30_43_285	1930-11-30
per_volkischer-beobachter_volkischer-beobachter_december-01-02-1930_43_286	1930-12-01
per_volkischer-beobachter_volkischer-beobachter_1930-12-03_43_287	1930-12-03
per_volkischer-beobachter_volkischer-beobachter_1930-12-04_43_288	1930-12-04
per_volkischer-beobachter_volkischer-beobachter_1930-12-05_43_289	1930-12-05
per_volkischer-beobachter_volkischer-beobachter_1930-12-06_43_290	1930-12-06
per_volkischer-beobachter_volkischer-beobachter_december-07-08-1930_43_291	1930-12-07
per_volkischer-beobachter_volkischer-beobachter_1930-12-09_43_292	1930-12-09
per_volkischer-beobachter_volkischer-beobachter_1930-12-10_43_293	1930-12-10
per_volkischer-beobachter_volkischer-beobachter_1930-12-11_43_294	1930-12-11
per_volkischer-beobachter_volkischer-beobachter_1930-12-12_43_295	1930-12-12
per_volkischer-beobachter_volkischer-beobachter_december-14-15-1930_43_297	1930-12-14
per_volkischer-beobachter_volkischer-beobachter_1930-12-16_43_298	1930-12-16
per_volkischer-beobachter_volkischer-beobachter_1930-12-17_43_299	1930-12-17
per_volkischer-beobachter_volkischer-beobachter_1930-12-18_43_300	1930-12-18
per_volkischer-beobachter_volkischer-beobachter_1930-12-19_43_301	1930-12-19
per_volkischer-beobachter_volkischer-beobachter_1930-12-20_43_302	1930-12-20
per_volkischer-beobachter_volkischer-beobachter_december-21-22-1930_43_303	1930-12-21
per_volkischer-beobachter_volkischer-beobachter_1930-12-23_43_304	1930-12-23
per_volkischer-beobachter_volkischer-beobachter_1930-12-24_43_305	1930-12-24
per_volkischer-beobachter_volkischer-beobachter_december-25-27-1930_43_306	1930-12-25
per_volkischer-beobachter_volkischer-beobachter_1930-12-30_43_306	1930-12-30
per_volkischer-beobachter_volkischer-beobachter_1930-12-31_43_307	1930-12-31
